implementation	class	kind	selector	types
0x001e0808	AVAudioPlayer	instance	initWithContentsOfURL:error:	@16@0:4@8^@12
0x001e0d64	AVAudioPlayer	instance	initWithData:error:	@16@0:4@8^@12
0x001e1108	AVAudioPlayer	instance	dealloc	v8@0:4
0x001e1294	AVAudioPlayer	instance	_abstract_complete:	v12@0:4i8
0x001e1458	AVAudioPlayer	instance	prepareToPlay	c8@0:4
0x001e1518	AVAudioPlayer	instance	play	c8@0:4
0x001e166c	AVAudioPlayer	instance	playAtTime:	c16@0:4d8
0x001e1754	AVAudioPlayer	instance	pause	v8@0:4
0x001e1894	AVAudioPlayer	instance	stop	v8@0:4
0x001e19d4	AVAudioPlayer	instance	duration	d8@0:4
0x001e1a34	AVAudioPlayer	instance	updateMeters	v8@0:4
0x001e1a48	AVAudioPlayer	instance	peakPowerForChannel:	f12@0:4I8
0x001e1a74	AVAudioPlayer	instance	averagePowerForChannel:	f12@0:4I8
0x001e1aa0	AVAudioPlayer	instance	_updateVolume	v8@0:4
0x001e1c80	AVAudioPlayer	instance	setPan:	v12@0:4f8
0x001e1e04	AVAudioPlayer	instance	pan	f8@0:4
0x001e1e40	AVAudioPlayer	instance	setVolume:	v12@0:4f8
0x001e1fbc	AVAudioPlayer	instance	volume	f8@0:4
0x001e1ff8	AVAudioPlayer	instance	setEnableRate:	v12@0:4c8
0x001e20e8	AVAudioPlayer	instance	enableRate	c8@0:4
0x001e2124	AVAudioPlayer	instance	setRate:	v12@0:4f8
0x001e2140	AVAudioPlayer	instance	rate	f8@0:4
0x001e217c	AVAudioPlayer	instance	setCurrentTime:	v16@0:4d8
0x001e2264	AVAudioPlayer	instance	currentTime	d8@0:4
0x001e2358	AVAudioPlayer	instance	deviceCurrentTime	d8@0:4
0x001e2428	AVAudioPlayer	instance	setNumberOfLoops:	v12@0:4i8
0x001e2590	AVAudioPlayer	instance	numberOfLoops	i8@0:4
0x001e25cc	AVAudioPlayer	instance	isPlaying	c8@0:4
0x001e2608	AVAudioPlayer	instance	numberOfChannels	I8@0:4
0x001e2640	AVAudioPlayer	instance	delegate	@8@0:4
0x001e2680	AVAudioPlayer	instance	setDelegate:	v12@0:4@8
0x001e26c0	AVAudioPlayer	instance	url	@8@0:4
0x001e2700	AVAudioPlayer	instance	data	@8@0:4
0x001e2740	AVAudioPlayer	instance	settings	@8@0:4
0x001e2780	AVAudioPlayer	instance	isMeteringEnabled	c8@0:4
0x001e27bc	AVAudioPlayer	instance	setMeteringEnabled:	v12@0:4c8
0x001e27fc	AVAudioPlayer	instance	channelAssignments	@8@0:4
0x001e2830	AVAudioPlayer	instance	setChannelAssignments:	v12@0:4@8
0x001e287c	AudioServicesSystemSoundPlayer	instance	initWithContentsOfURL:error:	@16@0:4@8^@12
0x001e29cc	AudioServicesSystemSoundPlayer	instance	audioPlayerDidFinishPlaying:successfully:	v16@0:4@8c12
0x001e2bb4	AudioServicesSystemSoundPlayer	instance	setCallback:withClientData:withRunLoop:withRunLoopMode:	v24@0:4^?8^v12^{__CFRunLoop=}16^{__CFString=}20
0x001e2ca0	AVAudioSession	class	sharedInstance	@8@0:4
0x001e2db0	AVAudioSession	instance	init	@8@0:4
0x001e3024	AVAudioSession	instance	retainCount	I8@0:4
0x001e3040	AVAudioSession	instance	release	Vv8@0:4
0x001e3054	AVAudioSession	instance	retain	@8@0:4
0x001e306c	AVAudioSession	instance	dealloc	v8@0:4
0x001e3080	AVAudioSession	instance	setActive:error:	c16@0:4c8^@12
0x001e3140	AVAudioSession	instance	setMode:error:	c16@0:4@8^@12
0x001e3180	AVAudioSession	instance	setCategory:error:	c16@0:4@8^@12
0x001e31f8	AVAudioSession	instance	setCategory:withOptions:error:	c20@0:4@8I12^@16
0x001e3588	AVAudioSession	instance	setPreferredHardwareSampleRate:error:	c20@0:4d8^@16
0x001e3604	AVAudioSession	instance	setPreferredSampleRate:error:	c20@0:4d8^@16
0x001e3680	AVAudioSession	instance	setActive:withFlags:error:	c20@0:4c8i12^@16
0x001e373c	AVAudioSession	instance	setPreferredIOBufferDuration:error:	c20@0:4d8^@16
0x001e3784	AVAudioSession	instance	inputIsAvailable	c8@0:4
0x001e37d4	AVAudioSession	instance	isInputAvailable	c8@0:4
0x001e3834	AVAudioSession	instance	isOtherAudioPlaying	c8@0:4
0x001e3894	AVAudioSession	instance	_beginInterruption	v8@0:4
0x001e38f8	AVAudioSession	instance	_endInterruption	v8@0:4
0x001e395c	AVAudioSession	instance	_endInterruptionWithFlags:	v12@0:4I8
0x001e39c8	AVAudioSession	instance	_inputIsAvailableChanged:	v12@0:4c8
0x001e3a44	AVAudioSession	instance	mode	@8@0:4
0x001e3a80	AVAudioSession	instance	category	@8@0:4
0x001e3abc	AVAudioSession	instance	delegate	@8@0:4
0x001e3af8	AVAudioSession	instance	setDelegate:	v12@0:4@8
0x001e3b3c	AVAudioSession	instance	preferredHardwareSampleRate	d8@0:4
0x001e3b78	AVAudioSession	instance	preferredIOBufferDuration	d8@0:4
0x001e3bb4	AVAudioSession	instance	currentHardwareSampleRate	d8@0:4
0x001e3bf0	AVAudioSession	instance	currentHardwareInputNumberOfChannels	i8@0:4
0x001e3c2c	AVAudioSession	instance	currentHardwareOutputNumberOfChannels	i8@0:4
0x001e3c68	AVAudioSession	instance	sampleRate	d8@0:4
0x001e3cc8	AVAudioSession	instance	inputNumberOfChannels	i8@0:4
0x001e3d00	AVAudioSession	instance	outputNumberOfChannels	i8@0:4
0x001e3d38	AVAudioSession	instance	IOBufferDuration	d8@0:4
0x001e3d98	AVAudioSession	instance	categoryOptions	I8@0:4
0x001e3dd0	AVAudioSession	instance	currentRoute	@8@0:4
0x001e3e10	AVAudioSession	instance	inputDataSource	@8@0:4
0x001e3e50	AVAudioRecorder	instance	isRecording	c8@0:4
0x001e3e8c	AVAudioRecorder	instance	url	@8@0:4
0x001e3ec8	AVAudioRecorder	instance	settings	@8@0:4
0x001e3f04	AVAudioRecorder	instance	delegate	@8@0:4
0x001e3f40	AVAudioRecorder	instance	setDelegate:	v12@0:4@8
0x001e3f84	AVAudioRecorder	instance	currentTime	d8@0:4
0x001e3fc0	AVAudioRecorder	instance	isMeteringEnabled	c8@0:4
0x001e3ffc	AVAudioRecorder	instance	setMeteringEnabled:	v12@0:4c8
0x001e4100	AVPlayer	class	playerWithURL:	@12@0:4@8
0x001e4120	AVPlayer	class	playerWithPlayerItem:	@12@0:4@8
0x001e4140	AVPlayer	instance	initWithURL:	@12@0:4@8
0x001e419c	AVPlayer	instance	initWithPlayerItem:	@12@0:4@8
0x001e41f8	AVPlayer	instance	play	v8@0:4
0x001e420c	AVPlayer	instance	pause	v8@0:4
0x001e4220	AVPlayer	instance	replaceCurrentItemWithPlayerItem:	v12@0:4@8
0x001e4238	AVPlayer	instance	currentTime	{?=qiIq}8@0:4
0x001e427c	AVPlayer	instance	seekToDate:	v12@0:4@8
0x001e4294	AVPlayer	instance	seekToDate:completionHandler:	v16@0:4@8@?12
0x001e42b0	AVPlayer	instance	seekToTime:	v32@0:4{?=qiIq}8
0x001e42f0	AVPlayer	instance	seekToTime:toleranceBefore:toleranceAfter:	v80@0:4{?=qiIq}8{?=qiIq}32{?=qiIq}56
0x001e43d0	AVPlayer	instance	seekToTime:completionHandler:	v36@0:4{?=qiIq}8@?32
0x001e4418	AVPlayer	instance	seekToTime:toleranceBefore:toleranceAfter:completionHandler:	v84@0:4{?=qiIq}8{?=qiIq}32{?=qiIq}56@?80
0x001e4508	AVPlayer	instance	addPeriodicTimeObserverForInterval:queue:usingBlock:	@40@0:4{?=qiIq}8@32@?36
0x001e4560	AVPlayer	instance	addBoundaryTimeObserverForTimes:queue:usingBlock:	@20@0:4@8@12@?16
0x001e4590	AVPlayer	instance	removeTimeObserver:	v12@0:4@8
0x001e45a8	AVPlayer	instance	status	i8@0:4
0x001e45e4	AVPlayer	instance	error	@8@0:4
0x001e4620	AVPlayer	instance	rate	f8@0:4
0x001e465c	AVPlayer	instance	setRate:	v12@0:4f8
0x001e46a4	AVPlayer	instance	currentItem	@8@0:4
0x001e46e0	AVPlayer	instance	actionAtItemEnd	i8@0:4
0x001e471c	AVPlayer	instance	setActionAtItemEnd:	v12@0:4i8
0x001e4760	AVQueuePlayer	class	queuePlayerWithItems:	@12@0:4@8
0x001e4780	AVQueuePlayer	instance	initWithItems:	@12@0:4@8
0x001e47dc	AVQueuePlayer	instance	items	@8@0:4
0x001e47f8	AVQueuePlayer	instance	advanceToNextItem	v8@0:4
0x001e480c	AVQueuePlayer	instance	canInsertItem:afterItem:	c16@0:4@8@12
0x001e4830	AVQueuePlayer	instance	insertItem:afterItem:	v16@0:4@8@12
0x001e484c	AVQueuePlayer	instance	removeItem:	v12@0:4@8
0x001e4864	AVQueuePlayer	instance	removeAllItems	v8@0:4
0x001e48a8	AVAsset	class	assetWithURL:	@12@0:4@8
0x001e4930	AVAsset	instance	initWithURL:	@12@0:4@8
0x001e4a14	AVAsset	instance	dealloc	v8@0:4
0x001e4ad8	AVAsset	instance	duration	{?=qiIq}8@0:4
0x001e4b24	AVAsset	instance	preferredRate	f8@0:4
0x001e4b60	AVAsset	instance	preferredVolume	f8@0:4
0x001e4b9c	AVAsset	instance	preferredTransform	{CGAffineTransform=ffffff}8@0:4
0x001e4be8	AVAsset	instance	naturalSize	{CGSize=ff}8@0:4
0x001e4c30	AVURLAsset	class	URLAssetWithURL:options:	@16@0:4@8@12
0x001e4cc0	AVURLAsset	instance	initWithURL:options:	@16@0:4@8@12
0x001e4da8	AVURLAsset	instance	dealloc	v8@0:4
0x001e4e6c	AVURLAsset	instance	URL	@8@0:4
0x001e4ed0	AVAssetReader	instance	initWithAsset:error:	@16@0:4@8^@12
0x001e5090	AVAssetReader	instance	dealloc	v8@0:4
0x001e5154	AVAssetReader	instance	status	i8@0:4
0x001e518c	AVAssetReader	instance	asset	@8@0:4
0x001e51c8	AVAssetReader	instance	error	@8@0:4
0x001e5208	AVAssetReader	instance	timeRange	{?={?=qiIq}{?=qiIq}}8@0:4
0x001e5254	AVAssetReader	instance	setTimeRange:	v56@0:4{?={?=qiIq}{?=qiIq}}8
0x001e5330	AVAssetReader	instance	outputs	@8@0:4
0x001e6fb0	ASIdentifierManager	class	sharedManager	@8@0:4
0x001e70c0	ASIdentifierManager	instance	init	@8@0:4
0x001e75ac	ASIdentifierManager	instance	advertisingIdentifier	@8@0:4
0x001e75e8	ASIdentifierManager	instance	isAdvertisingTrackingEnabled	c8@0:4
0x001e7654	CIColor	class	colorWithCGColor:	@12@0:4^{__CGColor=}8
0x001e76f4	CIColor	class	colorWithRed:green:blue:alpha:	@24@0:4f8f12f16f20
0x001e7804	CIColor	class	colorWithRed:green:blue:	@20@0:4f8f12f16
0x001e7918	CIColor	class	colorWithString:	@12@0:4@8
0x001e7938	CIColor	instance	initWithCGColor:	@12@0:4^{__CGColor=}8
0x001e79f4	CIColor	instance	dealloc	v8@0:4
0x001e7a90	CIColor	instance	numberOfComponents	L8@0:4
0x001e7b3c	CIColor	instance	components	r^f8@0:4
0x001e7bec	CIColor	instance	alpha	f8@0:4
0x001e7c34	CIColor	instance	colorSpace	^{__CGColorSpace=}8@0:4
0x001e7c9c	CIColor	instance	_componentAtIndex:	f12@0:4I8
0x001e7d94	CIColor	instance	red	f8@0:4
0x001e7ddc	CIColor	instance	green	f8@0:4
0x001e7e24	CIColor	instance	blue	f8@0:4
0x001e7e6c	CIColor	instance	stringRepresentation	@8@0:4
0x001e801c	CLGeocoder	instance	isGeocoding	c8@0:4
0x001e8094	CLGeocoder	instance	reverseGeocodeLocation:completionHandler:	v16@0:4@8@?12
0x001e8104	CLGeocoder	instance	geocodeAddressDictionary:completionHandler:	v16@0:4@8@?12
0x001e8174	CLGeocoder	instance	geocodeAddressString:completionHandler:	v16@0:4@8@?12
0x001e81e4	CLGeocoder	instance	geocodeAddressString:inRegion:completionHandler:	v20@0:4@8@12@?16
0x001e825c	CLGeocoder	instance	cancelGeocode	v8@0:4
0x001e82f8	CLHeading	instance	initWithCoder:	@12@0:4@8
0x001e8368	CLHeading	instance	encodeWithCoder:	v12@0:4@8
0x001e83d0	CLHeading	instance	description	@8@0:4
0x001e8458	CLHeading	instance	magneticHeading	d8@0:4
0x001e8494	CLHeading	instance	trueHeading	d8@0:4
0x001e84d0	CLHeading	instance	headingAccuracy	d8@0:4
0x001e850c	CLHeading	instance	x	d8@0:4
0x001e8548	CLHeading	instance	y	d8@0:4
0x001e8584	CLHeading	instance	z	d8@0:4
0x001e85c0	CLHeading	instance	timestamp	@8@0:4
0x001e8704	CLLocation	instance	initWithCoder:	@12@0:4@8
0x001e8774	CLLocation	instance	encodeWithCoder:	v12@0:4@8
0x001e87dc	CLLocation	instance	initWithLatitude:longitude:	@24@0:4d8d16
0x001e88c8	CLLocation	instance	initWithCoordinate:altitude:horizontalAccuracy:verticalAccuracy:timestamp:	@52@0:4{?=dd}8d24d32d40@48
0x001e8990	CLLocation	instance	initWithCoordinate:altitude:horizontalAccuracy:verticalAccuracy:course:speed:timestamp:	@68@0:4{?=dd}8d24d32d40d48d56@64
0x001e8b90	CLLocation	instance	dealloc	v8@0:4
0x001e8c54	CLLocation	instance	description	@8@0:4
0x001e8e90	CLLocation	instance	getDistanceFrom:	d12@0:4@8
0x001e8ed8	CLLocation	instance	distanceFromLocation:	d12@0:4@8
0x001e9874	CLLocation	instance	coordinate	{?=dd}8@0:4
0x001e98cc	CLLocation	instance	altitude	d8@0:4
0x001e9908	CLLocation	instance	horizontalAccuracy	d8@0:4
0x001e9944	CLLocation	instance	verticalAccuracy	d8@0:4
0x001e9980	CLLocation	instance	course	d8@0:4
0x001e99bc	CLLocation	instance	speed	d8@0:4
0x001e99f8	CLLocation	instance	timestamp	@8@0:4
0x001e9a64	CLPlacemark	instance	dealloc	v8@0:4
0x001e9b28	CLPlacemark	instance	initWithCoder:	@12@0:4@8
0x001e9b98	CLPlacemark	instance	encodeWithCoder:	v12@0:4@8
0x001e9c00	CLPlacemark	instance	initWithPlacemark:	@12@0:4@8
0x001e9c70	CLPlacemark	instance	initWithDictionary:	@12@0:4@8
0x001e9d94	CLPlacemark	instance	location	@8@0:4
0x001e9dd0	CLPlacemark	instance	region	@8@0:4
0x001e9e0c	CLPlacemark	instance	addressDictionary	@8@0:4
0x001e9e48	CLPlacemark	instance	name	@8@0:4
0x001e9e84	CLPlacemark	instance	thoroughfare	@8@0:4
0x001e9ec0	CLPlacemark	instance	subThoroughfare	@8@0:4
0x001e9efc	CLPlacemark	instance	locality	@8@0:4
0x001e9f38	CLPlacemark	instance	subLocality	@8@0:4
0x001e9f74	CLPlacemark	instance	administrativeArea	@8@0:4
0x001e9fb0	CLPlacemark	instance	subAdministrativeArea	@8@0:4
0x001e9fec	CLPlacemark	instance	postalCode	@8@0:4
0x001ea028	CLPlacemark	instance	ISOcountryCode	@8@0:4
0x001ea064	CLPlacemark	instance	country	@8@0:4
0x001ea0a0	CLPlacemark	instance	inlandWater	@8@0:4
0x001ea0dc	CLPlacemark	instance	ocean	@8@0:4
0x001ea118	CLPlacemark	instance	areasOfInterest	@8@0:4
0x001ea184	CLRegion	instance	initWithCoder:	@12@0:4@8
0x001ea1f4	CLRegion	instance	encodeWithCoder:	v12@0:4@8
0x001ea25c	CLRegion	instance	initCircularRegionWithCenter:radius:identifier:	@36@0:4{?=dd}8d24@32
0x001ea2f4	CLRegion	instance	containsCoordinate:	c24@0:4{?=dd}8
0x001ea380	CLRegion	instance	center	{?=dd}8@0:4
0x001ea3d8	CLRegion	instance	radius	d8@0:4
0x001ea414	CLRegion	instance	identifier	@8@0:4
0x001ea480	CLLocationManager	instance	init	@8@0:4
0x001ea56c	CLLocationManager	instance	dealloc	v8@0:4
0x001ea704	CLLocationManager	class	locationServicesEnabled	c8@0:4
0x001ea7c8	CLLocationManager	class	significantLocationChangeMonitoringAvailable	c8@0:4
0x001ea820	CLLocationManager	class	authorizationStatus	i8@0:4
0x001ea83c	CLLocationManager	instance	locationServicesEnabled	c8@0:4
0x001ea898	CLLocationManager	instance	location	@8@0:4
0x001ea8e4	CLLocationManager	instance	startUpdatingLocation	v8@0:4
0x001ea938	CLLocationManager	instance	stopUpdatingLocation	v8@0:4
0x001ea98c	CLLocationManager	instance	startMonitoringSignificantLocationChanges	v8@0:4
0x001ea9e0	CLLocationManager	instance	stopMonitoringSignificantLocationChanges	v8@0:4
0x001eaa34	CLLocationManager	instance	locationDidChange:	v12@0:4@8
0x001eb02c	CLLocationManager	instance	providerDidDisable:	v12@0:4@8
0x001eb044	CLLocationManager	instance	providerDidEnable:	v12@0:4@8
0x001eb05c	CLLocationManager	instance	provider:didChangeStatus:	v16@0:4@8i12
0x001eb078	CLLocationManager	class	regionMonitoringAvailable	c8@0:4
0x001eb094	CLLocationManager	class	regionMonitoringEnabled	c8@0:4
0x001eb0b0	CLLocationManager	instance	maximumRegionMonitoringDistance	d8@0:4
0x001eb0dc	CLLocationManager	instance	monitoredRegions	@8@0:4
0x001eb0f8	CLLocationManager	instance	startMonitoringForRegion:desiredAccuracy:	v20@0:4@8d12
0x001eb118	CLLocationManager	instance	stopMonitoringForRegion:	v12@0:4@8
0x001eb130	CLLocationManager	instance	startMonitoringForRegion:	v12@0:4@8
0x001eb148	CLLocationManager	class	headingAvailable	c8@0:4
0x001eb164	CLLocationManager	instance	headingAvailable	c8@0:4
0x001eb1c0	CLLocationManager	instance	heading	@8@0:4
0x001eb1dc	CLLocationManager	instance	startUpdatingHeading	v8@0:4
0x001eb1f0	CLLocationManager	instance	stopUpdatingHeading	v8@0:4
0x001eb204	CLLocationManager	instance	dismissHeadingCalibrationDisplay	v8@0:4
0x001eb218	CLLocationManager	class	_nameForProvider:	@12@0:4i8
0x001eb2dc	CLLocationManager	class	_isProviderEnabled:	c12@0:4i8
0x001eb404	CLLocationManager	instance	_listenerForProvider:	@12@0:4i8
0x001eb5c8	CLLocationManager	instance	_startListeningProvider:	v12@0:4i8
0x001eb8f8	CLLocationManager	instance	_stopListeningProvider:	v12@0:4i8
0x001ebaa0	CLLocationManager	instance	delegate	@8@0:4
0x001ebadc	CLLocationManager	instance	setDelegate:	v12@0:4@8
0x001ebb20	CLLocationManager	instance	distanceFilter	d8@0:4
0x001ebb5c	CLLocationManager	instance	setDistanceFilter:	v16@0:4d8
0x001ebba4	CLLocationManager	instance	desiredAccuracy	d8@0:4
0x001ebbe0	CLLocationManager	instance	setDesiredAccuracy:	v16@0:4d8
0x001ebc28	CLLocationManager	instance	purpose	@8@0:4
0x001ebc5c	CLLocationManager	instance	setPurpose:	v12@0:4@8
0x001ebca8	CLLocationManager	instance	_lastLocation	@8@0:4
0x001ebce4	CLLocationManager	instance	set_lastLocation:	v12@0:4@8
0x001ebd30	CLLocationManager	instance	headingFilter	d8@0:4
0x001ebd6c	CLLocationManager	instance	setHeadingFilter:	v16@0:4d8
0x001ebdb4	CLLocationManager	instance	headingOrientation	i8@0:4
0x001ebdf0	CLLocationManager	instance	setHeadingOrientation:	v12@0:4i8
0x001ec19c	CMAccelerometerData	instance	initWithAcceleration:timestamp:	@40@0:4{?=ddd}8d32
0x001ec2b8	CMAccelerometerData	instance	_update:	v32@0:4{?=ddd}8
0x001ec4a0	CMAccelerometerData	instance	copyWithZone:	@12@0:4^{_NSZone=}8
0x001ec5f8	CMAccelerometerData	instance	initWithCoder:	@12@0:4@8
0x001ec77c	CMAccelerometerData	instance	encodeWithCoder:	v12@0:4@8
0x001ec898	CMAccelerometerData	instance	description	@8@0:4
0x001eca00	CMAccelerometerData	instance	acceleration	{?=ddd}8@0:4
0x001eca7c	CMAttitude	instance	initWithQuaternion:	@40@0:4{?=dddd}8
0x001ecb90	CMAttitude	instance	initWithRotationMatrix:	@80@0:4{?=ddddddddd}8
0x001ed13c	CMAttitude	instance	roll	d8@0:4
0x001ed1c8	CMAttitude	instance	pitch	d8@0:4
0x001ed254	CMAttitude	instance	yaw	d8@0:4
0x001ed2c4	CMAttitude	instance	quaternion	{?=dddd}8@0:4
0x001ed310	CMAttitude	instance	rotationMatrix	{?=ddddddddd}8@0:4
0x001ed574	CMAttitude	instance	multiplyByInverseOfAttitude:	v12@0:4@8
0x001ed974	CMAttitude	instance	copy	@8@0:4
0x001ed9c8	CMAttitude	instance	copyWithZone:	@12@0:4^{_NSZone=}8
0x001eda7c	CMAttitude	instance	initWithCoder:	@12@0:4@8
0x001edc3c	CMAttitude	instance	encodeWithCoder:	v12@0:4@8
0x001edd9c	CMAttitude	instance	description	@8@0:4
0x001ee0b0	CMDeviceMotion	instance	init	@8@0:4
0x001ee164	CMDeviceMotion	instance	dealloc	v8@0:4
0x001ee24c	CMDeviceMotion	instance	_updateAcceleration:	v32@0:4{?=ddd}8
0x001ee3e4	CMDeviceMotion	instance	_updateMagneticField:	v32@0:4{?=ddd}8
0x001ee57c	CMDeviceMotion	instance	_updateGravity:	v32@0:4{?=ddd}8
0x001ee714	CMDeviceMotion	instance	_updateOrientation:	v32@0:4{?=ddd}8
0x001ee830	CMDeviceMotion	instance	_updateAttitude:	v12@0:4@8
0x001ee9f8	CMDeviceMotion	instance	attitude	@8@0:4
0x001eea34	CMDeviceMotion	instance	gravity	{?=ddd}8@0:4
0x001eea80	CMDeviceMotion	instance	rotationRate	{?=ddd}8@0:4
0x001eeacc	CMDeviceMotion	instance	userAcceleration	{?=ddd}8@0:4
0x001eeb18	CMDeviceMotion	instance	magneticField	{?={?=ddd}i}8@0:4
0x001eebc4	CMGyroData	instance	initWithRotationRate:timestamp:	@40@0:4{?=ddd}8d32
0x001eece0	CMGyroData	instance	_update:	v32@0:4{?=ddd}8
0x001eeec8	CMGyroData	instance	copyWithZone:	@12@0:4^{_NSZone=}8
0x001ef020	CMGyroData	instance	initWithCoder:	@12@0:4@8
0x001ef1a4	CMGyroData	instance	encodeWithCoder:	v12@0:4@8
0x001ef2c0	CMGyroData	instance	rotationRate	{?=ddd}8@0:4
0x001ef33c	CMLogItem	instance	init	@8@0:4
0x001ef454	CMLogItem	instance	initWithTimestamp:	@16@0:4d8
0x001ef510	CMLogItem	instance	_update	v8@0:4
0x001ef648	CMLogItem	instance	copyWithZone:	@12@0:4^{_NSZone=}8
0x001ef6b0	CMLogItem	instance	initWithCoder:	@12@0:4@8
0x001ef7a8	CMLogItem	instance	encodeWithCoder:	v12@0:4@8
0x001ef828	CMLogItem	instance	timestamp	d8@0:4
0x001ef894	CMMagnetometerData	instance	initWithField:timestamp:	@40@0:4{?=ddd}8d32
0x001ef9b0	CMMagnetometerData	instance	_update:	v32@0:4{?=ddd}8
0x001efb98	CMMagnetometerData	instance	copyWithZone:	@12@0:4^{_NSZone=}8
0x001efcf0	CMMagnetometerData	instance	initWithCoder:	@12@0:4@8
0x001efe74	CMMagnetometerData	instance	encodeWithCoder:	v12@0:4@8
0x001eff90	CMMagnetometerData	instance	magneticField	{?=ddd}8@0:4
0x001f000c	CMMotionManager	instance	init	@8@0:4
0x001f00d0	CMMotionManager	instance	dealloc	v8@0:4
0x001f0224	CMMotionManager	instance	setAccelerometerUpdateInterval:	v16@0:4d8
0x001f034c	CMMotionManager	instance	accelerometerUpdateInterval	d8@0:4
0x001f0388	CMMotionManager	instance	isAccelerometerAvailable	c8@0:4
0x001f03d8	CMMotionManager	instance	isAccelerometerActive	c8@0:4
0x001f0414	CMMotionManager	instance	accelerometerData	@8@0:4
0x001f04ac	CMMotionManager	instance	_accelerometerUpdate:	v12@0:4@8
0x001f0850	CMMotionManager	instance	setGyroUpdateInterval:	v16@0:4d8
0x001f0978	CMMotionManager	instance	gyroUpdateInterval	d8@0:4
0x001f09b4	CMMotionManager	instance	isGyroAvailable	c8@0:4
0x001f0a04	CMMotionManager	instance	isGyroActive	c8@0:4
0x001f0a40	CMMotionManager	instance	gyroData	@8@0:4
0x001f0b2c	CMMotionManager	instance	_gyroUpdate:	v12@0:4@8
0x001f0e64	CMMotionManager	instance	setMagnetometerUpdateInterval:	v16@0:4d8
0x001f0f8c	CMMotionManager	instance	magnetometerUpdateInterval	d8@0:4
0x001f0fc8	CMMotionManager	instance	isMagnetometerAvailable	c8@0:4
0x001f1018	CMMotionManager	instance	isMagnetometerActive	c8@0:4
0x001f1054	CMMotionManager	instance	magnetometerData	@8@0:4
0x001f1140	CMMotionManager	instance	_magnetometerUpdate:	v12@0:4@8
0x001f1474	CMMotionManager	instance	setDeviceMotionUpdateInterval:	v16@0:4d8
0x001f159c	CMMotionManager	instance	deviceMotionUpdateInterval	d8@0:4
0x001f15d8	CMMotionManager	instance	attitudeReferenceFrame	i8@0:4
0x001f1614	CMMotionManager	instance	isDeviceMotionAvailable	c8@0:4
0x001f1664	CMMotionManager	instance	isDeviceMotionActive	c8@0:4
0x001f16a0	CMMotionManager	instance	deviceMotion	@8@0:4
0x001f178c	CMMotionManager	instance	_deviceMotionUpdate:	v12@0:4@8
0x001f1ac4	CMMotionManager	instance	startAccelerometerUpdates	v8@0:4
0x001f1ca8	CMMotionManager	instance	startAccelerometerUpdatesToQueue:withHandler:	v16@0:4@8@?12
0x001f1e00	CMMotionManager	instance	stopAccelerometerUpdates	v8@0:4
0x001f2058	CMMotionManager	instance	pauseAccelerometer	v8@0:4
0x001f20dc	CMMotionManager	instance	resumeAccelerometer	v8@0:4
0x001f2160	CMMotionManager	instance	startGyroUpdates	v8@0:4
0x001f223c	CMMotionManager	instance	startGyroUpdatesToQueue:withHandler:	v16@0:4@8@?12
0x001f237c	CMMotionManager	instance	stopGyroUpdates	v8@0:4
0x001f24cc	CMMotionManager	instance	startMagnetometerUpdates	v8@0:4
0x001f25a8	CMMotionManager	instance	startMagnetometerUpdatesToQueue:withHandler:	v16@0:4@8@?12
0x001f26e8	CMMotionManager	instance	stopMagnetometerUpdates	v8@0:4
0x001f2834	CMMotionManager	instance	startDeviceMotionUpdates	v8@0:4
0x001f2910	CMMotionManager	instance	startDeviceMotionUpdatesToQueue:withHandler:	v16@0:4@8@?12
0x001f2a50	CMMotionManager	instance	startDeviceMotionUpdatesUsingReferenceFrame:	v12@0:4i8
0x001f2b50	CMMotionManager	instance	startDeviceMotionUpdatesUsingReferenceFrame:toQueue:withHandler:	v20@0:4i8@12@?16
0x001f2cb8	CMMotionManager	instance	stopDeviceMotionUpdates	v8@0:4
0x001f2e04	CMMotionManager	instance	showsDeviceMovementDisplay	c8@0:4
0x001f2e40	CMMotionManager	instance	setShowsDeviceMovementDisplay:	v12@0:4c8
0x001f37bc	VerdeCMMotionManager	class	initializeJava	v8@0:4
0x001f40f8	VerdeCMMotionManager	class	className	@8@0:4
0x001f4128	VerdeCMMotionManager	instance	initWithObject:	@12@0:4@8
0x001f417c	VerdeCMMotionManager	instance	dealloc	v8@0:4
0x001f536c	FlurryEventRecordStatus	class	className	@8@0:4
0x001f539c	FlurryEventRecordStatus	class	initializeJava	v8@0:4
0x001f58e8	FlurryBuilder	class	initializeJava	v8@0:4
0x001f5a64	FlurryBuilder	class	className	@8@0:4
0x001f5a94	FlurryAnalytics	class	initializeJava	v8@0:4
0x001f63d4	FlurryAnalytics	class	className	@8@0:4
0x001f6404	FlurryAnalytics	class	initializeFlurry	v8@0:4
0x001f64c0	FlurryAnalytics	class	setAppVersion:	v12@0:4@8
0x001f6560	FlurryAnalytics	class	getFlurryAgentVersion	@8@0:4
0x001f6658	FlurryAnalytics	class	startSession:	v12@0:4@8
0x001f67cc	FlurryAnalytics	class	logEvent:	v12@0:4@8
0x001f686c	FlurryAnalytics	class	logEvent:withParameters:	v16@0:4@8@12
0x001f6ae4	FlurryAnalytics	class	logEvent:timed:	v16@0:4@8c12
0x001f6bbc	FlurryAnalytics	class	logEvent:withParameters:timed:	v20@0:4@8@12c16
0x001f6e24	FlurryAnalytics	class	endTimedEvent:withParameters:	v16@0:4@8@12
0x001f70dc	FlurryAnalytics	class	setUserID:	v12@0:4@8
0x001f717c	FlurryAnalytics	class	setAge:	v12@0:4i8
0x001f721c	FlurryAnalytics	class	setGender:	v12@0:4@8
0x001f7278	FlurryAnalytics	class	setLatitude:longitude:horizontalAccuracy:verticalAccuracy:	v32@0:4d8d16f24f28
0x001f72f0	FlurryAnalytics	class	setSessionReportsOnCloseEnabled:	v12@0:4c8
0x001f734c	FlurryAnalytics	class	setSessionReportsOnPauseEnabled:	v12@0:4c8
0x001f73a8	FlurryAnalytics	class	setEventLoggingEnabled:	v12@0:4c8
0x001f7d18	FlurryAPI	class	startSession:	v12@0:4@8
0x001f7db4	FlurryAPI	class	setShowErrorInLogEnabled:	v12@0:4c8
0x001f7e54	FlurryAPI	class	logEvent:	v12@0:4@8
0x001f7ef0	FlurryAPI	class	logEvent:withParameters:	v16@0:4@8@12
0x001f7f94	Flurry	class	setCrashReportingEnabled:	v12@0:4c8
0x001f8070	Flurry	class	setAppVersion:	v12@0:4@8
0x001f80d0	Flurry	class	getFlurryAgentVersion	@8@0:4
0x001f8128	Flurry	class	setShowErrorInLogEnabled:	v12@0:4c8
0x001f818c	Flurry	class	setDebugLogEnabled:	v12@0:4c8
0x001f81f0	Flurry	class	setSessionContinueSeconds:	v12@0:4i8
0x001f8254	Flurry	class	setSecureTransportEnabled:	v12@0:4c8
0x001f82b8	Flurry	class	startSession:	v12@0:4@8
0x001f8318	Flurry	class	logEvent:	v12@0:4@8
0x001f8378	Flurry	class	logEvent:withParameters:	v16@0:4@8@12
0x001f83e0	Flurry	class	logEvent:timed:	v16@0:4@8c12
0x001f8458	Flurry	class	logEvent:withParameters:timed:	v20@0:4@8@12c16
0x001f84e0	Flurry	class	endTimedEvent:withParameters:	v16@0:4@8@12
0x001f8548	Flurry	class	logAllPageViews:	v12@0:4@8
0x001f85a8	Flurry	class	logPageView	v8@0:4
0x001f8604	Flurry	class	setUserID:	v12@0:4@8
0x001f8664	Flurry	class	setAge:	v12@0:4i8
0x001f86c4	Flurry	class	setGender:	v12@0:4@8
0x001f8724	Flurry	class	setLatitude:longitude:horizontalAccuracy:verticalAccuracy:	v32@0:4d8d16f24f28
0x001f87cc	Flurry	class	setSessionReportsOnCloseEnabled:	v12@0:4c8
0x001f883c	Flurry	class	setSessionReportsOnPauseEnabled:	v12@0:4c8
0x001f88ac	Flurry	class	setEventLoggingEnabled:	v12@0:4c8
0x001f894c	_FlurryAds	class	initializeJava	v8@0:4
0x001f8fb8	_FlurryAds	class	className	@8@0:4
0x001f8fe8	FlurryAdsShim	class	initializeJava	v8@0:4
0x001f9270	FlurryAdsShim	class	className	@8@0:4
0x001f92a0	FlurryAds	class	initializeFlurry	v8@0:4
0x001f93c4	FlurryAds	instance	dealloc	v8@0:4
0x001f9444	FlurryAds	class	fetchAdForSpace:frame:size:	v32@0:4@8{CGRect={CGPoint=ff}{CGSize=ff}}12i28
0x001f9660	FlurryAds	class	adReadyForSpace:	c12@0:4@8
0x001f970c	FlurryAds	class	displayAdForSpace:onView:	v16@0:4@8@12
0x001f9934	FlurryAds	class	removeAdForSpace:onView:	v16@0:4@8@12
0x001f9b5c	FlurryAds	class	displayAdForSpace:modallyForViewController:	v16@0:4@8@12
0x001f9d44	FlurryAds	class	isAdAvailableForSpace:view:size:timeout:	c28@0:4@8@12i16q20
0x001f9dcc	FlurryAds	class	showAdForSpace:view:size:timeout:	c28@0:4@8@12i16q20
0x001f9e54	FlurryAds	class	fetchAndDisplayAdForSpace:view:size:	v20@0:4@8@12i16
0x001f9ebc	FlurryAds	class	removeAdFromSpace:	v12@0:4@8
0x001fa0a0	FlurryAds	class	initialize:	v12@0:4@8
0x001fa1a0	FlurryAds	class	setAdDelegate:	v12@0:4@8
0x001fa218	FlurryAds	class	enableTestAds:	v12@0:4c8
0x001fa2cc	FlurryAds	class	setUserCookies:	v12@0:4@8
0x001fa4f4	FlurryAds	class	clearUserCookies	v8@0:4
0x001fa590	FlurryAds	class	setKeywordsForTargeting:	v12@0:4@8
0x001fa7b8	FlurryAds	class	clearKeywords	v8@0:4
0x001fa854	FlurryAds	class	addCustomAdNetwork:withProperties:	v16@0:4#8@12
0x001fc37c	GLKBaseEffect	instance	colorMaterialEnabled	C8@0:4
0x001fc3b8	GLKBaseEffect	instance	setColorMaterialEnabled:	v12@0:4C8
0x001fc3fc	GLKBaseEffect	instance	lightModelTwoSided	C8@0:4
0x001fc438	GLKBaseEffect	instance	setLightModelTwoSided:	v12@0:4C8
0x001fc47c	GLKBaseEffect	instance	useConstantColor	C8@0:4
0x001fc4b8	GLKBaseEffect	instance	setUseConstantColor:	v12@0:4C8
0x001fc4fc	GLKBaseEffect	instance	transform	@8@0:4
0x001fc538	GLKBaseEffect	instance	light0	@8@0:4
0x001fc574	GLKBaseEffect	instance	light1	@8@0:4
0x001fc5b0	GLKBaseEffect	instance	light2	@8@0:4
0x001fc5ec	GLKBaseEffect	instance	lightingType	i8@0:4
0x001fc628	GLKBaseEffect	instance	setLightingType:	v12@0:4i8
0x001fc66c	GLKBaseEffect	instance	lightModelAmbientColor	(_GLKVector4={?=ffff}{?=ffff}{?=ffff}[4f])8@0:4
0x001fc6c4	GLKBaseEffect	instance	setLightModelAmbientColor:	v24@0:4(_GLKVector4={?=ffff}{?=ffff}{?=ffff}[4f])8
0x001fc740	GLKBaseEffect	instance	material	@8@0:4
0x001fc77c	GLKBaseEffect	instance	texture2d0	@8@0:4
0x001fc7b8	GLKBaseEffect	instance	texture2d1	@8@0:4
0x001fc7f4	GLKBaseEffect	instance	textureOrder	@8@0:4
0x001fc830	GLKBaseEffect	instance	setTextureOrder:	v12@0:4@8
0x001fc87c	GLKBaseEffect	instance	constantColor	(_GLKVector4={?=ffff}{?=ffff}{?=ffff}[4f])8@0:4
0x001fc8d4	GLKBaseEffect	instance	setConstantColor:	v24@0:4(_GLKVector4={?=ffff}{?=ffff}{?=ffff}[4f])8
0x001fc950	GLKBaseEffect	instance	fog	@8@0:4
0x001fc98c	GLKBaseEffect	instance	label	@8@0:4
0x001fc9c8	GLKBaseEffect	instance	setLabel:	v12@0:4@8
0x001fca74	GLKEffectPropertyFog	instance	enabled	C8@0:4
0x001fcab0	GLKEffectPropertyFog	instance	setEnabled:	v12@0:4C8
0x001fcaf4	GLKEffectPropertyFog	instance	mode	i8@0:4
0x001fcb30	GLKEffectPropertyFog	instance	setMode:	v12@0:4i8
0x001fcb74	GLKEffectPropertyFog	instance	color	(_GLKVector4={?=ffff}{?=ffff}{?=ffff}[4f])8@0:4
0x001fcbcc	GLKEffectPropertyFog	instance	setColor:	v24@0:4(_GLKVector4={?=ffff}{?=ffff}{?=ffff}[4f])8
0x001fcc48	GLKEffectPropertyFog	instance	density	f8@0:4
0x001fcc84	GLKEffectPropertyFog	instance	setDensity:	v12@0:4f8
0x001fcccc	GLKEffectPropertyFog	instance	start	f8@0:4
0x001fcd08	GLKEffectPropertyFog	instance	setStart:	v12@0:4f8
0x001fcd50	GLKEffectPropertyFog	instance	end	f8@0:4
0x001fcd8c	GLKEffectPropertyFog	instance	setEnd:	v12@0:4f8
0x001fce04	GLKEffectPropertyLight	instance	enabled	C8@0:4
0x001fce40	GLKEffectPropertyLight	instance	setEnabled:	v12@0:4C8
0x001fce84	GLKEffectPropertyLight	instance	position	(_GLKVector4={?=ffff}{?=ffff}{?=ffff}[4f])8@0:4
0x001fcedc	GLKEffectPropertyLight	instance	setPosition:	v24@0:4(_GLKVector4={?=ffff}{?=ffff}{?=ffff}[4f])8
0x001fcf58	GLKEffectPropertyLight	instance	ambientColor	(_GLKVector4={?=ffff}{?=ffff}{?=ffff}[4f])8@0:4
0x001fcfb0	GLKEffectPropertyLight	instance	setAmbientColor:	v24@0:4(_GLKVector4={?=ffff}{?=ffff}{?=ffff}[4f])8
0x001fd02c	GLKEffectPropertyLight	instance	diffuseColor	(_GLKVector4={?=ffff}{?=ffff}{?=ffff}[4f])8@0:4
0x001fd084	GLKEffectPropertyLight	instance	setDiffuseColor:	v24@0:4(_GLKVector4={?=ffff}{?=ffff}{?=ffff}[4f])8
0x001fd100	GLKEffectPropertyLight	instance	specularColor	(_GLKVector4={?=ffff}{?=ffff}{?=ffff}[4f])8@0:4
0x001fd158	GLKEffectPropertyLight	instance	setSpecularColor:	v24@0:4(_GLKVector4={?=ffff}{?=ffff}{?=ffff}[4f])8
0x001fd1d4	GLKEffectPropertyLight	instance	spotDirection	(_GLKVector3={?=fff}{?=fff}{?=fff}[3f])8@0:4
0x001fd224	GLKEffectPropertyLight	instance	setSpotDirection:	v20@0:4(_GLKVector3={?=fff}{?=fff}{?=fff}[3f])8
0x001fd288	GLKEffectPropertyLight	instance	spotExponent	f8@0:4
0x001fd2c4	GLKEffectPropertyLight	instance	setSpotExponent:	v12@0:4f8
0x001fd30c	GLKEffectPropertyLight	instance	spotCutoff	f8@0:4
0x001fd348	GLKEffectPropertyLight	instance	setSpotCutoff:	v12@0:4f8
0x001fd390	GLKEffectPropertyLight	instance	constantAttenuation	f8@0:4
0x001fd3cc	GLKEffectPropertyLight	instance	setConstantAttenuation:	v12@0:4f8
0x001fd414	GLKEffectPropertyLight	instance	linearAttenuation	f8@0:4
0x001fd450	GLKEffectPropertyLight	instance	setLinearAttenuation:	v12@0:4f8
0x001fd498	GLKEffectPropertyLight	instance	quadraticAttenuation	f8@0:4
0x001fd4d4	GLKEffectPropertyLight	instance	setQuadraticAttenuation:	v12@0:4f8
0x001fd51c	GLKEffectPropertyLight	instance	transform	@8@0:4
0x001fd558	GLKEffectPropertyLight	instance	setTransform:	v12@0:4@8
0x001fd5d4	GLKEffectPropertyMaterial	instance	ambientColor	(_GLKVector4={?=ffff}{?=ffff}{?=ffff}[4f])8@0:4
0x001fd62c	GLKEffectPropertyMaterial	instance	setAmbientColor:	v24@0:4(_GLKVector4={?=ffff}{?=ffff}{?=ffff}[4f])8
0x001fd6a8	GLKEffectPropertyMaterial	instance	diffuseColor	(_GLKVector4={?=ffff}{?=ffff}{?=ffff}[4f])8@0:4
0x001fd700	GLKEffectPropertyMaterial	instance	setDiffuseColor:	v24@0:4(_GLKVector4={?=ffff}{?=ffff}{?=ffff}[4f])8
0x001fd77c	GLKEffectPropertyMaterial	instance	specularColor	(_GLKVector4={?=ffff}{?=ffff}{?=ffff}[4f])8@0:4
0x001fd7d4	GLKEffectPropertyMaterial	instance	setSpecularColor:	v24@0:4(_GLKVector4={?=ffff}{?=ffff}{?=ffff}[4f])8
0x001fd850	GLKEffectPropertyMaterial	instance	emissiveColor	(_GLKVector4={?=ffff}{?=ffff}{?=ffff}[4f])8@0:4
0x001fd8a8	GLKEffectPropertyMaterial	instance	setEmissiveColor:	v24@0:4(_GLKVector4={?=ffff}{?=ffff}{?=ffff}[4f])8
0x001fd924	GLKEffectPropertyMaterial	instance	shininess	f8@0:4
0x001fd960	GLKEffectPropertyMaterial	instance	setShininess:	v12@0:4f8
0x001fd9d8	GLKEffectPropertyTexture	instance	enabled	C8@0:4
0x001fda14	GLKEffectPropertyTexture	instance	setEnabled:	v12@0:4C8
0x001fda58	GLKEffectPropertyTexture	instance	name	I8@0:4
0x001fda94	GLKEffectPropertyTexture	instance	setName:	v12@0:4I8
0x001fdad8	GLKEffectPropertyTexture	instance	target	i8@0:4
0x001fdb14	GLKEffectPropertyTexture	instance	setTarget:	v12@0:4i8
0x001fdb58	GLKEffectPropertyTexture	instance	envMode	i8@0:4
0x001fdb94	GLKEffectPropertyTexture	instance	setEnvMode:	v12@0:4i8
0x001fdc08	GLKEffectPropertyTransform	instance	modelviewMatrix	(_GLKMatrix4={?=ffffffffffffffff}[16f])8@0:4
0x001fdc54	GLKEffectPropertyTransform	instance	setModelviewMatrix:	v72@0:4(_GLKMatrix4={?=ffffffffffffffff}[16f])8
0x001fdd74	GLKEffectPropertyTransform	instance	projectionMatrix	(_GLKMatrix4={?=ffffffffffffffff}[16f])8@0:4
0x001fddc0	GLKEffectPropertyTransform	instance	setProjectionMatrix:	v72@0:4(_GLKMatrix4={?=ffffffffffffffff}[16f])8
0x001fdee0	GLKEffectPropertyTransform	instance	normalMatrix	(_GLKMatrix3={?=fffffffff}[9f])8@0:4
0x001fdf5c	GLKReflectionMapEffect	instance	textureCubeMap	@8@0:4
0x001fdf98	GLKReflectionMapEffect	instance	matrix	(_GLKMatrix3={?=fffffffff}[9f])8@0:4
0x001fdfe4	GLKReflectionMapEffect	instance	setMatrix:	v44@0:4(_GLKMatrix3={?=fffffffff}[9f])8
0x001fe0b8	GLKSkyboxEffect	instance	center	(_GLKVector3={?=fff}{?=fff}{?=fff}[3f])8@0:4
0x001fe108	GLKSkyboxEffect	instance	setCenter:	v20@0:4(_GLKVector3={?=fff}{?=fff}{?=fff}[3f])8
0x001fe16c	GLKSkyboxEffect	instance	xSize	f8@0:4
0x001fe1a8	GLKSkyboxEffect	instance	setXSize:	v12@0:4f8
0x001fe1f0	GLKSkyboxEffect	instance	ySize	f8@0:4
0x001fe22c	GLKSkyboxEffect	instance	setYSize:	v12@0:4f8
0x001fe274	GLKSkyboxEffect	instance	zSize	f8@0:4
0x001fe2b0	GLKSkyboxEffect	instance	setZSize:	v12@0:4f8
0x001fe2f8	GLKSkyboxEffect	instance	textureCubeMap	@8@0:4
0x001fe334	GLKSkyboxEffect	instance	transform	@8@0:4
0x001fe370	GLKSkyboxEffect	instance	label	@8@0:4
0x001fe3ac	GLKSkyboxEffect	instance	setLabel:	v12@0:4@8
0x001fe428	GLKView	instance	initWithFrame:context:	@28@0:4{CGRect={CGPoint=ff}{CGSize=ff}}8@24
0x001fe540	GLKView	instance	bindDrawable	v8@0:4
0x001fe554	GLKView	instance	deleteDrawable	v8@0:4
0x001fe568	GLKView	instance	snapshot	@8@0:4
0x001fe584	GLKView	instance	display	v8@0:4
0x001fe68c	GLKView	instance	dealloc	v8@0:4
0x001fe750	GLKView	instance	delegate	@8@0:4
0x001fe78c	GLKView	instance	setDelegate:	v12@0:4@8
0x001fe7d0	GLKView	instance	context	@8@0:4
0x001fe80c	GLKView	instance	setContext:	v12@0:4@8
0x001fe858	GLKView	instance	drawableWidth	i8@0:4
0x001fe894	GLKView	instance	drawableHeight	i8@0:4
0x001fe8d0	GLKView	instance	drawableColorFormat	i8@0:4
0x001fe90c	GLKView	instance	setDrawableColorFormat:	v12@0:4i8
0x001fe950	GLKView	instance	drawableDepthFormat	i8@0:4
0x001fe98c	GLKView	instance	setDrawableDepthFormat:	v12@0:4i8
0x001fe9d0	GLKView	instance	drawableStencilFormat	i8@0:4
0x001fea0c	GLKView	instance	setDrawableStencilFormat:	v12@0:4i8
0x001fea50	GLKView	instance	drawableMultisample	i8@0:4
0x001fea8c	GLKView	instance	setDrawableMultisample:	v12@0:4i8
0x001fead0	GLKView	instance	enableSetNeedsDisplay	c8@0:4
0x001feb0c	GLKView	instance	setEnableSetNeedsDisplay:	v12@0:4c8
0x001feb80	GLKViewController	instance	init	@8@0:4
0x001febd4	GLKViewController	instance	initWithCoder:	@12@0:4@8
0x001fec90	GLKViewController	instance	initWithNibName:bundle:	@16@0:4@8@12
0x001fed54	GLKViewController	instance	loadView	v8@0:4
0x001ff008	GLKViewController	instance	viewDidLoad	v8@0:4
0x001ff3ac	GLKViewController	instance	_setup	v8@0:4
0x001ff5f4	GLKViewController	instance	_linkFire:	v12@0:4@8
0x001ff81c	GLKViewController	instance	_resetFramebuffer	v8@0:4
0x001ff9f0	GLKViewController	instance	setView:	v12@0:4@8
0x001ffb78	GLKViewController	instance	setPaused:	v12@0:4c8
0x001ffc1c	GLKViewController	instance	setPreferredFramesPerSecond:	v12@0:4i8
0x001ffcd8	GLKViewController	instance	preferredFramesPerSecond	i8@0:4
0x001ffd14	GLKViewController	instance	framesPerSecond	i8@0:4
0x001ffda4	GLKViewController	instance	delegate	@8@0:4
0x001ffde0	GLKViewController	instance	setDelegate:	v12@0:4@8
0x001ffe24	GLKViewController	instance	isPaused	c8@0:4
0x001ffe60	GLKViewController	instance	framesDisplayed	i8@0:4
0x001ffe9c	GLKViewController	instance	timeSinceFirstResume	d8@0:4
0x001ffed8	GLKViewController	instance	timeSinceLastResume	d8@0:4
0x001fff14	GLKViewController	instance	timeSinceLastUpdate	d8@0:4
0x001fff50	GLKViewController	instance	timeSinceLastDraw	d8@0:4
0x001fff8c	GLKViewController	instance	pauseOnWillResignActive	c8@0:4
0x001fffc8	GLKViewController	instance	setPauseOnWillResignActive:	v12@0:4c8
0x0020000c	GLKViewController	instance	resumeOnDidBecomeActive	c8@0:4
0x00200048	GLKViewController	instance	setResumeOnDidBecomeActive:	v12@0:4c8
0x002000bc	GLKTextureInfo	instance	name	I8@0:4
0x002000f4	GLKTextureInfo	instance	setName:	v12@0:4I8
0x00200134	GLKTextureInfo	instance	target	I8@0:4
0x0020016c	GLKTextureInfo	instance	setTarget:	v12@0:4I8
0x002001ac	GLKTextureInfo	instance	width	I8@0:4
0x002001e4	GLKTextureInfo	instance	setWidth:	v12@0:4I8
0x00200224	GLKTextureInfo	instance	height	I8@0:4
0x0020025c	GLKTextureInfo	instance	setHeight:	v12@0:4I8
0x0020029c	GLKTextureInfo	instance	alphaState	I8@0:4
0x002002d4	GLKTextureInfo	instance	setAlphaState:	v12@0:4I8
0x00200314	GLKTextureInfo	instance	textureOrigin	I8@0:4
0x0020034c	GLKTextureInfo	instance	setTextureOrigin:	v12@0:4I8
0x0020038c	GLKTextureInfo	instance	containsMipmaps	c8@0:4
0x002003c8	GLKTextureInfo	instance	setContainsMipmaps:	v12@0:4c8
0x00200408	GLKTextureLoader	class	textureWithContentsOfFile:options:error:	@20@0:4@8@12^@16
0x00200574	GLKTextureLoader	class	textureWithContentsOfURL:options:error:	@20@0:4@8@12^@16
0x0020063c	GLKTextureLoader	class	textureWithContentsOfData:options:error:	@20@0:4@8@12^@16
0x00200708	GLKTextureLoader	class	textureWithCGImage:options:error:	@20@0:4^{CGImage=}8@12^@16
0x00200b88	GLKTextureLoader	class	cubeMapWithContentsOfFiles:options:error:	@20@0:4@8@12^@16
0x00200bb8	GLKTextureLoader	class	cubeMapWithContentsOfFile:options:error:	@20@0:4@8@12^@16
0x00200be8	GLKTextureLoader	class	cubeMapWithContentsOfURL:options:error:	@20@0:4@8@12^@16
0x00200c18	GLKTextureLoader	instance	initWithSharegroup:	@12@0:4@8
0x00200c90	GLKTextureLoader	instance	textureWithContentsOfFile:options:queue:completionHandler:	v24@0:4@8@12@16@?20
0x00200ef0	GLKTextureLoader	instance	textureWithContentsOfURL:options:queue:completionHandler:	v24@0:4@8@12@16@?20
0x00201150	GLKTextureLoader	instance	textureWithContentsOfData:options:queue:completionHandler:	v24@0:4@8@12@16@?20
0x002013b0	GLKTextureLoader	instance	textureWithCGImage:options:queue:completionHandler:	v24@0:4^{CGImage=}8@12@16@?20
0x002015dc	GLKTextureLoader	instance	cubeMapWithContentsOfFiles:options:queue:completionHandler:	v24@0:4@8@12@16@?20
0x0020160c	GLKTextureLoader	instance	cubeMapWithContentsOfFile:options:queue:completionHandler:	v24@0:4@8@12@16@?20
0x0020163c	GLKTextureLoader	instance	cubeMapWithContentsOfURL:options:queue:completionHandler:	v24@0:4@8@12@16@?20
0x00203960	AdvertiserIDManager	class	initializeJava	v8@0:4
0x00203b3c	AdvertiserIDManager	class	className	@8@0:4
0x00203b6c	AdvertiserIDInfo	class	load	v8@0:4
0x00203bfc	AdvertiserIDInfo	class	initializeJava	v8@0:4
0x00203d74	AdvertiserIDInfo	class	className	@8@0:4
0x00203da4	AdvertiserIDInfo	class	advertiserIdInfo	@8@0:4
0x00204610	MPMediaItemCollection	instance	items	@8@0:4
0x0020464c	MPMediaItemCollection	instance	count	I8@0:4
0x00204688	MPMediaItemCollection	instance	mediaTypes	i8@0:4
0x002046c4	MPMediaItemCollection	instance	representativeItem	@8@0:4
0x00204730	MPMediaPickerController	instance	prompt	@8@0:4
0x00204764	MPMediaPickerController	instance	setPrompt:	v12@0:4@8
0x002047b0	MPMediaPickerController	instance	allowsPickingMultipleItems	c8@0:4
0x002047ec	MPMediaPickerController	instance	setAllowsPickingMultipleItems:	v12@0:4c8
0x00204830	MPMediaPickerController	instance	mediaTypes	i8@0:4
0x0020486c	MPMediaPickerController	instance	delegate	@8@0:4
0x002048a8	MPMediaPickerController	instance	setDelegate:	v12@0:4@8
0x002049ac	MPMediaPropertyPredicate	class	predicateWithValue:forProperty:	@16@0:4@8@12
0x002049d0	MPMediaPropertyPredicate	instance	property	@8@0:4
0x00204a04	MPMediaPropertyPredicate	instance	value	@8@0:4
0x00204a38	MPMediaPropertyPredicate	instance	comparisonType	i8@0:4
0x00204aa4	MPMediaQuery	class	songsQuery	@8@0:4
0x00204ac0	MPMediaQuery	class	artistsQuery	@8@0:4
0x00204adc	MPMediaQuery	instance	filterPredicates	@8@0:4
0x00204b18	MPMediaQuery	instance	setFilterPredicates:	v12@0:4@8
0x00204b64	MPMediaQuery	instance	items	@8@0:4
0x00204ba0	MPMediaQuery	instance	collections	@8@0:4
0x00204bdc	MPMediaQuery	instance	groupingType	i8@0:4
0x00204c18	MPMediaQuery	instance	setGroupingType:	v12@0:4i8
0x00204c5c	MPMediaQuery	instance	itemSections	@8@0:4
0x00204c98	MPMediaQuery	instance	collectionSections	@8@0:4
0x00204d04	MPMoviePlayerViewController	instance	initWithContentURL:	@12@0:4@8
0x00204e1c	MPMoviePlayerViewController	instance	shouldAutorotateToInterfaceOrientation:	c12@0:4i8
0x00204e68	MPMoviePlayerViewController	instance	dealloc	v8@0:4
0x00204f2c	MPMoviePlayerViewController	instance	loadView	v8@0:4
0x002050e8	MPMoviePlayerViewController	instance	moviePlayer	@8@0:4
0x00205210	MPMoviePlayerController	instance	init	@8@0:4
0x002052b4	MPMoviePlayerController	instance	initWithContentURL:	@12@0:4@8
0x002056c4	MPMoviePlayerController	instance	setFullscreen:animated:	v16@0:4c8c12
0x00205710	MPMoviePlayerController	instance	setFullscreen:	v12@0:4c8
0x0020577c	MPMoviePlayerController	instance	setShouldAutoplay:	v12@0:4c8
0x00205808	MPMoviePlayerController	instance	setMuted:	v12@0:4c8
0x00205894	MPMoviePlayerController	instance	isPreparedToPlay	c8@0:4
0x002058ec	MPMoviePlayerController	instance	play	v8@0:4
0x00205960	MPMoviePlayerController	instance	pause	v8@0:4
0x002059d4	MPMoviePlayerController	instance	stop	v8@0:4
0x00205a48	MPMoviePlayerController	instance	dealloc	v8@0:4
0x00205c1c	MPMoviePlayerController	instance	didFinishPlayback	v8@0:4
0x00205cb8	MPMoviePlayerController	instance	mediaPlayerDidComplete:	v12@0:4@8
0x00205d74	MPMoviePlayerController	instance	mediaPlayerPrepared:	v12@0:4@8
0x00205e6c	MPMoviePlayerController	instance	setCurrentPlaybackRate:	v12@0:4f8
0x00205f28	MPMoviePlayerController	instance	currentPlaybackRate	f8@0:4
0x00205f88	MPMoviePlayerController	instance	setCurrentPlaybackTime:	v16@0:4d8
0x00206010	MPMoviePlayerController	instance	currentPlaybackTime	d8@0:4
0x0020606c	MPMoviePlayerController	instance	contentURL	@8@0:4
0x002060a0	MPMoviePlayerController	instance	setContentURL:	v12@0:4@8
0x002060ec	MPMoviePlayerController	instance	view	@8@0:4
0x00206128	MPMoviePlayerController	instance	setView:	v12@0:4@8
0x0020616c	MPMoviePlayerController	instance	backgroundView	@8@0:4
0x002061a8	MPMoviePlayerController	instance	setBackgroundView:	v12@0:4@8
0x002061ec	MPMoviePlayerController	instance	playbackState	i8@0:4
0x00206228	MPMoviePlayerController	instance	loadState	i8@0:4
0x00206264	MPMoviePlayerController	instance	setLoadState:	v12@0:4i8
0x002062a8	MPMoviePlayerController	instance	controlStyle	i8@0:4
0x002062e4	MPMoviePlayerController	instance	setControlStyle:	v12@0:4i8
0x00206328	MPMoviePlayerController	instance	repeatMode	i8@0:4
0x00206364	MPMoviePlayerController	instance	setRepeatMode:	v12@0:4i8
0x002063a8	MPMoviePlayerController	instance	shouldAutoplay	c8@0:4
0x002063e4	MPMoviePlayerController	instance	useApplicationAudioSession	c8@0:4
0x00206420	MPMoviePlayerController	instance	setUseApplicationAudioSession:	v12@0:4c8
0x00206464	MPMoviePlayerController	instance	isFullscreen	c8@0:4
0x002064a0	MPMoviePlayerController	instance	scalingMode	i8@0:4
0x002064dc	MPMoviePlayerController	instance	setScalingMode:	v12@0:4i8
0x00206a48	MPMusicPlayerController	class	iPodMusicPlayer	@8@0:4
0x00206b10	MPMusicPlayerController	class	applicationMusicPlayer	@8@0:4
0x00206bd8	MPMusicPlayerController	instance	playbackState	i8@0:4
0x00206bf4	MPMusicPlayerController	instance	volume	f8@0:4
0x00206c1c	MPMusicPlayerController	instance	setVolume:	v12@0:4f8
0x00206c38	MPMusicPlayerController	instance	currentPlaybackTime	d8@0:4
0x00206c70	MPMusicPlayerController	instance	setCurrentPlaybackTime:	v16@0:4d8
0x00206c8c	MPMusicPlayerController	instance	beginGeneratingPlaybackNotifications	v8@0:4
0x00206ca0	MPMusicPlayerController	instance	play	v8@0:4
0x00206cb4	MPMusicPlayerController	instance	stop	v8@0:4
0x00206cc8	MPMusicPlayerController	instance	pause	v8@0:4
0x00206d0c	MPVolumeView	instance	showsVolumeSlider	c8@0:4
0x00206d48	MPVolumeView	instance	setShowsVolumeSlider:	v12@0:4c8
0x00206d8c	MPVolumeView	instance	showsRouteButton	c8@0:4
0x00206dc8	MPVolumeView	instance	setShowsRouteButton:	v12@0:4c8
0x00206e3c	MPMediaView	class	layerClass	#8@0:4
0x00206e94	MPMediaView	instance	init	@8@0:4
0x00206f10	MPMediaView	instance	initWithFrame:	@24@0:4{CGRect={CGPoint=ff}{CGSize=ff}}8
0x00206fb0	MPMediaView	instance	setContentURI:	v12@0:4@8
0x00207004	MPMediaView	instance	play	v8@0:4
0x00207050	MPMediaView	instance	setMuted:	v12@0:4c8
0x002070b4	MPMediaView	instance	pause	v8@0:4
0x00207100	MPMediaView	instance	stop	v8@0:4
0x0020714c	MPMediaView	instance	isPrepared	c8@0:4
0x0020719c	MPMediaView	instance	currentPosition	d8@0:4
0x002071e0	MPMediaView	instance	currentPlaybackRate	d8@0:4
0x00207224	MPMediaView	instance	naturalSize	{CGSize=ff}8@0:4
0x002072ac	MPMediaView	instance	duration	d8@0:4
0x002072f0	MPMediaView	instance	shouldAutoplay	c8@0:4
0x0020732c	MPMediaView	instance	setShouldAutoplay:	v12@0:4c8
0x00207370	MPMediaView	instance	initialPlaybackTime	d8@0:4
0x002073ac	MPMediaView	instance	setInitialPlaybackTime:	v16@0:4d8
0x00210da0	UIDeviceNC	class	initialize	v8@0:4
0x00210dec	UIDeviceNC	class	initializeJava	v8@0:4
0x00210f14	UIDeviceNC	class	className	@8@0:4
0x00212b60	AndroidToast	class	initializeJava	v8@0:4
0x00212dbc	AndroidToast	class	className	@8@0:4
0x00212dec	UIToast	class	showToastWithMessage:duration:	v16@0:4@8i12
0x00212f54	EAGLSharegroup	instance	initWithContext:	@12@0:4@8
0x00213054	EAGLSharegroup	instance	dealloc	v8@0:4
0x0021312c	EAGLSharegroup	instance	context	@8@0:4
0x002131c4	EAGLContext	class	load	v8@0:4
0x002131f8	EAGLContext	class	currentContext	@8@0:4
0x002132b8	EAGLContext	instance	_internal	@8@0:4
0x00213580	EAGLContext	class	setCurrentContext:	c12@0:4@8
0x00213904	EAGLContext	instance	initWithAPI:	@12@0:4i8
0x00213960	EAGLContext	instance	initWithAPI:sharegroup:	@16@0:4i8@12
0x002141d8	EAGLContext	instance	dealloc	v8@0:4
0x00214360	EAGLContext	instance	sharegroup	@8@0:4
0x0021439c	EAGLContext	instance	API	i8@0:4
0x002143d8	EAGLContext	instance	renderbufferStorage:fromDrawable:	c16@0:4I8@12
0x002143fc	EAGLContext	instance	presentRenderbuffer:	c12@0:4I8
0x00214784	EAGLContext	class	checkForErrors:	v12@0:4@8
0x00214828	EAGLContext	instance	_addDelayedRenderInvocation:	v12@0:4@8
0x00214a70	EAGLContext	instance	_removeDelayedRenderInvocation:	v12@0:4@8
0x00214dac	PlusGamesRoom	class	initializeJava	v8@0:4
0x00215024	PlusGamesRoom	class	className	@8@0:4
0x00215054	PlusGamesParticipant	class	initializeJava	v8@0:4
0x002153f4	PlusGamesParticipant	class	className	@8@0:4
0x00215424	PlusGamesInvitation	class	initializeJava	v8@0:4
0x0021571c	PlusGamesInvitation	class	className	@8@0:4
0x0021574c	PlusGamesManager	class	initializeJava	v8@0:4
0x00216f50	PlusGamesManager	class	className	@8@0:4
0x00216f80	PlusGamesManager	class	sharedInstance	@8@0:4
0x00217190	PlusGamesManager	instance	login	v8@0:4
0x002172f8	PlusGamesManager	instance	logout	v8@0:4
0x00217368	PlusGamesManager	instance	disconnect	v8@0:4
0x002173d8	PlusGamesManager	instance	isLoggedIn	c8@0:4
0x00217418	PlusGamesManager	instance	userName	@8@0:4
0x00217464	PlusGamesManager	instance	userId	@8@0:4
0x002174b0	PlusGamesManager	instance	showAchievements	v8@0:4
0x00217530	PlusGamesManager	instance	awardAchievement:withProgress:	v20@0:4@8d12
0x00217618	PlusGamesManager	instance	updateLeaderboard:withScore:	v20@0:4@8q12
0x00217680	PlusGamesManager	instance	showLeaderboard:	v12@0:4@8
0x00217704	PlusGamesManager	instance	dealloc	v8@0:4
0x002177fc	PlusGamesManager	instance	updateAchievements:	v12@0:4@8
0x002178a8	PlusGamesManager	instance	achievementProgress:	f12@0:4@8
0x0021791c	PlusGamesManager	instance	setConnecting:	v12@0:4c8
0x00217960	PlusGamesManager	instance	selectPlayers:maxPlayers:	v16@0:4i8i12
0x002179e8	PlusGamesManager	instance	showInvitationInbox	v8@0:4
0x00217a64	PlusGamesManager	instance	_onRoomConnected2:withStatus:	v16@0:4@8i12
0x00217b80	PlusGamesManager	instance	_onRoomConnected:withStatus:	v16@0:4@8i12
0x00217e64	PlusGamesManager	instance	_onDisconnectedFromRoom:	v12@0:4@8
0x00217f74	PlusGamesManager	instance	_onLeftRoom:withStatus:	v16@0:4@8i12
0x00218090	PlusGamesManager	instance	_onPeerLeft:inRoom:	v16@0:4@8@12
0x002181ac	PlusGamesManager	instance	_onPeerJoined:inRoom:	v16@0:4@8@12
0x002182c8	PlusGamesManager	instance	_onPeersConnected:inRoom:	v16@0:4@8@12
0x002183e4	PlusGamesManager	instance	_onPeersDisconnected:inRoom:	v16@0:4@8@12
0x00218500	PlusGamesManager	instance	_OnRealTimeMessageReceived:fromSender:	v16@0:4@8@12
0x00218618	PlusGamesManager	instance	_OnInvitationReceived:	v12@0:4@8
0x00218754	PlusGamesManager	instance	_OnInvitationAccepted:	v12@0:4@8
0x00218894	PlusGamesManager	instance	_SelectPlayersFailed:	v12@0:4i8
0x002189a0	PlusGamesManager	instance	_onDisconnected	v8@0:4
0x00218aa0	PlusGamesManager	instance	_waitingRoomResult:	v12@0:4i8
0x00218bc0	PlusGamesManager	instance	activityResult:	v12@0:4@8
0x0021986c	PlusGamesManager	instance	observeActivityResult	v8@0:4
0x00219a5c	PlusGamesManager	instance	delegate	@8@0:4
0x00219a98	PlusGamesManager	instance	setDelegate:	v12@0:4@8
0x00219adc	PlusGamesManager	instance	roomDelegate	@8@0:4
0x00219b18	PlusGamesManager	instance	setRoomDelegate:	v12@0:4@8
0x00219b5c	PlusGamesManager	instance	messageDelegate	@8@0:4
0x00219b98	PlusGamesManager	instance	setMessageDelegate:	v12@0:4@8
0x00219bdc	PlusGamesManager	instance	inviteDelegate	@8@0:4
0x00219c18	PlusGamesManager	instance	setInviteDelegate:	v12@0:4@8
0x00219c5c	PlusGamesManager	instance	selectPlayersDelegate	@8@0:4
0x00219c98	PlusGamesManager	instance	setSelectPlayersDelegate:	v12@0:4@8
0x00219cdc	PlusGamesManager	instance	disconnectedDelegate	@8@0:4
0x00219d18	PlusGamesManager	instance	setDisconnectedDelegate:	v12@0:4@8
0x0021db98	CIContext	instance	initWithCGContext:options:	@16@0:4^{__CGContext=}8@12
0x0021dbf8	CIContext	instance	dealloc	v8@0:4
0x0021dc94	CIContext	class	contextWithCGContext:options:	@16@0:4^{__CGContext=}8@12
0x0021dd3c	CIContext	instance	drawImage:atPoint:fromRect:	v36@0:4@8{CGPoint=ff}12{CGRect={CGPoint=ff}{CGSize=ff}}20
0x0021de14	CIContext	instance	drawImage:inRect:fromRect:	v44@0:4@8{CGRect={CGPoint=ff}{CGSize=ff}}12{CGRect={CGPoint=ff}{CGSize=ff}}28
0x0021e484	CAEAGLLayer	instance	drawableProperties	@8@0:4
0x0021e4b8	CAEAGLLayer	instance	setDrawableProperties:	v12@0:4@8
0x0021e534	CALayer	instance	init	@8@0:4
0x0021e718	CALayer	class	layer	@8@0:4
0x0021e7a8	CALayer	instance	_proxy	@8@0:4
0x0021e7c4	CALayer	instance	dealloc	v8@0:4
0x0021e934	CALayer	instance	addSublayer:	v12@0:4@8
0x0021e9ac	CALayer	instance	setOpacity:	v12@0:4f8
0x0021eb0c	CALayer	instance	opacity	f8@0:4
0x0021eb48	CALayer	instance	addAnimation:forKey:	v16@0:4@8@12
0x0021ed64	CALayer	instance	animationForKey:	@12@0:4@8
0x0021eddc	CALayer	instance	autoreverses	c8@0:4
0x0021ee18	CALayer	instance	setAutoreverses:	v12@0:4c8
0x0021ee5c	CALayer	instance	beginTime	d8@0:4
0x0021ee98	CALayer	instance	setBeginTime:	v16@0:4d8
0x0021eee0	CALayer	instance	duration	d8@0:4
0x0021ef1c	CALayer	instance	setDuration:	v16@0:4d8
0x0021ef64	CALayer	instance	fillMode	@8@0:4
0x0021efa0	CALayer	instance	setFillMode:	v12@0:4@8
0x0021f064	CALayer	instance	repeatCount	f8@0:4
0x0021f0a0	CALayer	instance	setRepeatCount:	v12@0:4f8
0x0021f0e8	CALayer	instance	repeatDuration	d8@0:4
0x0021f124	CALayer	instance	setRepeatDuration:	v16@0:4d8
0x0021f16c	CALayer	instance	speed	f8@0:4
0x0021f1a8	CALayer	instance	setSpeed:	v12@0:4f8
0x0021f1f0	CALayer	instance	timeOffset	d8@0:4
0x0021f22c	CALayer	instance	setTimeOffset:	v16@0:4d8
0x0021f274	CALayer	instance	removeAllAnimations	v8@0:4
0x0021f288	CALayer	instance	affineTransform	{CGAffineTransform=ffffff}8@0:4
0x0021f2d4	CALayer	instance	setAffineTransform:	v32@0:4{CGAffineTransform=ffffff}8
0x0021f350	CALayer	instance	bounds	{CGRect={CGPoint=ff}{CGSize=ff}}8@0:4
0x0021f3b0	CALayer	instance	setBounds:	v24@0:4{CGRect={CGPoint=ff}{CGSize=ff}}8
0x0021f430	CALayer	instance	zPosition	f8@0:4
0x0021f46c	CALayer	instance	setZPosition:	v12@0:4f8
0x0021f4b4	CALayer	instance	contentsScale	f8@0:4
0x0021f4f8	CALayer	instance	setContentsScale:	v12@0:4f8
0x0021f540	CALayer	instance	isOpaque	c8@0:4
0x0021f57c	CALayer	instance	setOpaque:	v12@0:4c8
0x0021f5bc	CALayer	instance	delegate	@8@0:4
0x0021f5fc	CALayer	instance	setDelegate:	v12@0:4@8
0x0021f63c	CALayer	instance	rasterizationScale	f8@0:4
0x0021f680	CALayer	instance	setRasterizationScale:	v12@0:4f8
0x0021f6c8	CALayer	instance	shouldRasterize	c8@0:4
0x0021f704	CALayer	instance	setShouldRasterize:	v12@0:4c8
0x0021f744	CALayer	instance	borderWidth	f8@0:4
0x0021f788	CALayer	instance	setBorderWidth:	v12@0:4f8
0x0021f7d0	CALayer	instance	borderColor	^{__CGColor=}8@0:4
0x0021f80c	CALayer	instance	setBorderColor:	v12@0:4^{__CGColor=}8
0x0021f850	CALayer	instance	cornerRadius	f8@0:4
0x0021f88c	CALayer	instance	setCornerRadius:	v12@0:4f8
0x0021f8d4	CALayer	instance	masksToBounds	c8@0:4
0x0021f910	CALayer	instance	setMasksToBounds:	v12@0:4c8
0x0021f954	CALayer	instance	frame	{CGRect={CGPoint=ff}{CGSize=ff}}8@0:4
0x0021f9b4	CALayer	instance	setFrame:	v24@0:4{CGRect={CGPoint=ff}{CGSize=ff}}8
0x0021fa34	CALayer	instance	contents	@8@0:4
0x0021fa68	CALayer	instance	setContents:	v12@0:4@8
0x0021fab4	CALayer	instance	position	{CGPoint=ff}8@0:4
0x0021fb14	CALayer	instance	setPosition:	v16@0:4{CGPoint=ff}8
0x0021fb84	CALayer	instance	shadowRadius	f8@0:4
0x0021fbc8	CALayer	instance	setShadowRadius:	v12@0:4f8
0x0021fc10	CALayer	instance	shadowColor	^{__CGColor=}8@0:4
0x0021fc50	CALayer	instance	setShadowColor:	v12@0:4^{__CGColor=}8
0x0021fc90	CALayer	instance	needsDisplayOnBoundsChange	c8@0:4
0x0021fccc	CALayer	instance	setNeedsDisplayOnBoundsChange:	v12@0:4c8
0x0021fd0c	CALayer	instance	sublayers	@8@0:4
0x0021fd40	CALayer	instance	setSublayers:	v12@0:4@8
0x0021fd8c	CALayer	instance	anchorPoint	{CGPoint=ff}8@0:4
0x0021fdec	CALayer	instance	setAnchorPoint:	v16@0:4{CGPoint=ff}8
0x0021fe5c	CALayer	instance	transform	{CATransform3D=ffffffffffffffff}8@0:4
0x0021fea8	CALayer	instance	setTransform:	v72@0:4{CATransform3D=ffffffffffffffff}8
0x0021ffc4	CALayer	instance	mask	@8@0:4
0x0021fff8	CALayer	instance	setMask:	v12@0:4@8
0x00220044	CALayer	instance	shadowPath	^{__CGPath=}8@0:4
0x00220084	CALayer	instance	setShadowPath:	v12@0:4^{__CGPath=}8
0x002200c4	CALayer	instance	shadowOffset	{CGSize=ff}8@0:4
0x00220124	CALayer	instance	setShadowOffset:	v16@0:4{CGSize=ff}8
0x00220194	CALayer	instance	shadowOpacity	f8@0:4
0x002201d8	CALayer	instance	setShadowOpacity:	v12@0:4f8
0x00220220	CALayer	instance	backgroundColor	^{__CGColor=}8@0:4
0x00220260	CALayer	instance	setBackgroundColor:	v12@0:4^{__CGColor=}8
0x002202a0	CALayer	instance	edgeAntialiasingMask	I8@0:4
0x002202d8	CALayer	instance	setEdgeAntialiasingMask:	v12@0:4I8
0x00220318	CALayer	instance	isHidden	c8@0:4
0x00220354	CALayer	instance	setHidden:	v12@0:4c8
0x002203c4	CAShapeLayer	instance	dealloc	v8@0:4
0x0022061c	CAShapeLayer	instance	setPath:	v12@0:4^{__CGPath=}8
0x002206e0	CAShapeLayer	instance	path	^{__CGPath=}8@0:4
0x0022071c	CAShapeLayer	instance	setFillColor:	v12@0:4^{__CGColor=}8
0x002207e0	CAShapeLayer	instance	fillColor	^{__CGColor=}8@0:4
0x0022081c	CAShapeLayer	instance	setStrokeColor:	v12@0:4^{__CGColor=}8
0x002208e0	CAShapeLayer	instance	strokeColor	^{__CGColor=}8@0:4
0x0022091c	CAShapeLayer	instance	fillRule	@8@0:4
0x00220950	CAShapeLayer	instance	setFillRule:	v12@0:4@8
0x0022099c	CAShapeLayer	instance	strokeStart	f8@0:4
0x002209e0	CAShapeLayer	instance	setStrokeStart:	v12@0:4f8
0x00220a28	CAShapeLayer	instance	strokeEnd	f8@0:4
0x00220a6c	CAShapeLayer	instance	setStrokeEnd:	v12@0:4f8
0x00220ab4	CAShapeLayer	instance	lineWidth	f8@0:4
0x00220af8	CAShapeLayer	instance	setLineWidth:	v12@0:4f8
0x00220b40	CAShapeLayer	instance	miterLimit	f8@0:4
0x00220b84	CAShapeLayer	instance	setMiterLimit:	v12@0:4f8
0x00220bcc	CAShapeLayer	instance	lineCap	@8@0:4
0x00220c00	CAShapeLayer	instance	setLineCap:	v12@0:4@8
0x00220c4c	CAShapeLayer	instance	lineJoin	@8@0:4
0x00220c80	CAShapeLayer	instance	setLineJoin:	v12@0:4@8
0x00220ccc	CAShapeLayer	instance	lineDashPhase	f8@0:4
0x00220d10	CAShapeLayer	instance	setLineDashPhase:	v12@0:4f8
0x00220d58	CAShapeLayer	instance	lineDashPattern	@8@0:4
0x00220d8c	CAShapeLayer	instance	setLineDashPattern:	v12@0:4@8
0x00220e08	CAGradientLayer	instance	colors	@8@0:4
0x00220e3c	CAGradientLayer	instance	setColors:	v12@0:4@8
0x00220e88	CAGradientLayer	instance	locations	@8@0:4
0x00220ebc	CAGradientLayer	instance	setLocations:	v12@0:4@8
0x00220f08	CAGradientLayer	instance	endPoint	{CGPoint=ff}8@0:4
0x00220f68	CAGradientLayer	instance	setEndPoint:	v16@0:4{CGPoint=ff}8
0x00220fd8	CAGradientLayer	instance	startPoint	{CGPoint=ff}8@0:4
0x00221038	CAGradientLayer	instance	setStartPoint:	v16@0:4{CGPoint=ff}8
0x002210a8	CAGradientLayer	instance	type	@8@0:4
0x002210dc	CAGradientLayer	instance	setType:	v12@0:4@8
0x00221158	CAAnimation	class	animation	@8@0:4
0x002211e8	CAAnimation	class	defaultValueForKey:	@12@0:4@8
0x00221208	CAAnimation	instance	shouldArchiveValueForKey:	c12@0:4@8
0x00221228	CAAnimation	instance	autoreverses	c8@0:4
0x00221264	CAAnimation	instance	setAutoreverses:	v12@0:4c8
0x00221354	CAAnimation	instance	beginTime	d8@0:4
0x00221394	CAAnimation	instance	setBeginTime:	v16@0:4d8
0x0022148c	CAAnimation	instance	duration	d8@0:4
0x002214cc	CAAnimation	instance	setDuration:	v16@0:4d8
0x002215c4	CAAnimation	instance	fillMode	@8@0:4
0x00221600	CAAnimation	instance	setFillMode:	v12@0:4@8
0x00221770	CAAnimation	instance	repeatCount	f8@0:4
0x002217b0	CAAnimation	instance	setRepeatCount:	v12@0:4f8
0x002218a8	CAAnimation	instance	repeatDuration	d8@0:4
0x002218e8	CAAnimation	instance	setRepeatDuration:	v16@0:4d8
0x002219e0	CAAnimation	instance	speed	f8@0:4
0x00221a20	CAAnimation	instance	setSpeed:	v12@0:4f8
0x00221b18	CAAnimation	instance	timeOffset	d8@0:4
0x00221b58	CAAnimation	instance	setTimeOffset:	v16@0:4d8
0x00221c50	CAAnimation	instance	timingFunction	@8@0:4
0x00221c8c	CAAnimation	instance	setTimingFunction:	v12@0:4@8
0x00221cd8	CAAnimation	instance	delegate	@8@0:4
0x00221d14	CAAnimation	instance	setDelegate:	v12@0:4@8
0x00221d60	CAAnimation	instance	isRemovedOnCompletion	c8@0:4
0x00221d9c	CAAnimation	instance	setRemovedOnCompletion:	v12@0:4c8
0x00221e10	CAAnimationGroup	instance	initWithName:context:	@16@0:4@8^v12
0x00221fe4	CAAnimationGroup	instance	dealloc	v8@0:4
0x002220a8	CAAnimationGroup	instance	setDelegate:	v12@0:4@8
0x002220ec	CAAnimationGroup	instance	setDuration:	v16@0:4d8
0x00222134	CAAnimationGroup	instance	setDidStopSelector:	v12@0:4:8
0x00222178	CAAnimationGroup	instance	_commit	v8@0:4
0x0022236c	CAAnimationGroup	instance	commit	v8@0:4
0x002223ec	CAAnimationGroup	instance	animations	@8@0:4
0x00222428	CAAnimationGroup	instance	setAnimations:	v12@0:4@8
0x0022255c	CAPropertyAnimation	instance	initWithKeyPath:	@12@0:4@8
0x00222630	CAPropertyAnimation	instance	dealloc	v8@0:4
0x002226f4	CAPropertyAnimation	class	animationWithKeyPath:	@12@0:4@8
0x00222794	CAPropertyAnimation	instance	keyPath	@8@0:4
0x002227cc	CAPropertyAnimation	instance	setKeyPath:	v12@0:4@8
0x00222818	CAPropertyAnimation	instance	isAdditive	c8@0:4
0x00222854	CAPropertyAnimation	instance	setAdditive:	v12@0:4c8
0x00222898	CAPropertyAnimation	instance	isCumulative	c8@0:4
0x002228d4	CAPropertyAnimation	instance	setCumulative:	v12@0:4c8
0x00222918	CAPropertyAnimation	instance	valueFunction	@8@0:4
0x00222954	CAPropertyAnimation	instance	setValueFunction:	v12@0:4@8
0x002229d0	CABasicAnimation	instance	dealloc	v8@0:4
0x00222b04	CABasicAnimation	instance	fromValue	@8@0:4
0x00222b40	CABasicAnimation	instance	setFromValue:	v12@0:4@8
0x00222b8c	CABasicAnimation	instance	toValue	@8@0:4
0x00222bc8	CABasicAnimation	instance	setToValue:	v12@0:4@8
0x00222c14	CABasicAnimation	instance	byValue	@8@0:4
0x00222c50	CABasicAnimation	instance	setByValue:	v12@0:4@8
0x00222ccc	CAMediaTimingFunction	instance	initWithControlPoints::::	@24@0:4f8f12f16f20
0x00222d94	CAMediaTimingFunction	class	functionWithControlPoints::::	@24@0:4f8f12f16f20
0x00222e74	CAMediaTimingFunction	class	functionWithName:	@12@0:4@8
0x0022324c	CAMediaTimingFunction	instance	getControlPointAtIndex:values:	v16@0:4L8[2f]12
0x00223410	CADisplayLink	instance	initWithImplementation:target:selector:	@20@0:4^?8@12:16
0x00223784	CADisplayLink	instance	_suspend:	v12@0:4@8
0x002237cc	CADisplayLink	instance	_unsuspend:	v12@0:4@8
0x00223814	CADisplayLink	class	displayLinkWithTarget:selector:	@16@0:4@8:12
0x00223970	CADisplayLink	instance	dealloc	v8@0:4
0x00223af8	CADisplayLink	instance	fire	v8@0:4
0x002240d4	CADisplayLink	instance	addToRunLoop:forMode:	v16@0:4@8@12
0x00224258	CADisplayLink	instance	removeFromRunLoop:forMode:	v16@0:4@8@12
0x00224390	CADisplayLink	instance	invalidate	v8@0:4
0x0022449c	CADisplayLink	instance	timestamp	d8@0:4
0x002244dc	CADisplayLink	instance	duration	d8@0:4
0x0022451c	CADisplayLink	instance	setPaused:	v12@0:4c8
0x00224658	CADisplayLink	instance	isPaused	c8@0:4
0x00224694	CADisplayLink	instance	setFrameInterval:	v12@0:4i8
0x002247f0	CADisplayLink	instance	frameInterval	i8@0:4
0x00224830	CADisplayLink	instance	_startTimer	v8@0:4
0x002249a4	CADisplayLink	instance	adaptiveFrameRate	c8@0:4
0x002249e0	CADisplayLink	instance	setAdaptiveFrameRate:	v12@0:4c8
0x00224a84	CATransition	instance	dealloc	v8@0:4
0x00224bb8	CATransition	instance	type	@8@0:4
0x00224bf0	CATransition	instance	setType:	v12@0:4@8
0x00224c3c	CATransition	instance	subtype	@8@0:4
0x00224c74	CATransition	instance	setSubtype:	v12@0:4@8
0x00224cc0	CATransition	instance	startProgress	f8@0:4
0x00224d00	CATransition	instance	setStartProgress:	v12@0:4f8
0x00224d48	CATransition	instance	endProgress	f8@0:4
0x00224d88	CATransition	instance	setEndProgress:	v12@0:4f8
0x00224dd0	CATransition	instance	filter	@8@0:4
0x00224e0c	CATransition	instance	setFilter:	v12@0:4@8
0x00224e88	CAKeyframeAnimation	instance	setPath:	v12@0:4^{__CGPath=}8
0x00224f24	CAKeyframeAnimation	instance	path	^{__CGPath=}8@0:4
0x00224f60	CAKeyframeAnimation	instance	dealloc	v8@0:4
0x002251c4	CAKeyframeAnimation	instance	values	@8@0:4
0x002251fc	CAKeyframeAnimation	instance	setValues:	v12@0:4@8
0x00225248	CAKeyframeAnimation	instance	keyTimes	@8@0:4
0x00225280	CAKeyframeAnimation	instance	setKeyTimes:	v12@0:4@8
0x002252cc	CAKeyframeAnimation	instance	timingFunctions	@8@0:4
0x00225304	CAKeyframeAnimation	instance	setTimingFunctions:	v12@0:4@8
0x00225350	CAKeyframeAnimation	instance	calculationMode	@8@0:4
0x00225388	CAKeyframeAnimation	instance	setCalculationMode:	v12@0:4@8
0x002253d4	CAKeyframeAnimation	instance	rotationMode	@8@0:4
0x0022540c	CAKeyframeAnimation	instance	setRotationMode:	v12@0:4@8
0x00225458	CAKeyframeAnimation	instance	tensionValues	@8@0:4
0x00225490	CAKeyframeAnimation	instance	setTensionValues:	v12@0:4@8
0x002254dc	CAKeyframeAnimation	instance	continuityValues	@8@0:4
0x00225514	CAKeyframeAnimation	instance	setContinuityValues:	v12@0:4@8
0x00225560	CAKeyframeAnimation	instance	biasValues	@8@0:4
0x00225598	CAKeyframeAnimation	instance	setBiasValues:	v12@0:4@8
0x00227ffc	CAScrollLayer	instance	scrollMode	@8@0:4
0x00228030	CAScrollLayer	instance	setScrollMode:	v12@0:4@8
0x002280ac	CAEmitterLayer	instance	emitterCells	@8@0:4
0x002280e0	CAEmitterLayer	instance	setEmitterCells:	v12@0:4@8
0x0022812c	CAEmitterLayer	instance	birthRate	f8@0:4
0x00228170	CAEmitterLayer	instance	setBirthRate:	v12@0:4f8
0x002281b8	CAEmitterLayer	instance	lifetime	f8@0:4
0x002281fc	CAEmitterLayer	instance	setLifetime:	v12@0:4f8
0x00228244	CAEmitterLayer	instance	emitterPosition	{CGPoint=ff}8@0:4
0x002282a4	CAEmitterLayer	instance	setEmitterPosition:	v16@0:4{CGPoint=ff}8
0x00228314	CAEmitterLayer	instance	emitterZPosition	f8@0:4
0x00228358	CAEmitterLayer	instance	setEmitterZPosition:	v12@0:4f8
0x002283a0	CAEmitterLayer	instance	emitterSize	{CGSize=ff}8@0:4
0x00228400	CAEmitterLayer	instance	setEmitterSize:	v16@0:4{CGSize=ff}8
0x00228470	CAEmitterLayer	instance	emitterDepth	f8@0:4
0x002284b4	CAEmitterLayer	instance	setEmitterDepth:	v12@0:4f8
0x002284fc	CAEmitterLayer	instance	emitterShape	@8@0:4
0x00228530	CAEmitterLayer	instance	setEmitterShape:	v12@0:4@8
0x0022857c	CAEmitterLayer	instance	emitterMode	@8@0:4
0x002285b0	CAEmitterLayer	instance	setEmitterMode:	v12@0:4@8
0x002285fc	CAEmitterLayer	instance	renderMode	@8@0:4
0x00228630	CAEmitterLayer	instance	setRenderMode:	v12@0:4@8
0x0022867c	CAEmitterLayer	instance	preservesDepth	c8@0:4
0x002286b8	CAEmitterLayer	instance	setPreservesDepth:	v12@0:4c8
0x002286f8	CAEmitterLayer	instance	velocity	f8@0:4
0x0022873c	CAEmitterLayer	instance	setVelocity:	v12@0:4f8
0x00228784	CAEmitterLayer	instance	scale	f8@0:4
0x002287c8	CAEmitterLayer	instance	setScale:	v12@0:4f8
0x00228810	CAEmitterLayer	instance	spin	f8@0:4
0x00228854	CAEmitterLayer	instance	setSpin:	v12@0:4f8
0x0022889c	CAEmitterLayer	instance	seed	I8@0:4
0x002288d4	CAEmitterLayer	instance	setSeed:	v12@0:4I8
0x00228944	CAEmitterCell	instance	dealloc	v8@0:4
0x00228a08	CAEmitterCell	instance	autoreverses	c8@0:4
0x00228a44	CAEmitterCell	instance	setAutoreverses:	v12@0:4c8
0x00228a88	CAEmitterCell	instance	beginTime	d8@0:4
0x00228ac4	CAEmitterCell	instance	setBeginTime:	v16@0:4d8
0x00228b0c	CAEmitterCell	instance	duration	d8@0:4
0x00228b48	CAEmitterCell	instance	setDuration:	v16@0:4d8
0x00228b90	CAEmitterCell	instance	fillMode	@8@0:4
0x00228bcc	CAEmitterCell	instance	setFillMode:	v12@0:4@8
0x00228c90	CAEmitterCell	instance	repeatCount	f8@0:4
0x00228ccc	CAEmitterCell	instance	setRepeatCount:	v12@0:4f8
0x00228d14	CAEmitterCell	instance	repeatDuration	d8@0:4
0x00228d50	CAEmitterCell	instance	setRepeatDuration:	v16@0:4d8
0x00228d98	CAEmitterCell	instance	speed	f8@0:4
0x00228dd4	CAEmitterCell	instance	setSpeed:	v12@0:4f8
0x00228e1c	CAEmitterCell	instance	timeOffset	d8@0:4
0x00228e58	CAEmitterCell	instance	setTimeOffset:	v16@0:4d8
0x00228ea0	CAEmitterCell	instance	name	@8@0:4
0x00228ed4	CAEmitterCell	instance	setName:	v12@0:4@8
0x00228f20	CAEmitterCell	instance	isEnabled	c8@0:4
0x00228f5c	CAEmitterCell	instance	setEnabled:	v12@0:4c8
0x00228f9c	CAEmitterCell	instance	birthRate	f8@0:4
0x00228fe0	CAEmitterCell	instance	setBirthRate:	v12@0:4f8
0x00229028	CAEmitterCell	instance	lifetime	f8@0:4
0x0022906c	CAEmitterCell	instance	setLifetime:	v12@0:4f8
0x002290b4	CAEmitterCell	instance	lifetimeRange	f8@0:4
0x002290f8	CAEmitterCell	instance	setLifetimeRange:	v12@0:4f8
0x00229140	CAEmitterCell	instance	emissionLatitude	f8@0:4
0x00229184	CAEmitterCell	instance	setEmissionLatitude:	v12@0:4f8
0x002291cc	CAEmitterCell	instance	emissionLongitude	f8@0:4
0x00229210	CAEmitterCell	instance	setEmissionLongitude:	v12@0:4f8
0x00229258	CAEmitterCell	instance	emissionRange	f8@0:4
0x0022929c	CAEmitterCell	instance	setEmissionRange:	v12@0:4f8
0x002292e4	CAEmitterCell	instance	velocity	f8@0:4
0x00229328	CAEmitterCell	instance	setVelocity:	v12@0:4f8
0x00229370	CAEmitterCell	instance	velocityRange	f8@0:4
0x002293b4	CAEmitterCell	instance	setVelocityRange:	v12@0:4f8
0x002293fc	CAEmitterCell	instance	xAcceleration	f8@0:4
0x00229440	CAEmitterCell	instance	setXAcceleration:	v12@0:4f8
0x00229488	CAEmitterCell	instance	yAcceleration	f8@0:4
0x002294cc	CAEmitterCell	instance	setYAcceleration:	v12@0:4f8
0x00229514	CAEmitterCell	instance	zAcceleration	f8@0:4
0x00229558	CAEmitterCell	instance	setZAcceleration:	v12@0:4f8
0x002295a0	CAEmitterCell	instance	scale	f8@0:4
0x002295e4	CAEmitterCell	instance	setScale:	v12@0:4f8
0x0022962c	CAEmitterCell	instance	scaleRange	f8@0:4
0x00229670	CAEmitterCell	instance	setScaleRange:	v12@0:4f8
0x002296b8	CAEmitterCell	instance	scaleSpeed	f8@0:4
0x002296fc	CAEmitterCell	instance	setScaleSpeed:	v12@0:4f8
0x00229744	CAEmitterCell	instance	spin	f8@0:4
0x00229788	CAEmitterCell	instance	setSpin:	v12@0:4f8
0x002297d0	CAEmitterCell	instance	spinRange	f8@0:4
0x00229814	CAEmitterCell	instance	setSpinRange:	v12@0:4f8
0x0022985c	CAEmitterCell	instance	color	^{__CGColor=}8@0:4
0x0022989c	CAEmitterCell	instance	setColor:	v12@0:4^{__CGColor=}8
0x002298dc	CAEmitterCell	instance	redRange	f8@0:4
0x00229920	CAEmitterCell	instance	setRedRange:	v12@0:4f8
0x00229968	CAEmitterCell	instance	greenRange	f8@0:4
0x002299ac	CAEmitterCell	instance	setGreenRange:	v12@0:4f8
0x002299f4	CAEmitterCell	instance	blueRange	f8@0:4
0x00229a38	CAEmitterCell	instance	setBlueRange:	v12@0:4f8
0x00229a80	CAEmitterCell	instance	alphaRange	f8@0:4
0x00229ac4	CAEmitterCell	instance	setAlphaRange:	v12@0:4f8
0x00229b0c	CAEmitterCell	instance	redSpeed	f8@0:4
0x00229b50	CAEmitterCell	instance	setRedSpeed:	v12@0:4f8
0x00229b98	CAEmitterCell	instance	greenSpeed	f8@0:4
0x00229bdc	CAEmitterCell	instance	setGreenSpeed:	v12@0:4f8
0x00229c24	CAEmitterCell	instance	blueSpeed	f8@0:4
0x00229c68	CAEmitterCell	instance	setBlueSpeed:	v12@0:4f8
0x00229cb0	CAEmitterCell	instance	alphaSpeed	f8@0:4
0x00229cf4	CAEmitterCell	instance	setAlphaSpeed:	v12@0:4f8
0x00229d3c	CAEmitterCell	instance	contents	@8@0:4
0x00229d70	CAEmitterCell	instance	setContents:	v12@0:4@8
0x00229dbc	CAEmitterCell	instance	contentsRect	{CGRect={CGPoint=ff}{CGSize=ff}}8@0:4
0x00229e1c	CAEmitterCell	instance	setContentsRect:	v24@0:4{CGRect={CGPoint=ff}{CGSize=ff}}8
0x00229e9c	CAEmitterCell	instance	minificationFilter	@8@0:4
0x00229ed0	CAEmitterCell	instance	setMinificationFilter:	v12@0:4@8
0x00229f1c	CAEmitterCell	instance	magnificationFilter	@8@0:4
0x00229f50	CAEmitterCell	instance	setMagnificationFilter:	v12@0:4@8
0x00229f9c	CAEmitterCell	instance	minificationFilterBias	f8@0:4
0x00229fe0	CAEmitterCell	instance	setMinificationFilterBias:	v12@0:4f8
0x0022a028	CAEmitterCell	instance	emitterCells	@8@0:4
0x0022a05c	CAEmitterCell	instance	setEmitterCells:	v12@0:4@8
0x0022a0a8	CAEmitterCell	instance	style	@8@0:4
0x0022a0dc	CAEmitterCell	instance	setStyle:	v12@0:4@8
0x0022a158	AVSynchronizedLayer	instance	playerItem	@8@0:4
0x0022a194	AVSynchronizedLayer	instance	setPlayerItem:	v12@0:4@8
0x0022a210	AVPlayerLayer	class	playerLayerWithPlayer:	@12@0:4@8
0x0022a230	AVPlayerLayer	instance	player	@8@0:4
0x0022a26c	AVPlayerLayer	instance	setPlayer:	v12@0:4@8
0x0022a2b8	AVPlayerLayer	instance	videoGravity	@8@0:4
0x0022a2ec	AVPlayerLayer	instance	setVideoGravity:	v12@0:4@8
0x0022a338	AVPlayerLayer	instance	isReadyForDisplay	c8@0:4
0x0022a3a4	ApportableIAP	class	initializeJava	v8@0:4
0x0022aab4	ApportableIAP	instance	initWithIABv3:	@12@0:4c8
0x0022ab78	ApportableIAP	instance	initWithDelegate:useIBAv3Purchases:	@16@0:4@8c12
0x0022ac28	ApportableIAP	instance	dealloc	v8@0:4
0x0022acb4	ApportableIAP	instance	restoreTransactions	c8@0:4
0x0022add8	ApportableIAP	instance	querySkusWithRequest:skus:	c16@0:4@8@12
0x0022ae6c	ApportableIAP	instance	purchaseObjectWithProductIdentifier:productType:requestID:	c20@0:4@8@12@16
0x0022af54	ApportableIAP	class	className	@8@0:4
0x0022af84	ApportableIAP	instance	delegate	@8@0:4
0x0022afc0	ApportableIAP	instance	setDelegate:	v12@0:4@8
0x0022bafc	SKPayment	class	paymentWithProduct:	@12@0:4@8
0x0022bb9c	SKPayment	class	paymentWithProductIdentifier:	@12@0:4@8
0x0022bc3c	SKPayment	instance	init	@8@0:4
0x0022bd44	SKPayment	instance	initWithProductIdentifier:	@12@0:4@8
0x0022be60	SKPayment	instance	initWithProduct:	@12@0:4@8
0x0022bf68	SKPayment	instance	initWithCoder:	@12@0:4@8
0x0022c16c	SKPayment	instance	dealloc	v8@0:4
0x0022c26c	SKPayment	instance	encodeWithCoder:	v12@0:4@8
0x0022c42c	SKPayment	instance	copyWithZone:	@12@0:4^{_NSZone=}8
0x0022c654	SKPayment	instance	mutableCopyWithZone:	@12@0:4^{_NSZone=}8
0x0022c86c	SKPayment	instance	productIdentifier	@8@0:4
0x0022c8a0	SKPayment	instance	setProductIdentifier:	v12@0:4@8
0x0022c8ec	SKPayment	instance	quantity	i8@0:4
0x0022c928	SKPayment	instance	setQuantity:	v12@0:4i8
0x0022c96c	SKPayment	instance	requestData	@8@0:4
0x0022c9a0	SKPayment	instance	setRequestData:	v12@0:4@8
0x0022c9ec	SKPayment	instance	productType	@8@0:4
0x0022ca20	SKPayment	instance	setProductType:	v12@0:4@8
0x0022ca9c	SKPaymentQueueInternal	instance	initWithQueue:	@12@0:4@8
0x0022d300	SKPaymentQueueInternal	instance	dealloc	v8@0:4
0x0022d5a8	SKPaymentQueueInternal	instance	canMakePayments	c8@0:4
0x0022d5c4	SKPaymentQueueInternal	instance	generateRandomRequestID	@8@0:4
0x0022d730	SKPaymentQueueInternal	instance	generateFakeFailedTransactionWithRequestID:productIdentifer:	v16@0:4@8@12
0x0022da00	SKPaymentQueueInternal	instance	addPayment:	v12@0:4@8
0x0022de28	SKPaymentQueueInternal	instance	consumeTransaction:	c12@0:4@8
0x0022df44	SKPaymentQueueInternal	instance	restoreCompletedTransactions	v8@0:4
0x0022dfac	SKPaymentQueueInternal	instance	finishTransaction:	v12@0:4@8
0x0022e320	SKPaymentQueueInternal	instance	addTransactionObserver:	v12@0:4@8
0x0022e45c	SKPaymentQueueInternal	instance	processDeferredObserverQueue	v8@0:4
0x0022ef64	SKPaymentQueueInternal	instance	removeTransactionObserver:	v12@0:4@8
0x0022f024	SKPaymentQueueInternal	instance	requestSubscriptionsSupported:	v12@0:4@?8
0x0022f2c4	SKPaymentQueueInternal	instance	setupFinished	v8@0:4
0x0022f6d8	SKPaymentQueueInternal	instance	purchaseStateDidChange:state:orderId:signedData:signature:transactionId:paymentProductIdentifier:startId:transactionDate:purchaseToken:restored:v3:error:	v60@0:4@8@12@16@20@24@28@32i36@40@44c48c52@56
0x00230cdc	SKPaymentQueueInternal	instance	restoreCompletedTransactionsFailedWithError:	v12@0:4@8
0x00231294	SKPaymentQueueInternal	instance	restoreCompletedTransactionsFinished	v8@0:4
0x0023168c	SKPaymentQueueInternal	instance	transactions	@8@0:4
0x00231870	SKPaymentQueueInternal	instance	_hasObservers	c8@0:4
0x002318e8	SKPaymentQueueInternal	instance	productRequest:response:error:	v20@0:4@8@12c16
0x00231bdc	SKPaymentQueueInternal	instance	startProductsRequest:skus:	c16@0:4@8@12
0x00231cb0	SKPaymentQueue	instance	init	@8@0:4
0x00231dc8	SKPaymentQueue	instance	dealloc	v8@0:4
0x00231e8c	SKPaymentQueue	class	defaultQueue	@8@0:4
0x00232040	SKPaymentQueue	instance	canMakePayments	c8@0:4
0x002320a8	SKPaymentQueue	class	canMakePayments	c8@0:4
0x0023212c	SKPaymentQueue	instance	addPayment:	v12@0:4@8
0x00232198	SKPaymentQueue	instance	restoreCompletedTransactions	v8@0:4
0x002321fc	SKPaymentQueue	instance	finishTransaction:	v12@0:4@8
0x00232268	SKPaymentQueue	instance	addTransactionObserver:	v12@0:4@8
0x002322d4	SKPaymentQueue	instance	removeTransactionObserver:	v12@0:4@8
0x00232340	SKPaymentQueue	instance	transactions	@8@0:4
0x002323a4	SKPaymentQueue	instance	_hasObservers	c8@0:4
0x0023240c	SKPaymentQueue	instance	requestSubscriptionsSupported:	v12@0:4@?8
0x00232478	SKPaymentQueue	instance	consumePurchase:	c12@0:4@8
0x002324e8	SKPaymentQueue	instance	_startProductsRequest:skus:	c16@0:4@8@12
0x00232590	SKPaymentTransaction	instance	initWithError:transactionState:payment:originalTransaction:transactionDate:transactionIdentifier:v3Token:transactionReceipt:	@40@0:4@8i12@16@20@24@28@32@36
0x00232854	SKPaymentTransaction	instance	initWithCoder:	@12@0:4@8
0x00232bfc	SKPaymentTransaction	instance	dealloc	v8@0:4
0x00232dd4	SKPaymentTransaction	instance	encodeWithCoder:	v12@0:4@8
0x002330ac	SKPaymentTransaction	instance	copyWithZone:	@12@0:4^{_NSZone=}8
0x002331b0	SKPaymentTransaction	instance	_setState:	v12@0:4i8
0x00233204	SKPaymentTransaction	instance	_restoredWithReciept:	v12@0:4@8
0x00233290	SKPaymentTransaction	instance	_succeedWithReciept:	v12@0:4@8
0x0023331c	SKPaymentTransaction	instance	_failWithError:	v12@0:4@8
0x002333a4	SKPaymentTransaction	instance	error	@8@0:4
0x002333e0	SKPaymentTransaction	instance	setError:	v12@0:4@8
0x0023342c	SKPaymentTransaction	instance	originalTransaction	@8@0:4
0x00233468	SKPaymentTransaction	instance	setOriginalTransaction:	v12@0:4@8
0x002334b4	SKPaymentTransaction	instance	payment	@8@0:4
0x002334f0	SKPaymentTransaction	instance	setPayment:	v12@0:4@8
0x0023353c	SKPaymentTransaction	instance	transactionDate	@8@0:4
0x00233578	SKPaymentTransaction	instance	setTransactionDate:	v12@0:4@8
0x002335c4	SKPaymentTransaction	instance	transactionIdentifier	@8@0:4
0x002335fc	SKPaymentTransaction	instance	setTransactionIdentifier:	v12@0:4@8
0x00233648	SKPaymentTransaction	instance	transactionReceipt	@8@0:4
0x00233680	SKPaymentTransaction	instance	setTransactionReceipt:	v12@0:4@8
0x002336cc	SKPaymentTransaction	instance	transactionState	i8@0:4
0x00233708	SKPaymentTransaction	instance	setTransactionState:	v12@0:4i8
0x0023374c	SKPaymentTransaction	instance	statefulStartId	i8@0:4
0x00233788	SKPaymentTransaction	instance	setStatefulStartId:	v12@0:4i8
0x002337cc	SKPaymentTransaction	instance	statefulInternalTransactionIdentifer	@8@0:4
0x00233800	SKPaymentTransaction	instance	setStatefulInternalTransactionIdentifer:	v12@0:4@8
0x0023384c	SKPaymentTransaction	instance	googleIABV3Token	@8@0:4
0x00233880	SKPaymentTransaction	instance	setGoogleIABV3Token:	v12@0:4@8
0x002338cc	SKPaymentTransaction	instance	purchaseToken	@8@0:4
0x00233900	SKPaymentTransaction	instance	setPurchaseToken:	v12@0:4@8
0x0023394c	SKPaymentTransaction	instance	developerPayload	@8@0:4
0x00233980	SKPaymentTransaction	instance	setDeveloperPayload:	v12@0:4@8
0x00233a80	SKProductInternal	instance	willChangeValueForKey:	v12@0:4@8
0x00233aec	SKProductInternal	instance	didChangeValueForKey:	v12@0:4@8
0x00233b58	SKProductInternal	instance	dealloc	v8@0:4
0x00233e00	SKProductInternal	instance	localizedDescription	@8@0:4
0x00233e38	SKProductInternal	instance	setLocalizedDescription:	v12@0:4@8
0x00233e84	SKProductInternal	instance	localizedTitle	@8@0:4
0x00233ebc	SKProductInternal	instance	setLocalizedTitle:	v12@0:4@8
0x00233f08	SKProductInternal	instance	price	@8@0:4
0x00233f40	SKProductInternal	instance	setPrice:	v12@0:4@8
0x00233f8c	SKProductInternal	instance	priceString	@8@0:4
0x00233fc4	SKProductInternal	instance	setPriceString:	v12@0:4@8
0x00234010	SKProductInternal	instance	priceMicrosString	@8@0:4
0x00234048	SKProductInternal	instance	setPriceMicrosString:	v12@0:4@8
0x00234094	SKProductInternal	instance	priceCurrencyCode	@8@0:4
0x002340cc	SKProductInternal	instance	setPriceCurrencyCode:	v12@0:4@8
0x00234118	SKProductInternal	instance	originalPriceString	@8@0:4
0x00234150	SKProductInternal	instance	setOriginalPriceString:	v12@0:4@8
0x0023419c	SKProductInternal	instance	priceLocale	@8@0:4
0x002341d8	SKProductInternal	instance	setPriceLocale:	v12@0:4@8
0x00234224	SKProductInternal	instance	productIdentifier	@8@0:4
0x0023425c	SKProductInternal	instance	setProductIdentifier:	v12@0:4@8
0x002342a8	SKProductInternal	instance	productType	@8@0:4
0x002342e0	SKProductInternal	instance	setProductType:	v12@0:4@8
0x0023432c	SKProduct	instance	initWithLocalizedDescription:title:price:priceLocale:productIdentifier:productType:	@32@0:4@8@12@16@20@24@28
0x00234460	SKProduct	instance	initWithLocalizedDescription:title:price:priceString:priceLocale:productIdentifier:productType:	@36@0:4@8@12@16@20@24@28@32
0x0023479c	SKProduct	instance	dealloc	v8@0:4
0x00234860	SKProduct	instance	localizedDescription	@8@0:4
0x002348c4	SKProduct	instance	localizedTitle	@8@0:4
0x00234928	SKProduct	instance	price	@8@0:4
0x0023498c	SKProduct	instance	_priceString	@8@0:4
0x002349f0	SKProduct	instance	_priceMicrosString	@8@0:4
0x00234a54	SKProduct	instance	priceMicrosString:	v12@0:4@8
0x00234ac0	SKProduct	instance	_priceCurrencyCode	@8@0:4
0x00234b24	SKProduct	instance	priceCurrencyCode:	v12@0:4@8
0x00234b90	SKProduct	instance	_originalPriceString	@8@0:4
0x00234bf4	SKProduct	instance	originalPriceString:	v12@0:4@8
0x00234c60	SKProduct	instance	priceLocale	@8@0:4
0x00234d28	SKProduct	instance	productIdentifier	@8@0:4
0x00234d8c	SKProduct	instance	productType	@8@0:4
0x00234df0	SKProduct	instance	isDownloadable	c8@0:4
0x00234e5c	SKProductsRequestInternal	instance	initWithRequest:identifiers:	@16@0:4@8@12
0x00234ff4	SKProductsRequestInternal	instance	dealloc	v8@0:4
0x002350b8	SKProductsResponseInternal	instance	initWithResponse:products:invalidProductIdentifiers:	@20@0:4@8@12@16
0x002352fc	SKProductsResponseInternal	instance	dealloc	v8@0:4
0x002353fc	SKProductsResponseInternal	instance	products	@8@0:4
0x00235438	SKProductsResponseInternal	instance	invalidProductIdentifiers	@8@0:4
0x00235474	SKProductsResponse	instance	initWithProducts:invalidProductIdentifiers:	@16@0:4@8@12
0x002355ac	SKProductsResponse	instance	products	@8@0:4
0x00235610	SKProductsResponse	instance	invalidProductIdentifiers	@8@0:4
0x00235674	SKProductsRequest	instance	initWithProductIdentifiers:	@12@0:4@8
0x00235adc	SKProductsRequest	instance	dealloc	v8@0:4
0x00235c10	SKProductsRequest	instance	start	v8@0:4
0x00235e48	SKProductsRequest	instance	_processResponse:	v12@0:4@8
0x00236ae4	SKProductsRequest	instance	_processError:	v12@0:4@8
0x00236d3c	SKRequestInternal	instance	initWithRequest:	@12@0:4@8
0x00236df4	SKRequestInternal	instance	delegate	@8@0:4
0x00236e30	SKRequestInternal	instance	setDelegate:	v12@0:4@8
0x00236e74	SKRequest	instance	init	@8@0:4
0x00236f8c	SKRequest	instance	dealloc	v8@0:4
0x00237050	SKRequest	instance	start	v8@0:4
0x00237064	SKRequest	instance	cancel	v8@0:4
0x00237078	SKRequest	instance	delegate	@8@0:4
0x002370dc	SKRequest	instance	setDelegate:	v12@0:4@8
0x002371a8	SKStoreProductViewController	instance	loadProductWithParameters:completionBlock:	v16@0:4@8@?12
0x002371c4	SKStoreProductViewController	instance	delegate	@8@0:4
0x00237200	SKStoreProductViewController	instance	setDelegate:	v12@0:4@8
0x00237274	UIShakeEvent	instance	initWithMotion:	@16@0:4d8
0x00237330	UIShakeEvent	instance	type	i8@0:4
0x0023734c	UIShakeEvent	instance	subtype	i8@0:4
0x00237368	UIShakeEvent	instance	timestamp	d8@0:4
0x002373a4	ShakeMotionDetectionDelegate	class	sharedShakeMotionDelegate	@8@0:4
0x002374b8	ShakeMotionDetectionDelegate	instance	init	@8@0:4
0x002375b4	ShakeMotionDetectionDelegate	instance	startDetection	v8@0:4
0x00237cec	ShakeMotionDetectionDelegate	instance	stopDetection	v8@0:4
0x00237dac	ShakeMotionDetectionDelegate	instance	dealloc	v8@0:4
0x00237f30	UIButtonEvent	class	load	v8@0:4
0x0023823c	UIButtonEvent	instance	initWithKeyDown:	@12@0:4I8
0x00238398	UIButtonEvent	instance	initWithKeyUp:	@12@0:4I8
0x002384f4	UIButtonEvent	instance	type	i8@0:4
0x00238510	UIButtonEvent	instance	subtype	i8@0:4
0x0023854c	UIButtonEvent	instance	timestamp	d8@0:4
0x00238588	UIButtonEvent	instance	buttonCode	I8@0:4
0x002393ec	_UIKeyInputHelper	instance	initWithView:	@12@0:4@8
0x002396d4	_UIKeyInputHelper	instance	endInput	v8@0:4
0x00239738	_UIKeyInputHelper	instance	endInputOnView:	v12@0:4@8
0x002397fc	_UIKeyInputHelper	instance	dealloc	v8@0:4
0x002398fc	_UIKeyInputHelper	class	performSetupAndShowKeyBoardIfNecessary:	c12@0:4@8
0x00239a54	_UIKeyInputHelper	class	hideKeyboardIfNecessary:	c12@0:4@8
0x00239b74	_UIKeyInputHelper	instance	textField:shouldChangeCharactersInRange:replacementString:	c24@0:4@8{_NSRange=II}12@20
0x00239c68	_UIKeyInputHelper	instance	textFieldShouldReturn:	c12@0:4@8
0x00239cf0	_UIKeyInputHelper	instance	textFieldShouldEndEditing:	c12@0:4@8
0x00239d94	UIActionSheet	instance	actionSheetStyle	i8@0:4
0x00239dd0	UIActionSheet	instance	setActionSheetStyle:	v12@0:4i8
0x00239e14	UIActionSheet	instance	cancelButtonIndex	i8@0:4
0x00239e50	UIActionSheet	instance	setCancelButtonIndex:	v12@0:4i8
0x00239e94	UIActionSheet	instance	destructiveButtonIndex	i8@0:4
0x00239ed0	UIActionSheet	instance	setDestructiveButtonIndex:	v12@0:4i8
0x00239f14	UIActionSheet	instance	firstOtherButtonIndex	i8@0:4
0x00239f50	UIActionSheet	instance	delegate	@8@0:4
0x00239f8c	UIActionSheet	instance	setDelegate:	v12@0:4@8
0x00239fd0	UIActionSheet	instance	title	@8@0:4
0x0023a004	UIActionSheet	instance	setTitle:	v12@0:4@8
0x0023a050	UIActionSheet	instance	numberOfButtons	i8@0:4
0x0023a08c	UIActionSheet	instance	isVisible	c8@0:4
0x0023a0f8	UIActivity	instance	activityDidFinish:	v12@0:4c8
0x0023a110	UIActivity	instance	activityImage	@8@0:4
0x0023a12c	UIActivity	instance	activityTitle	@8@0:4
0x0023a148	UIActivity	instance	activityType	@8@0:4
0x0023a164	UIActivity	instance	activityViewController	@8@0:4
0x0023a180	UIActivity	instance	canPerformWithActivityItems:	c12@0:4@8
0x0023a1a0	UIActivity	instance	performActivity	v8@0:4
0x0023a1b4	UIActivity	instance	performActivityWithActivityItems:	v12@0:4@8
0x0023a1fc	UIActivityIndicatorView	instance	initWithCoder:	@12@0:4@8
0x0023a3d4	UIActivityIndicatorView	instance	initWithFrame:	@24@0:4{CGRect={CGPoint=ff}{CGSize=ff}}8
0x0023a474	UIActivityIndicatorView	instance	initWithActivityIndicatorStyle:	@12@0:4i8
0x0023a664	UIActivityIndicatorView	instance	startAnimating	v8@0:4
0x0023a718	UIActivityIndicatorView	instance	stopAnimating	v8@0:4
0x0023a7f8	UIActivityIndicatorView	instance	isAnimating	c8@0:4
0x0023a834	UIActivityIndicatorView	instance	sizeToFit	v8@0:4
0x0023a9d4	UIActivityIndicatorView	instance	activityIndicatorViewStyle	i8@0:4
0x0023aa10	UIActivityIndicatorView	instance	setActivityIndicatorViewStyle:	v12@0:4i8
0x0023aa54	UIActivityIndicatorView	instance	hidesWhenStopped	c8@0:4
0x0023aa90	UIActivityIndicatorView	instance	setHidesWhenStopped:	v12@0:4c8
0x0023aad4	UIActivityIndicatorView	instance	color	@8@0:4
0x0023ab10	UIActivityIndicatorView	instance	setColor:	v12@0:4@8
0x0023ab8c	UIActivityItemProvider	instance	initWithPlaceholderItem:	@12@0:4@8
0x0023ac40	UIActivityItemProvider	instance	item	@8@0:4
0x0023ac5c	UIActivityItemProvider	instance	activityType	@8@0:4
0x0023ac98	UIActivityItemProvider	instance	placeholderItem	@8@0:4
0x0023ad04	UIActivityViewController	instance	initWithActivityItems:applicationActivities:	@16@0:4@8@12
0x0023ad98	UIActivityViewController	instance	completionHandler	@?8@0:4
0x0023adcc	UIActivityViewController	instance	setCompletionHandler:	v12@0:4@?8
0x0023ae18	UIActivityViewController	instance	excludedActivityTypes	@8@0:4
0x0023ae4c	UIActivityViewController	instance	setExcludedActivityTypes:	v12@0:4@8
0x0023aec8	UIAlertView	instance	initWithTitle:message:delegate:cancelButtonTitle:otherButtonTitles:	@28@0:4@8@12@16@20@24
0x0023b3dc	UIAlertView	instance	dealloc	v8@0:4
0x0023b5c8	UIAlertView	instance	setDelegate:	v12@0:4@8
0x0023b734	UIAlertView	instance	addButtonWithTitle:	i12@0:4@8
0x0023b91c	UIAlertView	instance	buttonTitleAtIndex:	@12@0:4i8
0x0023ba7c	UIAlertView	instance	show	v8@0:4
0x0023bb54	UIAlertView	instance	hide	v8@0:4
0x0023bbf4	UIAlertView	instance	dismissWithClickedButtonIndex:animated:	v16@0:4i8c12
0x0023bcd0	UIAlertView	instance	textFieldAtIndex:	@12@0:4i8
0x0023bd3c	UIAlertView	instance	_addTextField:	v12@0:4@8
0x0023be5c	UIAlertView	instance	numberOfButtons	i8@0:4
0x0023bf00	UIAlertView	instance	cancelButtonIndex	i8@0:4
0x0023bf60	UIAlertView	instance	setCancelButtonIndex:	v12@0:4i8
0x0023bfc8	UIAlertView	instance	firstOtherButtonIndex	i8@0:4
0x0023c0a0	UIAlertView	instance	setAlertViewStyle:	v12@0:4i8
0x0023c4cc	UIAlertView	instance	alertViewStyle	i8@0:4
0x0023c508	UIAlertView	instance	_onClick:	v12@0:4i8
0x0023c6e8	UIAlertView	instance	_onCancel	v8@0:4
0x0023c8d8	UIAlertView	instance	_onDismiss	v8@0:4
0x0023ca20	UIAlertView	instance	delegate	@8@0:4
0x0023ca5c	UIAlertView	instance	title	@8@0:4
0x0023ca90	UIAlertView	instance	setTitle:	v12@0:4@8
0x0023cadc	UIAlertView	instance	message	@8@0:4
0x0023cb10	UIAlertView	instance	setMessage:	v12@0:4@8
0x0023cb5c	UIAlertView	instance	isVisible	c8@0:4
0x0023cbc8	UIBarItem	instance	initWithCoder:	@12@0:4@8
0x0023cdb8	UIBarItem	instance	init	@8@0:4
0x0023ce7c	UIBarItem	instance	dealloc	v8@0:4
0x0023cfa4	UIBarItem	instance	setTitle:	v12@0:4@8
0x0023d128	UIBarItem	instance	isEnabled	c8@0:4
0x0023d164	UIBarItem	instance	setEnabled:	v12@0:4c8
0x0023d1a8	UIBarItem	instance	title	@8@0:4
0x0023d1dc	UIBarItem	instance	image	@8@0:4
0x0023d218	UIBarItem	instance	setImage:	v12@0:4@8
0x0023d264	UIBarItem	instance	landscapeImagePhone	@8@0:4
0x0023d2a0	UIBarItem	instance	setLandscapeImagePhone:	v12@0:4@8
0x0023d2ec	UIBarItem	instance	imageInsets	{UIEdgeInsets=ffff}8@0:4
0x0023d344	UIBarItem	instance	setImageInsets:	v24@0:4{UIEdgeInsets=ffff}8
0x0023d3b8	UIBarItem	instance	landscapeImagePhoneInsets	{UIEdgeInsets=ffff}8@0:4
0x0023d410	UIBarItem	instance	setLandscapeImagePhoneInsets:	v24@0:4{UIEdgeInsets=ffff}8
0x0023d484	UIBarItem	instance	tag	i8@0:4
0x0023d4c0	UIBarItem	instance	setTag:	v12@0:4i8
0x0023d534	UIBarButtonItem	instance	initWithCoder:	@12@0:4@8
0x0023d898	UIBarButtonItem	instance	encodeWithCoder:	v12@0:4@8
0x0023d8b4	UIBarButtonItem	instance	init	@8@0:4
0x0023d930	UIBarButtonItem	instance	initWithImage:style:target:action:	@24@0:4@8i12@16:20
0x0023da80	UIBarButtonItem	instance	initWithTitle:style:target:action:	@24@0:4@8i12@16:20
0x0023dc00	UIBarButtonItem	instance	initWithBarButtonSystemItem:target:action:	@20@0:4i8@12:16
0x0023dd48	UIBarButtonItem	instance	initWithCustomView:	@12@0:4@8
0x0023de70	UIBarButtonItem	instance	dealloc	v8@0:4
0x0023df34	UIBarButtonItem	instance	customView	@8@0:4
0x0023df70	UIBarButtonItem	instance	setCustomView:	v12@0:4@8
0x0023e090	UIBarButtonItem	instance	addTarget:action:forControlEvents:	v20@0:4@8:12I16
0x0023e104	UIBarButtonItem	instance	setStyle:	v12@0:4i8
0x0023e220	UIBarButtonItem	instance	style	i8@0:4
0x0023e25c	UIBarButtonItem	instance	width	f8@0:4
0x0023e298	UIBarButtonItem	instance	setWidth:	v12@0:4f8
0x0023e3c0	UIBarButtonItem	instance	possibleTitles	@8@0:4
0x0023e3f4	UIBarButtonItem	instance	setPossibleTitles:	v12@0:4@8
0x0023e440	UIBarButtonItem	instance	action	:8@0:4
0x0023e47c	UIBarButtonItem	instance	setAction:	v12@0:4:8
0x0023e4c0	UIBarButtonItem	instance	target	@8@0:4
0x0023e4fc	UIBarButtonItem	instance	setTarget:	v12@0:4@8
0x0023e540	UIBarButtonItem	instance	tintColor	@8@0:4
0x0023e57c	UIBarButtonItem	instance	setTintColor:	v12@0:4@8
0x0023e5f8	UIImageView	instance	initWithCoder:	@12@0:4@8
0x0023eab8	UIImageView	instance	initWithFrame:	@24@0:4{CGRect={CGPoint=ff}{CGSize=ff}}8
0x0023ec34	UIImageView	instance	init	@8@0:4
0x0023eca0	UIImageView	instance	initWithImage:	@12@0:4@8
0x0023eec4	UIImageView	instance	initWithImage:highlightedImage:	@16@0:4@8@12
0x0023ef78	UIImageView	instance	dealloc	v8@0:4
0x0023f11c	UIImageView	instance	setImage:	v12@0:4@8
0x0023f268	UIImageView	instance	_willMoveToWindow:notifyController:	v16@0:4@8c12
0x0023f398	UIImageView	instance	_setGrayscalingImage:	v12@0:4B8
0x0023f488	UIImageView	instance	image	@8@0:4
0x0023f4c4	UIImageView	instance	setContentScaleFactor:	v12@0:4f8
0x0023f5d8	UIImageView	instance	setHighlightedImage:	v12@0:4@8
0x0023f6b4	UIImageView	instance	highlightedImage	@8@0:4
0x0023f6f0	UIImageView	instance	setHighlighted:	v12@0:4c8
0x0023f8dc	UIImageView	instance	isHighlighted	c8@0:4
0x0023f918	UIImageView	instance	sizeToFit	v8@0:4
0x0023fad4	UIImageView	instance	animationImages	@8@0:4
0x0023fb10	UIImageView	instance	setAnimationImages:	v12@0:4@8
0x0023fd54	UIImageView	instance	setAnimationDuration:	v16@0:4d8
0x0023fdd0	UIImageView	instance	setAnimationRepeatCount:	v12@0:4i8
0x0023fe48	UIImageView	instance	startAnimating	v8@0:4
0x00240068	UIImageView	instance	stopAnimating	v8@0:4
0x00240160	UIImageView	instance	isAnimating	c8@0:4
0x002401b4	UIImageView	instance	_animateImages:	v12@0:4@8
0x002403e4	UIImageView	instance	highlightedAnimationImages	@8@0:4
0x00240418	UIImageView	instance	setHighlightedAnimationImages:	v12@0:4@8
0x00240464	UIImageView	instance	animationDuration	d8@0:4
0x002404a0	UIImageView	instance	animationRepeatCount	i8@0:4
0x002404dc	UIImageView	instance	tintColor	@8@0:4
0x00240518	UIImageView	instance	setTintColor:	v12@0:4@8
0x00240c68	UIApplication	class	sharedApplication	@8@0:4
0x00240d50	UIApplication	class	allocWithZone:	@12@0:4^{_NSZone=}8
0x00240e18	UIApplication	instance	retain	@8@0:4
0x00240e30	UIApplication	instance	retainCount	I8@0:4
0x00240e4c	UIApplication	instance	release	Vv8@0:4
0x00240e60	UIApplication	instance	_setApplicationState:	v12@0:4i8
0x00240f50	UIApplication	instance	autorelease	@8@0:4
0x00240f68	UIApplication	instance	nextResponder	@8@0:4
0x0024108c	UIApplication	instance	init	@8@0:4
0x002413e4	UIApplication	instance	beginIgnoringInteractionEvents	v8@0:4
0x00241424	UIApplication	instance	endIgnoringInteractionEvents	v8@0:4
0x00241464	UIApplication	instance	isIgnoringInteractionEvents	c8@0:4
0x002414a0	UIApplication	instance	finishedLaunching	v8@0:4
0x0024212c	UIApplication	instance	awakeFromNib	v8@0:4
0x002421cc	UIApplication	instance	initializeOrientation	v8@0:4
0x002423f0	UIApplication	instance	run	v8@0:4
0x002431d4	UIApplication	instance	delegate	@8@0:4
0x00243210	UIApplication	instance	setDelegate:	v12@0:4@8
0x00243280	UIApplication	instance	_isAppURL:	c12@0:4@8
0x002435c0	UIApplication	instance	_openAppURL:	v12@0:4@8
0x002437ec	UIApplication	instance	canOpenURL:	c12@0:4@8
0x00243948	UIApplication	instance	openURL:	c12@0:4@8
0x00243b84	UIApplication	instance	_lifecycleEvent:	v12@0:4@8
0x00244dc0	UIApplication	instance	sendEvent:	v12@0:4@8
0x00244e7c	UIApplication	instance	sendAction:to:from:forEvent:	v24@0:4:8@12@16@20
0x00244eec	UIApplication	instance	applicationSignificantTimeChange:	v12@0:4@8
0x00244f04	UIApplication	instance	application:willChangeStatusBarOrientation:duration:	v24@0:4@8i12d16
0x00244f28	UIApplication	instance	application:didChangeStatusBarOrientation:	v16@0:4@8i12
0x00244f44	UIApplication	instance	application:willChangeStatusBarFrame:	v28@0:4@8{CGRect={CGPoint=ff}{CGSize=ff}}12
0x00244f7c	UIApplication	instance	application:didChangeStatusBarFrame:	v28@0:4@8{CGRect={CGPoint=ff}{CGSize=ff}}12
0x00244fb4	UIApplication	instance	application:didFailToRegisterForRemoteNotificationsWithError:	v16@0:4@8@12
0x00244fd0	UIApplication	instance	application:didReceiveLocalNotification:	v16@0:4@8@12
0x00244fec	UIApplication	instance	applicationProtectedDataWillBecomeUnavailable:	v12@0:4@8
0x00245004	UIApplication	instance	applicationProtectedDataDidBecomeAvailable:	v12@0:4@8
0x00245218	UIApplication	instance	_ignoreNextFocus:	v12@0:4c8
0x00245268	UIApplication	instance	eventCheck	v8@0:4
0x002452cc	UIApplication	instance	isStatusBarHidden	c8@0:4
0x002452e8	UIApplication	instance	statusBarHidden	c8@0:4
0x00245338	UIApplication	instance	setStatusBarHidden:	v12@0:4c8
0x00245350	UIApplication	instance	setStatusBarHidden:withAnimation:	v16@0:4c8i12
0x002453b8	UIApplication	instance	statusBarOrientation	i8@0:4
0x002453e8	UIApplication	instance	setStatusBarOrientation:	v12@0:4i8
0x00245440	UIApplication	instance	setStatusBarOrientation:animated:	v16@0:4i8c12
0x00245498	UIApplication	instance	setKeyWindow:	v12@0:4@8
0x00245868	UIApplication	instance	keyWindow	@8@0:4
0x002458a4	UIApplication	instance	setIdleTimerDisabled:	v12@0:4c8
0x00245adc	UIApplication	instance	idleTimerDisabled	c8@0:4
0x00245b18	UIApplication	instance	registerForRemoteNotificationTypes:	v12@0:4I8
0x00245b30	UIApplication	instance	unregisterForRemoteNotifications	v8@0:4
0x00245b44	UIApplication	instance	enabledRemoteNotificationTypes	I8@0:4
0x00245b60	UIApplication	instance	setStatusBarHidden:animated:	v16@0:4c8c12
0x00245b7c	UIApplication	instance	receivedEvent:type:extra:forMode:	v24@0:4^v8i12^v16@20
0x00245bac	UIApplication	instance	runLoopShouldBlock:	c12@0:4^c8
0x00245bcc	UIApplication	instance	supportedInterfaceOrientationsForWindow:	I12@0:4@8
0x00245fac	UIApplication	instance	beginBackgroundTaskWithExpirationHandler:	I12@0:4@?8
0x00246014	UIApplication	instance	beginBackgroundTaskWithName:expirationHandler:	I16@0:4@8@?12
0x002463b0	UIApplication	instance	endBackgroundTask:	v12@0:4I8
0x002464e8	UIApplication	instance	_expireBackgroundTasks	v8@0:4
0x002467d4	UIApplication	class	androidId	@8@0:4
0x0024682c	UIApplication	instance	isNetworkActivityIndicatorVisible	c8@0:4
0x00246868	UIApplication	instance	setNetworkActivityIndicatorVisible:	v12@0:4c8
0x002468ac	UIApplication	instance	isIdleTimerDisabled	c8@0:4
0x002468e8	UIApplication	instance	windows	@8@0:4
0x00246924	UIApplication	instance	statusBarStyle	i8@0:4
0x00246960	UIApplication	instance	setStatusBarStyle:	v12@0:4i8
0x002469a4	UIApplication	instance	statusBarOrientationAnimationDuration	d8@0:4
0x002469e0	UIApplication	instance	statusBarFrame	{CGRect={CGPoint=ff}{CGSize=ff}}8@0:4
0x00246a38	UIApplication	instance	applicationIconBadgeNumber	i8@0:4
0x00246a74	UIApplication	instance	setApplicationIconBadgeNumber:	v12@0:4i8
0x00246ab8	UIApplication	instance	applicationSupportsShakeToEdit	c8@0:4
0x00246af4	UIApplication	instance	setApplicationSupportsShakeToEdit:	v12@0:4c8
0x00246b38	UIApplication	instance	applicationState	i8@0:4
0x00246b74	UIApplication	instance	backgroundTimeRemaining	d8@0:4
0x00246bb0	UIApplication	instance	isProtectedDataAvailable	c8@0:4
0x00246bec	UIApplication	instance	userInterfaceLayoutDirection	i8@0:4
0x00246c28	UIApplication	instance	preferredContentSizeCategory	@8@0:4
0x00249368	UIDatePicker	instance	datePickerMode	i8@0:4
0x002493a4	UIDatePicker	instance	setDatePickerMode:	v12@0:4i8
0x002493e8	UIDatePicker	instance	locale	@8@0:4
0x00249424	UIDatePicker	instance	setLocale:	v12@0:4@8
0x00249470	UIDatePicker	instance	calendar	@8@0:4
0x002494a4	UIDatePicker	instance	setCalendar:	v12@0:4@8
0x002494f0	UIDatePicker	instance	timeZone	@8@0:4
0x0024952c	UIDatePicker	instance	setTimeZone:	v12@0:4@8
0x00249578	UIDatePicker	instance	date	@8@0:4
0x002495b4	UIDatePicker	instance	setDate:	v12@0:4@8
0x00249600	UIDatePicker	instance	minimumDate	@8@0:4
0x0024963c	UIDatePicker	instance	setMinimumDate:	v12@0:4@8
0x00249688	UIDatePicker	instance	maximumDate	@8@0:4
0x002496c4	UIDatePicker	instance	setMaximumDate:	v12@0:4@8
0x00249710	UIDatePicker	instance	countDownDuration	d8@0:4
0x0024974c	UIDatePicker	instance	setCountDownDuration:	v16@0:4d8
0x00249794	UIDatePicker	instance	minuteInterval	i8@0:4
0x002497d0	UIDatePicker	instance	setMinuteInterval:	v12@0:4i8
0x00249844	UIDocumentInteractionController	instance	delegate	@8@0:4
0x00249880	UIDocumentInteractionController	instance	setDelegate:	v12@0:4@8
0x002498c4	UIDocumentInteractionController	instance	URL	@8@0:4
0x002498f8	UIDocumentInteractionController	instance	setURL:	v12@0:4@8
0x00249944	UIDocumentInteractionController	instance	UTI	@8@0:4
0x00249978	UIDocumentInteractionController	instance	setUTI:	v12@0:4@8
0x002499c4	UIDocumentInteractionController	instance	name	@8@0:4
0x002499f8	UIDocumentInteractionController	instance	setName:	v12@0:4@8
0x00249a44	UIDocumentInteractionController	instance	icons	@8@0:4
0x00249a80	UIDocumentInteractionController	instance	annotation	@8@0:4
0x00249abc	UIDocumentInteractionController	instance	setAnnotation:	v12@0:4@8
0x00249b08	UIDocumentInteractionController	instance	gestureRecognizers	@8@0:4
0x00249b74	UIUniqueColor	instance	copy	@8@0:4
0x00249b8c	UIUniqueColor	instance	copyWithZone:	@12@0:4^{_NSZone=}8
0x00249ba8	UIUniqueColor	instance	retain	@8@0:4
0x00249bc0	UIUniqueColor	instance	retainCount	I8@0:4
0x00249bdc	UIUniqueColor	instance	release	Vv8@0:4
0x00249bf0	UIUniqueColor	instance	autorelease	@8@0:4
0x00249c08	UIUniqueColor	instance	dealloc	v8@0:4
0x00249c1c	UIColor	instance	initWithCGColor:	@12@0:4^{__CGColor=}8
0x00249cd8	UIColor	instance	initWithRed:green:blue:alpha:	@24@0:4f8f12f16f20
0x00249dcc	UIColor	instance	initWithWhite:alpha:	@16@0:4f8f12
0x00249ea0	UIColor	instance	initWithCoder:	@12@0:4@8
0x00249ff4	UIColor	instance	initWithHue:saturation:brightness:alpha:	@24@0:4f8f12f16f20
0x0024a284	UIColor	instance	initWithPatternImage:	@12@0:4@8
0x0024a2f4	UIColor	instance	hash	I8@0:4
0x0024a344	UIColor	instance	isEqual:	c12@0:4@8
0x0024a47c	UIColor	instance	dealloc	v8@0:4
0x0024a518	UIColor	class	debugColor	@8@0:4
0x0024a5b8	UIColor	class	blackColor	@8@0:4
0x0024a5fc	UIColor	class	blueColor	@8@0:4
0x0024a640	UIColor	class	brownColor	@8@0:4
0x0024a684	UIColor	class	clearColor	@8@0:4
0x0024a6c8	UIColor	class	cyanColor	@8@0:4
0x0024a70c	UIColor	class	darkGrayColor	@8@0:4
0x0024a750	UIColor	class	grayColor	@8@0:4
0x0024a794	UIColor	class	greenColor	@8@0:4
0x0024a7d8	UIColor	class	lightGrayColor	@8@0:4
0x0024a81c	UIColor	class	magentaColor	@8@0:4
0x0024a860	UIColor	class	orangeColor	@8@0:4
0x0024a8a4	UIColor	class	purpleColor	@8@0:4
0x0024a8e8	UIColor	class	redColor	@8@0:4
0x0024a92c	UIColor	class	whiteColor	@8@0:4
0x0024a970	UIColor	class	yellowColor	@8@0:4
0x0024a9b4	UIColor	class	lightTextColor	@8@0:4
0x0024a9f8	UIColor	class	darkTextColor	@8@0:4
0x0024aa3c	UIColor	class	groupTableViewBackgroundColor	@8@0:4
0x0024aaac	UIColor	class	scrollViewTexturedBackgroundColor	@8@0:4
0x0024ab1c	UIColor	class	viewFlipsideBackgroundColor	@8@0:4
0x0024ab8c	UIColor	class	colorWithRed:green:blue:alpha:	@24@0:4f8f12f16f20
0x0024ac78	UIColor	class	colorWithHue:saturation:brightness:alpha:	@24@0:4f8f12f16f20
0x0024ad64	UIColor	class	colorWithCGColor:	@12@0:4^{__CGColor=}8
0x0024ae10	UIColor	class	colorWithWhite:alpha:	@16@0:4f8f12
0x0024aed4	UIColor	class	colorWithPatternImage:	@12@0:4@8
0x0024af80	UIColor	instance	copyWithZone:	@12@0:4^{_NSZone=}8
0x0024afd0	UIColor	instance	set	v8@0:4
0x0024b044	UIColor	instance	setFill	v8@0:4
0x0024b0f4	UIColor	instance	setStroke	v8@0:4
0x0024b1a4	UIColor	instance	colorWithAlphaComponent:	@12@0:4f8
0x0024b29c	UIColor	instance	getRed:green:blue:alpha:	c24@0:4^f8^f12^f16^f20
0x0024b384	UIColor	instance	getHue:saturation:brightness:alpha:	c24@0:4^f8^f12^f16^f20
0x0024b410	UIColor	instance	description	@8@0:4
0x0024b584	UIColor	instance	CGColor	^{__CGColor=}8@0:4
0x0024b5c0	UIColor	instance	CIColor	@8@0:4
0x0024be54	UIControlAction	instance	target	@8@0:4
0x0024be90	UIControlAction	instance	setTarget:	v12@0:4@8
0x0024bed4	UIControlAction	instance	action	:8@0:4
0x0024bf10	UIControlAction	instance	setAction:	v12@0:4:8
0x0024bf54	UIControlAction	instance	controlEvents	I8@0:4
0x0024bf90	UIControlAction	instance	setControlEvents:	v12@0:4I8
0x0024bfd4	UIControl	instance	init	@8@0:4
0x0024c188	UIControl	instance	initWithCoder:	@12@0:4@8
0x0024c510	UIControl	instance	initWithFrame:	@24@0:4{CGRect={CGPoint=ff}{CGSize=ff}}8
0x0024c6f8	UIControl	instance	dealloc	v8@0:4
0x0024c7e0	UIControl	instance	targetActions	@8@0:4
0x0024c860	UIControl	instance	addTarget:action:forControlEvents:	v20@0:4@8:12I16
0x0024cc78	UIControl	instance	removeTarget:action:forControlEvents:	v20@0:4@8:12I16
0x0024d010	UIControl	instance	allTargets	@8@0:4
0x0024d0d8	UIControl	instance	actionsForTarget:forControlEvent:	@16@0:4@8I12
0x0024d4e8	UIControl	instance	allControlEvents	I8@0:4
0x0024d710	UIControl	instance	_sendActionsForControlEvents:withEvent:	v16@0:4I8@12
0x0024db04	UIControl	instance	sendActionsForControlEvents:	v12@0:4I8
0x0024db60	UIControl	instance	sendAction:to:forEvent:	v20@0:4:8@12@16
0x0024dc9c	UIControl	instance	beginTrackingWithTouch:withEvent:	c16@0:4@8@12
0x0024dcc0	UIControl	instance	continueTrackingWithTouch:withEvent:	c16@0:4@8@12
0x0024dce4	UIControl	instance	endTrackingWithTouch:withEvent:	v16@0:4@8@12
0x0024dd00	UIControl	instance	cancelTrackingWithEvent:	v12@0:4@8
0x0024dd18	UIControl	instance	touchesBegan:withEvent:	v16@0:4@8@12
0x0024df54	UIControl	instance	touchesMoved:withEvent:	v16@0:4@8@12
0x0024e328	UIControl	instance	touchesEnded:withEvent:	v16@0:4@8@12
0x0024e698	UIControl	instance	touchesCancelled:withEvent:	v16@0:4@8@12
0x0024e88c	UIControl	instance	isEnabled	c8@0:4
0x0024e8e4	UIControl	instance	setEnabled:	v12@0:4c8
0x0024eadc	UIControl	instance	isTracking	c8@0:4
0x0024eb20	UIControl	instance	setTracking:	v12@0:4c8
0x0024ec34	UIControl	instance	isTouchInside	c8@0:4
0x0024ec78	UIControl	instance	setTouchInside:	v12@0:4c8
0x0024ed8c	UIControl	instance	isHighlighted	c8@0:4
0x0024edd0	UIControl	instance	setHighlighted:	v12@0:4c8
0x0024ef7c	UIControl	instance	isSelected	c8@0:4
0x0024efc0	UIControl	instance	setSelected:	v12@0:4c8
0x0024f16c	UIControl	instance	state	I8@0:4
0x0024f244	UIControl	instance	contentVerticalAlignment	i8@0:4
0x0024f284	UIControl	instance	setContentVerticalAlignment:	v12@0:4i8
0x0024f398	UIControl	instance	contentHorizontalAlignment	i8@0:4
0x0024f3d8	UIControl	instance	setContentHorizontalAlignment:	v12@0:4i8
0x00251060	UIGestureRecognizerTargetActionPair	instance	initWithTarget:action:	@16@0:4@8:12
0x0025115c	UIGestureRecognizerTargetActionPair	instance	target	@8@0:4
0x00251198	UIGestureRecognizerTargetActionPair	instance	setTarget:	v12@0:4@8
0x002511dc	UIGestureRecognizerTargetActionPair	instance	action	:8@0:4
0x00251218	UIGestureRecognizerTargetActionPair	instance	setAction:	v12@0:4:8
0x0025125c	UIGestureRecognizer	instance	delegate	@8@0:4
0x002512a0	UIGestureRecognizer	instance	setDelegate:	v12@0:4@8
0x002512f0	UIGestureRecognizer	instance	_type	i8@0:4
0x0025130c	UIGestureRecognizer	instance	init	@8@0:4
0x00251360	UIGestureRecognizer	instance	initWithTarget:action:	@16@0:4@8:12
0x00251620	UIGestureRecognizer	instance	dealloc	v8@0:4
0x00251720	UIGestureRecognizer	instance	addTarget:action:	v16@0:4@8:12
0x00251840	UIGestureRecognizer	instance	removeTarget:action:	v16@0:4@8:12
0x00251960	UIGestureRecognizer	instance	useFor:withEvent:	c16@0:4@8@12
0x00251b08	UIGestureRecognizer	instance	internalEnter:	v12@0:4@8
0x00251bec	UIGestureRecognizer	instance	internalExit	v8@0:4
0x00251c34	UIGestureRecognizer	instance	setState:	v12@0:4i8
0x00251edc	UIGestureRecognizer	instance	simultaneouslyWith:	c12@0:4@8
0x00251fc8	UIGestureRecognizer	instance	shouldBegin:	c12@0:4@8
0x00252130	UIGestureRecognizer	instance	internalNotifyTargets:touches:withEvent:	v20@0:4i8@12@16
0x00252948	UIGestureRecognizer	instance	shouldNotify:	c12@0:4i8
0x00252ae0	UIGestureRecognizer	instance	reset	v8@0:4
0x00252af4	UIGestureRecognizer	instance	ignoreTouch:forEvent:	v16@0:4@8@12
0x00252b10	UIGestureRecognizer	instance	canPreventGestureRecognizer:	c12@0:4@8
0x00252b30	UIGestureRecognizer	instance	canBePreventedByGestureRecognizer:	c12@0:4@8
0x00252b50	UIGestureRecognizer	instance	touchesBegan:withEvent:	v16@0:4@8@12
0x00252b6c	UIGestureRecognizer	instance	touchesCancelled:withEvent:	v16@0:4@8@12
0x00252b88	UIGestureRecognizer	instance	touchesEnded:withEvent:	v16@0:4@8@12
0x00252ba4	UIGestureRecognizer	instance	touchesMoved:withEvent:	v16@0:4@8@12
0x00252bc0	UIGestureRecognizer	instance	locationInView:	{CGPoint=ff}12@0:4@8
0x00252f60	UIGestureRecognizer	instance	locationOfTouch:inView:	{CGPoint=ff}16@0:4I8@12
0x0025313c	UIGestureRecognizer	instance	numberOfTouches	I8@0:4
0x002531d4	UIGestureRecognizer	instance	setEnabled:	v12@0:4c8
0x00253364	UIGestureRecognizer	instance	description	@8@0:4
0x0025358c	UIGestureRecognizer	instance	state	i8@0:4
0x002535c8	UIGestureRecognizer	instance	isEnabled	c8@0:4
0x00253604	UIGestureRecognizer	instance	view	@8@0:4
0x00253640	UIGestureRecognizer	instance	cancelsTouchesInView	c8@0:4
0x0025367c	UIGestureRecognizer	instance	setCancelsTouchesInView:	v12@0:4c8
0x002536c0	UIGestureRecognizer	instance	delaysTouchesBegan	c8@0:4
0x002536fc	UIGestureRecognizer	instance	setDelaysTouchesBegan:	v12@0:4c8
0x00253740	UIGestureRecognizer	instance	delaysTouchesEnded	c8@0:4
0x0025377c	UIGestureRecognizer	instance	setDelaysTouchesEnded:	v12@0:4c8
0x00254148	UISwipeGestureRecognizer	instance	_type	i8@0:4
0x00254164	UISwipeGestureRecognizer	instance	init	@8@0:4
0x00254334	UISwipeGestureRecognizer	instance	initWithTarget:action:	@16@0:4@8:12
0x00254518	UISwipeGestureRecognizer	instance	dealloc	v8@0:4
0x00254600	UISwipeGestureRecognizer	instance	reset	v8@0:4
0x002546f4	UISwipeGestureRecognizer	instance	touchesBegan:withEvent:	v16@0:4@8@12
0x00254b24	UISwipeGestureRecognizer	instance	touchesCancelled:withEvent:	v16@0:4@8@12
0x00254c3c	UISwipeGestureRecognizer	instance	touchesEnded:withEvent:	v16@0:4@8@12
0x00254e28	UISwipeGestureRecognizer	instance	touchesMoved:withEvent:	v16@0:4@8@12
0x00255774	UISwipeGestureRecognizer	instance	direction	I8@0:4
0x002557b0	UISwipeGestureRecognizer	instance	setDirection:	v12@0:4I8
0x002557f4	UISwipeGestureRecognizer	instance	numberOfTouchesRequired	I8@0:4
0x00255830	UISwipeGestureRecognizer	instance	setNumberOfTouchesRequired:	v12@0:4I8
0x00256c14	UIImagePickerController	instance	_activityResult:	v12@0:4@8
0x00257598	UIImagePickerController	class	getCurrentUIImagePickerController	@8@0:4
0x002575c8	UIImagePickerController	class	isSourceTypeAvailable:	c12@0:4i8
0x002575e8	UIImagePickerController	instance	init	@8@0:4
0x002576bc	UIImagePickerController	instance	dealloc	v8@0:4
0x00257884	UIImagePickerController	instance	viewDidDisappear:	v12@0:4c8
0x002578e0	UIImagePickerController	instance	viewDidAppear:	v12@0:4c8
0x00257fdc	UIImagePickerController	instance	sourceType	i8@0:4
0x00258018	UIImagePickerController	instance	setSourceType:	v12@0:4i8
0x0025805c	UIImagePickerController	instance	mediaTypes	@8@0:4
0x00258090	UIImagePickerController	instance	setMediaTypes:	v12@0:4@8
0x002580dc	UIImagePickerController	instance	delegate	@8@0:4
0x00258118	UIImagePickerController	instance	setDelegate:	v12@0:4@8
0x0025815c	UIImagePickerController	instance	showsCameraControls	c8@0:4
0x00258198	UIImagePickerController	instance	setShowsCameraControls:	v12@0:4c8
0x002581dc	UIImagePickerController	instance	allowsEditing	c8@0:4
0x00258218	UIImagePickerController	instance	setAllowsEditing:	v12@0:4c8
0x0025825c	UIImagePickerController	instance	allowsImageEditing	c8@0:4
0x00258298	UIImagePickerController	instance	setAllowsImageEditing:	v12@0:4c8
0x002582dc	UIImagePickerController	instance	videoMaximumDuration	d8@0:4
0x00258318	UIImagePickerController	instance	setVideoMaximumDuration:	v16@0:4d8
0x00258360	UIImagePickerController	instance	videoQuality	i8@0:4
0x0025839c	UIImagePickerController	instance	setVideoQuality:	v12@0:4i8
0x002583e0	UIImagePickerController	instance	cameraOverlayView	@8@0:4
0x0025841c	UIImagePickerController	instance	setCameraOverlayView:	v12@0:4@8
0x00258468	UIImagePickerController	instance	cameraViewTransform	{CGAffineTransform=ffffff}8@0:4
0x002584b4	UIImagePickerController	instance	setCameraViewTransform:	v32@0:4{CGAffineTransform=ffffff}8
0x00258530	UIImagePickerController	instance	cameraCaptureMode	i8@0:4
0x0025856c	UIImagePickerController	instance	setCameraCaptureMode:	v12@0:4i8
0x002585b0	UIImagePickerController	instance	cameraDevice	i8@0:4
0x002585ec	UIImagePickerController	instance	setCameraDevice:	v12@0:4i8
0x00258630	UIImagePickerController	instance	cameraFlashMode	i8@0:4
0x0025866c	UIImagePickerController	instance	setCameraFlashMode:	v12@0:4i8
0x002586e0	UILongPressGestureRecognizer	instance	initWithTarget:action:	@16@0:4@8:12
0x00258808	UILongPressGestureRecognizer	instance	dealloc	v8@0:4
0x002588b4	UILongPressGestureRecognizer	instance	reset	v8@0:4
0x00258998	UILongPressGestureRecognizer	instance	touchesBegan:withEvent:	v16@0:4@8@12
0x00259008	UILongPressGestureRecognizer	instance	clearTimer	v8@0:4
0x002590c8	UILongPressGestureRecognizer	instance	timerFired:	v12@0:4@8
0x002591f0	UILongPressGestureRecognizer	instance	touchesMoved:withEvent:	v16@0:4@8@12
0x00259440	UILongPressGestureRecognizer	instance	touchesEnded:withEvent:	v16@0:4@8@12
0x00259608	UILongPressGestureRecognizer	instance	touchesCancelled:withEvent:	v16@0:4@8@12
0x00259664	UILongPressGestureRecognizer	instance	minimumPressDuration	d8@0:4
0x002596a0	UILongPressGestureRecognizer	instance	setMinimumPressDuration:	v16@0:4d8
0x002596e8	UILongPressGestureRecognizer	instance	allowableMovement	f8@0:4
0x00259724	UILongPressGestureRecognizer	instance	setAllowableMovement:	v12@0:4f8
0x0025976c	UILongPressGestureRecognizer	instance	numberOfTapsRequired	I8@0:4
0x002597a8	UILongPressGestureRecognizer	instance	setNumberOfTapsRequired:	v12@0:4I8
0x002597ec	UILongPressGestureRecognizer	instance	numberOfTouchesRequired	I8@0:4
0x00259828	UILongPressGestureRecognizer	instance	setNumberOfTouchesRequired:	v12@0:4I8
0x0025989c	UIPageControl	instance	initWithFrame:	@24@0:4{CGRect={CGPoint=ff}{CGSize=ff}}8
0x00259a78	UIPageControl	instance	initWithCoder:	@12@0:4@8
0x00259b90	UIPageControl	instance	dealloc	v8@0:4
0x00259c54	UIPageControl	instance	numberOfPages	i8@0:4
0x00259cb8	UIPageControl	instance	setNumberOfPages:	v12@0:4i8
0x00259d48	UIPageControl	instance	currentPage	i8@0:4
0x00259d84	UIPageControl	instance	setCurrentPage:	v12@0:4i8
0x00259e3c	UIPageControl	instance	hidesForSinglePage	c8@0:4
0x00259e7c	UIPageControl	instance	setHidesForSinglePage:	v12@0:4c8
0x00259f88	UIPageControl	instance	defersCurrentPageDisplay	c8@0:4
0x00259fc8	UIPageControl	instance	setDefersCurrentPageDisplay:	v12@0:4c8
0x0025a0d8	UIPageControl	instance	updateCurrentPageDisplay	v8@0:4
0x0025a0ec	UIPageControl	instance	sizeForNumberOfPages:	{CGSize=ff}12@0:4i8
0x0025a1a8	UIPageControl	instance	pageIndicatorTintColor	@8@0:4
0x0025a1e4	UIPageControl	instance	setPageIndicatorTintColor:	v12@0:4@8
0x0025a230	UIPageControl	instance	currentPageIndicatorTintColor	@8@0:4
0x0025a26c	UIPageControl	instance	setCurrentPageIndicatorTintColor:	v12@0:4@8
0x0025a2e8	UIPickerView	instance	initWithCoder:	@12@0:4@8
0x0025a408	UIPickerView	instance	setDataSource:	v12@0:4@8
0x0025a520	UIPickerView	instance	reloadData	v8@0:4
0x0025a56c	UIPickerView	instance	reloadAllComponents	v8@0:4
0x0025a5b8	UIPickerView	instance	reloadComponent:	v12@0:4i8
0x0025a608	UIPickerView	instance	viewForRow:forComponent:	@16@0:4i8i12
0x0025a740	UIPickerView	instance	selectedRowInComponent:	i12@0:4i8
0x0025a760	UIPickerView	instance	selectRow:inComponent:animated:	v20@0:4i8i12c16
0x0025a784	UIPickerView	instance	showsSelectionIndicator	c8@0:4
0x0025a7c0	UIPickerView	instance	setShowsSelectionIndicator:	v12@0:4c8
0x0025a804	UIPickerView	instance	numberOfComponents	i8@0:4
0x0025a840	UIPickerView	instance	dataSource	@8@0:4
0x0025a87c	UIPickerView	instance	delegate	@8@0:4
0x0025a8b8	UIPickerView	instance	setDelegate:	v12@0:4@8
0x0025a92c	UIPinchGestureRecognizer	instance	init	@8@0:4
0x0025aaa0	UIPinchGestureRecognizer	instance	reset	v8@0:4
0x0025ad90	UIPinchGestureRecognizer	instance	setScale:	v12@0:4f8
0x0025ae60	UIPinchGestureRecognizer	instance	touchesBegan:withEvent:	v16@0:4@8@12
0x0025b1c8	UIPinchGestureRecognizer	instance	touchesCancelled:withEvent:	v16@0:4@8@12
0x0025b3c0	UIPinchGestureRecognizer	instance	touchesEnded:withEvent:	v16@0:4@8@12
0x0025b4c8	UIPinchGestureRecognizer	instance	touchesMoved:withEvent:	v16@0:4@8@12
0x0025b998	UIPinchGestureRecognizer	instance	numberOfTouches	I8@0:4
0x0025ba30	UIPinchGestureRecognizer	instance	locationInView:	{CGPoint=ff}12@0:4@8
0x0025bd88	UIPinchGestureRecognizer	instance	locationOfTouch:inView:	{CGPoint=ff}16@0:4I8@12
0x0025bf6c	UIPinchGestureRecognizer	instance	scale	f8@0:4
0x0025bfa8	UIPinchGestureRecognizer	instance	velocity	f8@0:4
0x0025c064	UIPopoverController	instance	delegate	@8@0:4
0x0025c0a0	UIPopoverController	instance	setDelegate:	v12@0:4@8
0x0025c0e4	UIPopoverController	instance	contentViewController	@8@0:4
0x0025c120	UIPopoverController	instance	setContentViewController:	v12@0:4@8
0x0025c16c	UIPopoverController	instance	popoverContentSize	{CGSize=ff}8@0:4
0x0025c1b4	UIPopoverController	instance	setPopoverContentSize:	v16@0:4{CGSize=ff}8
0x0025c208	UIPopoverController	instance	isPopoverVisible	c8@0:4
0x0025c244	UIPopoverController	instance	passthroughViews	@8@0:4
0x0025c278	UIPopoverController	instance	setPassthroughViews:	v12@0:4@8
0x0025c2c4	UIPopoverController	instance	popoverLayoutMargins	{UIEdgeInsets=ffff}8@0:4
0x0025c31c	UIPopoverController	instance	setPopoverLayoutMargins:	v24@0:4{UIEdgeInsets=ffff}8
0x0025c390	UIPopoverController	instance	popoverBackgroundViewClass	#8@0:4
0x0025c3cc	UIPopoverController	instance	setPopoverBackgroundViewClass:	v12@0:4#8
0x0025c448	UIProgressView	instance	initWithFrame:	@24@0:4{CGRect={CGPoint=ff}{CGSize=ff}}8
0x0025c584	UIProgressView	instance	initWithCoder:	@12@0:4@8
0x0025c66c	UIProgressView	instance	initWithProgressViewStyle:	@12@0:4i8
0x0025c764	UIProgressView	instance	progress	f8@0:4
0x0025c7a0	UIProgressView	instance	setProgress:	v12@0:4f8
0x0025c924	UIProgressView	instance	progressImage	@8@0:4
0x0025c988	UIProgressView	instance	setProgressImage:	v12@0:4@8
0x0025ca68	UIProgressView	instance	trackImage	@8@0:4
0x0025cacc	UIProgressView	instance	setTrackImage:	v12@0:4@8
0x0025cbac	UIProgressView	instance	setProgress:animated:	v16@0:4f8c12
0x0025cc18	UIProgressView	instance	progressViewStyle	i8@0:4
0x0025cc54	UIProgressView	instance	setProgressViewStyle:	v12@0:4i8
0x0025cc98	UIProgressView	instance	progressTintColor	@8@0:4
0x0025ccd4	UIProgressView	instance	setProgressTintColor:	v12@0:4@8
0x0025cd20	UIProgressView	instance	trackTintColor	@8@0:4
0x0025cd5c	UIProgressView	instance	setTrackTintColor:	v12@0:4@8
0x0025cdd8	UIRefreshControl	instance	isRefreshing	c8@0:4
0x0025ce14	UIRefreshControl	instance	tintColor	@8@0:4
0x0025ce50	UIRefreshControl	instance	setTintColor:	v12@0:4@8
0x0025ce9c	UIRefreshControl	instance	attributedTitle	@8@0:4
0x0025ced8	UIRefreshControl	instance	setAttributedTitle:	v12@0:4@8
0x0025cfec	UIResponder	instance	dealloc	v8@0:4
0x0025d0c8	UIResponder	instance	nextResponder	@8@0:4
0x0025d104	UIResponder	instance	canBecomeFirstResponder	c8@0:4
0x0025d120	UIResponder	class	setFirstResponder:	v12@0:4@8
0x0025d1c8	UIResponder	instance	becomeFirstResponder	c8@0:4
0x0025d2b4	UIResponder	instance	canResignFirstResponder	c8@0:4
0x0025d2d0	UIResponder	instance	resignFirstResponder	c8@0:4
0x0025d3d0	UIResponder	instance	_resignFirstResponder	c8@0:4
0x0025d45c	UIResponder	instance	_setFirstResponder	v8@0:4
0x0025d8c4	UIResponder	instance	isFirstResponder	c8@0:4
0x0025d90c	UIResponder	instance	touchesBegan:withEvent:	v16@0:4@8@12
0x0025d990	UIResponder	instance	touchesMoved:withEvent:	v16@0:4@8@12
0x0025da14	UIResponder	instance	touchesEnded:withEvent:	v16@0:4@8@12
0x0025da98	UIResponder	instance	touchesCancelled:withEvent:	v16@0:4@8@12
0x0025db1c	UIResponder	instance	motionBegan:withEvent:	v16@0:4i8@12
0x0025dba0	UIResponder	instance	motionEnded:withEvent:	v16@0:4i8@12
0x0025dc24	UIResponder	instance	motionCancelled:withEvent:	v16@0:4i8@12
0x0025dca8	UIResponder	instance	remoteControlReceivedWithEvent:	v12@0:4@8
0x0025dd24	UIResponder	instance	buttonDownWithEvent:	v12@0:4@8
0x0025dda0	UIResponder	instance	buttonUpWithEvent:	v12@0:4@8
0x0025de1c	UIResponder	instance	canPerformAction:withSender:	c16@0:4:8@12
0x0025de78	UIResponder	instance	undoManager	@8@0:4
0x0025de94	UIResponder	instance	selectAll:	v12@0:4@8
0x0025dedc	UIRotationGestureRecognizer	instance	init	@8@0:4
0x0025dff4	UIRotationGestureRecognizer	instance	reset	v8@0:4
0x0025e184	UIRotationGestureRecognizer	instance	touchesBegan:withEvent:	v16@0:4@8@12
0x0025e570	UIRotationGestureRecognizer	instance	touchesCancelled:withEvent:	v16@0:4@8@12
0x0025e768	UIRotationGestureRecognizer	instance	touchesEnded:withEvent:	v16@0:4@8@12
0x0025e870	UIRotationGestureRecognizer	instance	touchesMoved:withEvent:	v16@0:4@8@12
0x0025edd8	UIRotationGestureRecognizer	instance	numberOfTouches	I8@0:4
0x0025ee70	UIRotationGestureRecognizer	instance	locationInView:	{CGPoint=ff}12@0:4@8
0x0025f1c8	UIRotationGestureRecognizer	instance	locationOfTouch:inView:	{CGPoint=ff}16@0:4I8@12
0x0025f3ac	UIRotationGestureRecognizer	instance	calculateSlope:secondTouch:	f24@0:4{CGPoint=ff}8{CGPoint=ff}16
0x0025f3fc	UIRotationGestureRecognizer	instance	calculateRotation:firstTouchEnd:secondTouchStart:secondTouchEnd:	f40@0:4{CGPoint=ff}8{CGPoint=ff}16{CGPoint=ff}24{CGPoint=ff}32
0x0025f508	UIRotationGestureRecognizer	instance	rotation	f8@0:4
0x0025f544	UIRotationGestureRecognizer	instance	setRotation:	v12@0:4f8
0x0025f58c	UIRotationGestureRecognizer	instance	velocity	f8@0:4
0x0025f5f8	UIImage	class	imageNamed:	@12@0:4@8
0x0025f6a4	UIImage	class	imageWithContentsOfFile:	@12@0:4@8
0x0025f750	UIImage	class	imageWithData:	@12@0:4@8
0x0025f7fc	UIImage	class	imageWithData:scale:	@16@0:4@8f12
0x0025f8b8	UIImage	class	imageWithCGImage:	@12@0:4^{CGImage=}8
0x0025f98c	UIImage	class	imageWithCGImage:scale:orientation:	@20@0:4^{CGImage=}8f12i16
0x0025fa64	UIImage	instance	initWithScale:	@12@0:4f8
0x0025fb20	UIImage	instance	init	@8@0:4
0x0025fb7c	UIImage	instance	initWithContentsOfFile:	@12@0:4@8
0x00261284	UIImage	instance	initWithData:	@12@0:4@8
0x002612e8	UIImage	instance	initWithData:scale:	@16@0:4@8f12
0x002614c4	UIImage	instance	initWithCGImage:	@12@0:4^{CGImage=}8
0x00261530	UIImage	instance	initWithCGImage:scale:orientation:	@20@0:4^{CGImage=}8f12i16
0x0026165c	UIImage	instance	dealloc	v8@0:4
0x00261754	UIImage	instance	imageOrientation	i8@0:4
0x002617a0	UIImage	instance	size	{CGSize=ff}8@0:4
0x002618d4	UIImage	instance	leftCapWidth	i8@0:4
0x002618f0	UIImage	instance	topCapHeight	i8@0:4
0x0026190c	UIImage	instance	drawAtPoint:	v16@0:4{CGPoint=ff}8
0x0026196c	UIImage	instance	drawAtPoint:blendMode:alpha:	v24@0:4{CGPoint=ff}8i16f20
0x00261a7c	UIImage	instance	drawInRect:	v24@0:4{CGRect={CGPoint=ff}{CGSize=ff}}8
0x00261afc	UIImage	instance	drawInRect:blendMode:alpha:	v32@0:4{CGRect={CGPoint=ff}{CGSize=ff}}8i24f28
0x00261bc8	UIImage	instance	drawAsPatternInRect:	v24@0:4{CGRect={CGPoint=ff}{CGSize=ff}}8
0x00261c9c	UIImage	instance	_drawForView:	v12@0:4@8
0x00262a40	UIImage	instance	stretchableImageWithLeftCapWidth:topCapHeight:	@16@0:4i8i12
0x00262c6c	UIImage	instance	resizableImageWithCapInsets:	@24@0:4{UIEdgeInsets=ffff}8
0x00262d90	UIImage	instance	isEqual:	c12@0:4@8
0x00262ff4	UIImage	instance	CGImage	^{CGImage=}8@0:4
0x00263030	UIImage	instance	scale	f8@0:4
0x0026306c	UIImage	instance	CIImage	@8@0:4
0x002630a8	UIImage	instance	images	@8@0:4
0x002630e4	UIImage	instance	duration	d8@0:4
0x00263120	UIImage	instance	capInsets	{UIEdgeInsets=ffff}8@0:4
0x00263178	UIImage	instance	resizingMode	i8@0:4
0x002631b4	UIImage	instance	alignmentRectInsets	{UIEdgeInsets=ffff}8@0:4
0x0026320c	UIImage	instance	renderingMode	i8@0:4
0x00263248	UINamedImage	class	initialize	v8@0:4
0x00263300	UINamedImage	instance	initWithFilePath:	@12@0:4@8
0x0026335c	UINamedImage	instance	initWithFilePath:getBestImage:	@16@0:4@8c12
0x00263690	UINamedImage	instance	CGImage	^{CGImage=}8@0:4
0x00263740	UINamedImage	instance	bundlePath	@8@0:4
0x00263898	UINamedImage	instance	isEqual:	c12@0:4@8
0x00263af4	UINamedImage	instance	dealloc	v8@0:4
0x00263bb8	UINamedImage	instance	path	@8@0:4
0x00263bf4	UIStretchableImage	instance	initWithCGImage:insets:scale:	@32@0:4^{CGImage=}8{UIEdgeInsets=ffff}12f28
0x00263d04	UIStretchableImage	instance	topCapHeight	i8@0:4
0x00263d48	UIStretchableImage	instance	leftCapWidth	i8@0:4
0x00263d8c	UIStretchableImage	instance	drawInRect:blendMode:alpha:	v32@0:4{CGRect={CGPoint=ff}{CGSize=ff}}8i24f28
0x00264c3c	UIStretchableImage	instance	drawAsPatternInRect:	v24@0:4{CGRect={CGPoint=ff}{CGSize=ff}}8
0x00264fec	UIAcceleration	instance	initWithX:Y:Z:timestamp:	@40@0:4d8d16d24d32
0x00265120	UIAcceleration	instance	timestamp	d8@0:4
0x0026515c	UIAcceleration	instance	x	d8@0:4
0x00265198	UIAcceleration	instance	y	d8@0:4
0x002651d4	UIAcceleration	instance	z	d8@0:4
0x00265210	UIAccelerometer	class	sharedAccelerometer	@8@0:4
0x002653e0	UIAccelerometer	instance	init	@8@0:4
0x00265664	UIAccelerometer	instance	_suspend:	v12@0:4@8
0x00265740	UIAccelerometer	instance	_resume:	v12@0:4@8
0x0026581c	UIAccelerometer	instance	setDelegate:	v12@0:4@8
0x00265a98	UIAccelerometer	instance	_accelerometerEvent:	v12@0:4@8
0x00265eb0	UIAccelerometer	instance	_sendAcceleration:	v12@0:4@8
0x00265f20	UIAccelerometer	instance	updateInterval	d8@0:4
0x00265f5c	UIAccelerometer	instance	setUpdateInterval:	v16@0:4d8
0x00265fa4	UIAccelerometer	instance	delegate	@8@0:4
0x00266010	UIDevice	class	currentDevice	@8@0:4
0x00266128	UIDevice	class	allocWithZone:	@12@0:4^{_NSZone=}8
0x0026625c	UIDevice	instance	copyWithZone:	@12@0:4^{_NSZone=}8
0x00266278	UIDevice	instance	retain	@8@0:4
0x00266290	UIDevice	instance	retainCount	I8@0:4
0x002662ac	UIDevice	instance	release	Vv8@0:4
0x002662c0	UIDevice	instance	autorelease	@8@0:4
0x002662d8	UIDevice	class	load	v8@0:4
0x00266314	UIDevice	instance	init	@8@0:4
0x002664cc	UIDevice	instance	dealloc	v8@0:4
0x00266538	UIDevice	instance	_boundsForGeometry:	{CGRect={CGPoint=ff}{CGSize=ff}}24@0:4{CGRect={CGPoint=ff}{CGSize=ff}}8
0x002668e8	UIDevice	instance	_setOrientation:changed:	v16@0:4i8c12
0x00266e40	UIDevice	instance	_setOrientation:	v12@0:4i8
0x00267018	UIDevice	instance	beginGeneratingDeviceOrientationNotifications	v8@0:4
0x002670a8	UIDevice	instance	endGeneratingDeviceOrientationNotifications	v8@0:4
0x00267130	UIDevice	instance	generatesDeviceOrientationNotifications	c8@0:4
0x00267174	UIDevice	instance	userInterfaceIdiom	i8@0:4
0x00267348	UIDevice	instance	name	@8@0:4
0x002673fc	UIDevice	instance	model	@8@0:4
0x0026742c	UIDevice	instance	localizedModel	@8@0:4
0x00267478	UIDevice	instance	systemName	@8@0:4
0x002674a8	UIDevice	instance	systemVersion	@8@0:4
0x002674d8	UIDevice	instance	uniqueIdentifier	@8@0:4
0x00267524	UIDevice	instance	isMultitaskingSupported	c8@0:4
0x00267540	UIDevice	instance	identifierForVendor	@8@0:4
0x0026762c	UIDevice	instance	orientation	i8@0:4
0x00267668	UIDevice	instance	isGeneratingDeviceOrientationNotifications	c8@0:4
0x002676a4	UIDevice	instance	isBatteryMonitoringEnabled	c8@0:4
0x002676e0	UIDevice	instance	setBatteryMonitoringEnabled:	v12@0:4c8
0x00267724	UIDevice	instance	batteryState	i8@0:4
0x00267760	UIDevice	instance	batteryLevel	f8@0:4
0x0026779c	UIDevice	instance	isProximityMonitoringEnabled	c8@0:4
0x002677d8	UIDevice	instance	setProximityMonitoringEnabled:	v12@0:4c8
0x0026781c	UIDevice	instance	proximityState	c8@0:4
0x00268af8	UIEvent	instance	type	i8@0:4
0x00268b14	UIEvent	instance	subtype	i8@0:4
0x00268b30	UIEvent	instance	timestamp	d8@0:4
0x00268b5c	UIEvent	instance	allTouches	@8@0:4
0x00268b78	UIEvent	instance	touchesForWindow:	@12@0:4@8
0x00268bd4	UIEvent	instance	touchesForView:	@12@0:4@8
0x00268c30	UIEvent	instance	touchesForGestureRecognizer:	@12@0:4@8
0x00268c8c	UIEvent	instance	eventId	I8@0:4
0x00268cc8	UIEvent	instance	incrementEventId	v8@0:4
0x00268d3c	UIFont	class	initialize	v8@0:4
0x0026908c	UIFont	instance	init	@8@0:4
0x002690fc	UIFont	instance	initWithCoder:	@12@0:4@8
0x00269250	UIFont	instance	initWithName:size:traits:	@20@0:4@8f12I16
0x00269674	UIFont	class	fontWithName:size:	@16@0:4@8f12
0x00269734	UIFont	instance	fontWithSize:	@12@0:4f8
0x002698a4	UIFont	class	systemFontOfSize:	@12@0:4f8
0x00269974	UIFont	class	boldSystemFontOfSize:	@12@0:4f8
0x00269a44	UIFont	class	italicSystemFontOfSize:	@12@0:4f8
0x00269b14	UIFont	class	systemFontSize	f8@0:4
0x00269b40	UIFont	class	smallSystemFontSize	f8@0:4
0x00269b6c	UIFont	class	familyNames	@8@0:4
0x00269bd4	UIFont	class	fontNamesForFamilyName:	@12@0:4@8
0x00269c5c	UIFont	instance	familyName	@8@0:4
0x00269cdc	UIFont	instance	fontName	@8@0:4
0x00269d5c	UIFont	instance	pointSize	f8@0:4
0x00269da4	UIFont	instance	ascender	f8@0:4
0x00269dec	UIFont	instance	descender	f8@0:4
0x00269e34	UIFont	instance	capHeight	f8@0:4
0x00269e7c	UIFont	instance	xHeight	f8@0:4
0x00269ec4	UIFont	instance	lineHeight	f8@0:4
0x00269f5c	UIFont	instance	leading	f8@0:4
0x00269fa4	UIFont	instance	description	@8@0:4
0x0026a0e8	UIFont	instance	dealloc	v8@0:4
0x0026a374	UIFontCache	class	sharedCache	@8@0:4
0x0026a484	UIFontCache	instance	init	@8@0:4
0x0026a5ec	UIFontCache	instance	cacheFont:forKey:	v16@0:4@8@12
0x0026a678	UIFontCache	instance	cacheFont:forDescriptor:	v16@0:4@8@12
0x0026a704	UIFontCache	instance	fontForKey:	@12@0:4@8
0x0026a770	UIFontCache	instance	prototypeForName:	^{__CTFont=}12@0:4@8
0x0026aa00	UIFontCache	instance	dealloc	v8@0:4
0x0026ab00	UIFontCacheSimpleKey	class	keyWithName:size:traits:	@20@0:4@8f12I16
0x0026ac5c	UIFontCacheSimpleKey	instance	isEqual:	c12@0:4@8
0x0026aeb8	UIFontCacheSimpleKey	instance	hash	I8@0:4
0x0026af7c	UIFontCacheSimpleKey	instance	dealloc	v8@0:4
0x0026b040	UIFontCacheSimpleKey	instance	name	@8@0:4
0x0026b074	UIFontCacheSimpleKey	instance	setName:	v12@0:4@8
0x0026b0c0	UIFontCacheSimpleKey	instance	size	f8@0:4
0x0026b0fc	UIFontCacheSimpleKey	instance	setSize:	v12@0:4f8
0x0026b144	UIFontCacheSimpleKey	instance	traits	I8@0:4
0x0026b180	UIFontCacheSimpleKey	instance	setTraits:	v12@0:4I8
0x0026b2fc	UIScreen	class	mainScreen	@8@0:4
0x0026b4cc	UIScreen	class	screens	@8@0:4
0x0026b58c	UIScreen	instance	init	@8@0:4
0x0026b690	UIScreen	instance	scale	f8@0:4
0x0026b6ec	UIScreen	instance	bounds	{CGRect={CGPoint=ff}{CGSize=ff}}8@0:4
0x0026b894	UIScreen	instance	applicationFrame	{CGRect={CGPoint=ff}{CGSize=ff}}8@0:4
0x0026b91c	UIScreen	instance	currentMode	@8@0:4
0x0026b958	UIScreen	instance	_orientationChanged:	v12@0:4@8
0x0026bb60	UIScreen	instance	_applyMode	v8@0:4
0x0026bd64	UIScreen	instance	setCurrentMode:	v12@0:4@8
0x0026bea4	UIScreen	instance	preferredMode	@8@0:4
0x0026bf04	UIScreen	instance	availableModes	@8@0:4
0x0026bf5c	UIScreen	instance	displayLinkWithTarget:selector:	@16@0:4@8:12
0x0026bfc4	UIScreen	instance	overscanCompensation	i8@0:4
0x0026c000	UIScreen	instance	setOverscanCompensation:	v12@0:4i8
0x0026c044	UIScreen	instance	mirroredScreen	@8@0:4
0x0026c080	UIScreen	instance	brightness	f8@0:4
0x0026c0bc	UIScreen	instance	setBrightness:	v12@0:4f8
0x0026c104	UIScreen	instance	wantsSoftwareDimming	c8@0:4
0x0026c140	UIScreen	instance	setWantsSoftwareDimming:	v12@0:4c8
0x0026c1b4	UIScreenMode	instance	initWithScale:	@12@0:4f8
0x0026c270	UIScreenMode	instance	initWithSize:scale:	@20@0:4{CGSize=ff}8f16
0x0026c3e0	UIScreenMode	class	modeWithSize:scale:	@20@0:4{CGSize=ff}8f16
0x0026c494	UIScreenMode	class	emulatedMode:	@12@0:4I8
0x0026ce38	UIScreenMode	class	commonModes	@8@0:4
0x0026d040	UIScreenMode	class	bestEmulatedMode:	@16@0:4{CGSize=ff}8
0x0026d634	UIScreenMode	instance	pixelAspectRatio	f8@0:4
0x0026d730	UIScreenMode	instance	copyWithZone:	@12@0:4^{_NSZone=}8
0x0026d780	UIScreenMode	instance	scale	f8@0:4
0x0026d7bc	UIScreenMode	instance	size	{CGSize=ff}8@0:4
0x0026d804	UINativeScreenMode	class	nativeMode:	@12@0:4c8
0x0026d910	UINativeScreenMode	instance	size	{CGSize=ff}8@0:4
0x0026dbb0	UINativeScreenMode	instance	pixelAspectRatio	f8@0:4
0x0026dbd8	UINativeScreenMode	instance	copyWithZone:	@12@0:4^{_NSZone=}8
0x0026dc58	UIScrollView	instance	isDirectionalLockEnabled	c8@0:4
0x0026dc9c	UIScrollView	instance	setDirectionalLockEnabled:	v12@0:4c8
0x0026ddac	UIScrollView	instance	bounces	c8@0:4
0x0026ddf0	UIScrollView	instance	setBounces:	v12@0:4c8
0x0026df04	UIScrollView	instance	alwaysBounceVertical	c8@0:4
0x0026df48	UIScrollView	instance	setAlwaysBounceVertical:	v12@0:4c8
0x0026e05c	UIScrollView	instance	alwaysBounceHorizontal	c8@0:4
0x0026e0a0	UIScrollView	instance	setAlwaysBounceHorizontal:	v12@0:4c8
0x0026e1b4	UIScrollView	instance	isPagingEnabled	c8@0:4
0x0026e1f8	UIScrollView	instance	setPagingEnabled:	v12@0:4c8
0x0026e34c	UIScrollView	instance	isScrollEnabled	c8@0:4
0x0026e390	UIScrollView	instance	setScrollEnabled:	v12@0:4c8
0x0026e4e4	UIScrollView	instance	showsHorizontalScrollIndicator	c8@0:4
0x0026e528	UIScrollView	instance	setShowsHorizontalScrollIndicator:	v12@0:4c8
0x0026e63c	UIScrollView	instance	showsVerticalScrollIndicator	c8@0:4
0x0026e680	UIScrollView	instance	setShowsVerticalScrollIndicator:	v12@0:4c8
0x0026e794	UIScrollView	instance	scrollsToTop	c8@0:4
0x0026e7d8	UIScrollView	instance	setScrollsToTop:	v12@0:4c8
0x0026e8ec	UIScrollView	instance	delaysContentTouches	c8@0:4
0x0026e930	UIScrollView	instance	setDelaysContentTouches:	v12@0:4c8
0x0026ea44	UIScrollView	instance	canCancelContentTouches	c8@0:4
0x0026ea88	UIScrollView	instance	setCanCancelContentTouches:	v12@0:4c8
0x0026eb9c	UIScrollView	instance	bouncesZoom	c8@0:4
0x0026ebe0	UIScrollView	instance	setBouncesZoom:	v12@0:4c8
0x0026ecf4	UIScrollView	instance	initWithFrame:	@24@0:4{CGRect={CGPoint=ff}{CGSize=ff}}8
0x0026efb4	UIScrollView	instance	initWithCoder:	@12@0:4@8
0x0026f41c	UIScrollView	instance	dealloc	v8@0:4
0x0026f50c	UIScrollView	instance	isDragging	c8@0:4
0x0026f55c	UIScrollView	instance	setContentInset:	v24@0:4{UIEdgeInsets=ffff}8
0x0026f7cc	UIScrollView	instance	setContentSize:	v16@0:4{CGSize=ff}8
0x0026f960	UIScrollView	instance	setContentOffset:	v16@0:4{CGPoint=ff}8
0x0026f9b8	UIScrollView	instance	setContentOffset:animated:	v20@0:4{CGPoint=ff}8c16
0x0026fa30	UIScrollView	instance	scrollRectToVisible:animated:	v28@0:4{CGRect={CGPoint=ff}{CGSize=ff}}8c24
0x0026fdb0	UIScrollView	instance	_setContentOffset:animated:propagateToPlatform:	v24@0:4{CGPoint=ff}8c16c20
0x0027006c	UIScrollView	instance	updateBoundsOrigin	v8@0:4
0x0027021c	UIScrollView	instance	pointInside:withEvent:	c20@0:4{CGPoint=ff}8@16
0x00270404	UIScrollView	instance	convertPoint:toView:	{CGPoint=ff}20@0:4{CGPoint=ff}8@16
0x00270480	UIScrollView	instance	viewFrameOffset	{CGPoint=ff}8@0:4
0x00270624	UIScrollView	instance	gestureBeginIntercepting:	v12@0:4@8
0x0027067c	UIScrollView	instance	gestureEndIntercepting:	v12@0:4@8
0x002706d4	UIScrollView	instance	isDecelerating	c8@0:4
0x0027074c	UIScrollView	instance	flashScrollIndicators	v8@0:4
0x002707b8	UIScrollView	instance	touchesShouldBegin:withEvent:inContentView:	c20@0:4@8@12@16
0x0027083c	UIScrollView	instance	touchesShouldCancelInContentView:	c12@0:4@8
0x002708b0	UIScrollView	instance	setZoomScale:animated:	v16@0:4f8c12
0x00270924	UIScrollView	instance	zoomToRect:animated:	v28@0:4{CGRect={CGPoint=ff}{CGSize=ff}}8c24
0x002709ac	UIScrollView	instance	contentOffset	{CGPoint=ff}8@0:4
0x002709f4	UIScrollView	instance	contentSize	{CGSize=ff}8@0:4
0x00270a3c	UIScrollView	instance	contentInset	{UIEdgeInsets=ffff}8@0:4
0x00270a94	UIScrollView	instance	delegate	@8@0:4
0x00270ad0	UIScrollView	instance	setDelegate:	v12@0:4@8
0x00270b14	UIScrollView	instance	scrollIndicatorInsets	{UIEdgeInsets=ffff}8@0:4
0x00270b6c	UIScrollView	instance	setScrollIndicatorInsets:	v24@0:4{UIEdgeInsets=ffff}8
0x00270be0	UIScrollView	instance	indicatorStyle	i8@0:4
0x00270c1c	UIScrollView	instance	setIndicatorStyle:	v12@0:4i8
0x00270c60	UIScrollView	instance	decelerationRate	f8@0:4
0x00270c9c	UIScrollView	instance	setDecelerationRate:	v12@0:4f8
0x00270ce4	UIScrollView	instance	isTracking	c8@0:4
0x00270d20	UIScrollView	instance	minimumZoomScale	f8@0:4
0x00270d5c	UIScrollView	instance	setMinimumZoomScale:	v12@0:4f8
0x00270da4	UIScrollView	instance	maximumZoomScale	f8@0:4
0x00270de0	UIScrollView	instance	setMaximumZoomScale:	v12@0:4f8
0x00270e28	UIScrollView	instance	zoomScale	f8@0:4
0x00270e64	UIScrollView	instance	setZoomScale:	v12@0:4f8
0x00270eac	UIScrollView	instance	isZooming	c8@0:4
0x00270ee8	UIScrollView	instance	isZoomBouncing	c8@0:4
0x00270f24	UIScrollView	instance	panGestureRecognizer	@8@0:4
0x00270f60	UIScrollView	instance	pinchGestureRecognizer	@8@0:4
0x00270f9c	UIScrollView	instance	keyboardDismissMode	i8@0:4
0x00270fd8	UIScrollView	instance	setKeyboardDismissMode:	v12@0:4i8
0x00271104	UISearchBar	instance	initWithFrame:	@24@0:4{CGRect={CGPoint=ff}{CGSize=ff}}8
0x002714a8	UISearchBar	instance	initWithCoder:	@12@0:4@8
0x00271824	UISearchBar	instance	dealloc	v8@0:4
0x00271c04	UISearchBar	instance	showsCancelButton	c8@0:4
0x00271c40	UISearchBar	instance	setShowsCancelButton:	v12@0:4c8
0x00271cac	UISearchBar	instance	setShowsCancelButton:animated:	v16@0:4c8c12
0x00271da0	UISearchBar	instance	setSearchFieldBackgroundImage:forState:	v16@0:4@8I12
0x00271f38	UISearchBar	instance	searchFieldBackgroundImageForState:	@12@0:4I8
0x00272034	UISearchBar	instance	setImage:forSearchBarIcon:state:	v20@0:4@8i12I16
0x002725f8	UISearchBar	instance	imageForSearchBarIcon:state:	@16@0:4i8I12
0x002728f8	UISearchBar	instance	setScopeBarButtonBackgroundImage:forState:	v16@0:4@8I12
0x00272be0	UISearchBar	instance	scopeBarButtonBackgroundImageForState:	@12@0:4I8
0x00272ca0	UISearchBar	instance	setScopeBarButtonDividerImage:forLeftSegmentState:rightSegmentState:	v20@0:4@8I12I16
0x002742f4	UISearchBar	instance	scopeBarButtonDividerImageForLeftSegmentState:rightSegmentState:	@16@0:4I8I12
0x00274464	UISearchBar	instance	setScopeBarButtonTitleTextAttributes:forState:	v16@0:4@8I12
0x0027474c	UISearchBar	instance	scopeBarButtonTitleTextAttributesForState:	@12@0:4I8
0x0027480c	UISearchBar	instance	setPositionAdjustment:forSearchBarIcon:	v20@0:4{UIOffset=ff}8i16
0x00274934	UISearchBar	instance	positionAdjustmentForSearchBarIcon:	{UIOffset=ff}12@0:4i8
0x00274a88	UISearchBar	instance	barPosition	i8@0:4
0x00274aa4	UISearchBar	instance	barStyle	i8@0:4
0x00274ae0	UISearchBar	instance	setBarStyle:	v12@0:4i8
0x00274b24	UISearchBar	instance	delegate	@8@0:4
0x00274b60	UISearchBar	instance	setDelegate:	v12@0:4@8
0x00274ba4	UISearchBar	instance	text	@8@0:4
0x00274bd8	UISearchBar	instance	setText:	v12@0:4@8
0x00274c24	UISearchBar	instance	prompt	@8@0:4
0x00274c58	UISearchBar	instance	setPrompt:	v12@0:4@8
0x00274ca4	UISearchBar	instance	placeholder	@8@0:4
0x00274cd8	UISearchBar	instance	setPlaceholder:	v12@0:4@8
0x00274d24	UISearchBar	instance	showsBookmarkButton	c8@0:4
0x00274d60	UISearchBar	instance	setShowsBookmarkButton:	v12@0:4c8
0x00274da4	UISearchBar	instance	showsSearchResultsButton	c8@0:4
0x00274de0	UISearchBar	instance	setShowsSearchResultsButton:	v12@0:4c8
0x00274e24	UISearchBar	instance	isSearchResultsButtonSelected	c8@0:4
0x00274e60	UISearchBar	instance	setSearchResultsButtonSelected:	v12@0:4c8
0x00274ea4	UISearchBar	instance	tintColor	@8@0:4
0x00274ee0	UISearchBar	instance	setTintColor:	v12@0:4@8
0x00274f2c	UISearchBar	instance	isTranslucent	c8@0:4
0x00274f68	UISearchBar	instance	setTranslucent:	v12@0:4c8
0x00274fac	UISearchBar	instance	autocapitalizationType	i8@0:4
0x00274fe8	UISearchBar	instance	setAutocapitalizationType:	v12@0:4i8
0x0027502c	UISearchBar	instance	autocorrectionType	i8@0:4
0x00275068	UISearchBar	instance	setAutocorrectionType:	v12@0:4i8
0x002750ac	UISearchBar	instance	spellCheckingType	i8@0:4
0x002750e8	UISearchBar	instance	setSpellCheckingType:	v12@0:4i8
0x0027512c	UISearchBar	instance	keyboardType	i8@0:4
0x00275168	UISearchBar	instance	setKeyboardType:	v12@0:4i8
0x002751ac	UISearchBar	instance	scopeButtonTitles	@8@0:4
0x002751e0	UISearchBar	instance	setScopeButtonTitles:	v12@0:4@8
0x0027522c	UISearchBar	instance	selectedScopeButtonIndex	i8@0:4
0x00275268	UISearchBar	instance	setSelectedScopeButtonIndex:	v12@0:4i8
0x002752ac	UISearchBar	instance	showsScopeBar	c8@0:4
0x002752e8	UISearchBar	instance	setShowsScopeBar:	v12@0:4c8
0x0027532c	UISearchBar	instance	inputAccessoryView	@8@0:4
0x00275368	UISearchBar	instance	setInputAccessoryView:	v12@0:4@8
0x002753b4	UISearchBar	instance	backgroundImage	@8@0:4
0x002753f0	UISearchBar	instance	setBackgroundImage:	v12@0:4@8
0x0027543c	UISearchBar	instance	scopeBarBackgroundImage	@8@0:4
0x00275478	UISearchBar	instance	setScopeBarBackgroundImage:	v12@0:4@8
0x002754c4	UISearchBar	instance	searchFieldBackgroundPositionAdjustment	{UIOffset=ff}8@0:4
0x0027550c	UISearchBar	instance	setSearchFieldBackgroundPositionAdjustment:	v16@0:4{UIOffset=ff}8
0x00275560	UISearchBar	instance	searchTextPositionAdjustment	{UIOffset=ff}8@0:4
0x002755a8	UISearchBar	instance	setSearchTextPositionAdjustment:	v16@0:4{UIOffset=ff}8
0x002755fc	UISearchBar	instance	barTintColor	@8@0:4
0x00275638	UISearchBar	instance	setBarTintColor:	v12@0:4@8
0x002756b4	_UISegment	instance	dealloc	v8@0:4
0x0027579c	_UISegment	instance	initWithImage:	@12@0:4@8
0x00275b18	_UISegment	instance	setFrame:	v24@0:4{CGRect={CGPoint=ff}{CGSize=ff}}8
0x00275d34	_UISegment	instance	width	f8@0:4
0x00275d74	_UISegment	instance	setWidth:	v12@0:4f8
0x00275dbc	_UISegment	instance	enabled	c8@0:4
0x00275df8	_UISegment	instance	setEnabled:	v12@0:4c8
0x00275e3c	_UISegment	instance	contentOffset	{CGPoint=ff}8@0:4
0x00275e84	_UISegment	instance	setContentOffset:	v16@0:4{CGPoint=ff}8
0x00275ed8	_UISegment	instance	label	@8@0:4
0x00275f14	_UISegment	instance	setLabel:	v12@0:4@8
0x00275f60	UISegmentedControl	instance	dealloc	v8@0:4
0x00276144	UISegmentedControl	instance	initWithItems:	@12@0:4@8
0x002761ec	UISegmentedControl	instance	initWithCoder:	@12@0:4@8
0x002779f4	UISegmentedControl	instance	touchesBegan:withEvent:	v16@0:4@8@12
0x00277bb0	UISegmentedControl	instance	hitTest:withEvent:	@20@0:4{CGPoint=ff}8@16
0x00277efc	UISegmentedControl	instance	selectedSegmentIndex	i8@0:4
0x00277f38	UISegmentedControl	instance	setSelectedSegmentIndex:	v12@0:4i8
0x002783bc	UISegmentedControl	instance	imageForSegmentAtIndex:	@12@0:4I8
0x00278450	UISegmentedControl	instance	setTitle:forSegmentAtIndex:	v16@0:4@8I12
0x00278514	UISegmentedControl	instance	titleForSegmentAtIndex:	@12@0:4I8
0x002785d0	UISegmentedControl	instance	segmentTapped:	v12@0:4@8
0x00278684	UISegmentedControl	instance	makeGradientImage:isSelected:	@20@0:4{CGSize=ff}8c16
0x00278e84	UISegmentedControl	instance	setBackgroundImage:forState:barMetrics:	v20@0:4@8I12i16
0x00278ea8	UISegmentedControl	instance	setDividerImage:forLeftSegmentState:rightSegmentState:barMetrics:	v24@0:4@8I12I16i20
0x00278ed8	UISegmentedControl	instance	setTitleTextAttributes:forState:	v16@0:4@8I12
0x00278ef4	UISegmentedControl	instance	numberOfSegments	I8@0:4
0x00278f30	UISegmentedControl	instance	segmentedControlStyle	i8@0:4
0x00278f6c	UISegmentedControl	instance	setSegmentedControlStyle:	v12@0:4i8
0x00278fb0	UISegmentedControl	instance	isMomentary	c8@0:4
0x00278fec	UISegmentedControl	instance	setMomentary:	v12@0:4c8
0x00279030	UISegmentedControl	instance	apportionsSegmentWidthsByContent	c8@0:4
0x0027906c	UISegmentedControl	instance	setApportionsSegmentWidthsByContent:	v12@0:4c8
0x002790b0	UISegmentedControl	instance	tintColor	@8@0:4
0x002790ec	UISegmentedControl	instance	setTintColor:	v12@0:4@8
0x00279168	UISwitch	instance	performCommonSwitchInitialization	v8@0:4
0x0027917c	UISwitch	instance	initWithFrame:	@24@0:4{CGRect={CGPoint=ff}{CGSize=ff}}8
0x0027929c	UISwitch	instance	initWithCoder:	@12@0:4@8
0x002797e4	UISwitch	instance	dealloc	v8@0:4
0x002798a8	UISwitch	instance	_setOn:	v12@0:4c8
0x002798ec	UISwitch	instance	setOn:	v12@0:4c8
0x0027999c	UISwitch	instance	isOn	c8@0:4
0x002799d8	UISwitch	instance	onTintColor	@8@0:4
0x00279a14	UISwitch	instance	setOnTintColor:	v12@0:4@8
0x00279a60	UISwitch	instance	tintColor	@8@0:4
0x00279a9c	UISwitch	instance	setTintColor:	v12@0:4@8
0x00279ae8	UISwitch	instance	thumbTintColor	@8@0:4
0x00279b24	UISwitch	instance	setThumbTintColor:	v12@0:4@8
0x00279b70	UISwitch	instance	onImage	@8@0:4
0x00279bac	UISwitch	instance	setOnImage:	v12@0:4@8
0x00279bf8	UISwitch	instance	offImage	@8@0:4
0x00279c34	UISwitch	instance	setOffImage:	v12@0:4@8
0x00279cb0	UIStepper	instance	isContinuous	c8@0:4
0x00279cec	UIStepper	instance	setContinuous:	v12@0:4c8
0x00279d30	UIStepper	instance	autorepeat	c8@0:4
0x00279d6c	UIStepper	instance	setAutorepeat:	v12@0:4c8
0x00279db0	UIStepper	instance	wraps	c8@0:4
0x00279dec	UIStepper	instance	setWraps:	v12@0:4c8
0x00279e30	UIStepper	instance	value	d8@0:4
0x00279e6c	UIStepper	instance	setValue:	v16@0:4d8
0x00279eb4	UIStepper	instance	minimumValue	d8@0:4
0x00279ef0	UIStepper	instance	setMinimumValue:	v16@0:4d8
0x00279f38	UIStepper	instance	maximumValue	d8@0:4
0x00279f74	UIStepper	instance	setMaximumValue:	v16@0:4d8
0x00279fbc	UIStepper	instance	stepValue	d8@0:4
0x00279ff8	UIStepper	instance	setStepValue:	v16@0:4d8
0x0027a040	UIStepper	instance	tintColor	@8@0:4
0x0027a07c	UIStepper	instance	setTintColor:	v12@0:4@8
0x0027a0f8	_UITextInputTraits	instance	initWithCoder:	@12@0:4@8
0x0027a1e8	_UITextInputTraits	instance	enablesReturnKeyAutomatically	c8@0:4
0x0027a224	_UITextInputTraits	instance	setEnablesReturnKeyAutomatically:	v12@0:4c8
0x0027a268	_UITextInputTraits	instance	autocapitalizationType	i8@0:4
0x0027a2a4	_UITextInputTraits	instance	setAutocapitalizationType:	v12@0:4i8
0x0027a2e8	_UITextInputTraits	instance	isSecureTextEntry	c8@0:4
0x0027a324	_UITextInputTraits	instance	setSecureTextEntry:	v12@0:4c8
0x0027a368	_UITextInputTraits	instance	autocorrectionType	i8@0:4
0x0027a3a4	_UITextInputTraits	instance	setAutocorrectionType:	v12@0:4i8
0x0027a3e8	_UITextInputTraits	instance	spellCheckingType	i8@0:4
0x0027a424	_UITextInputTraits	instance	setSpellCheckingType:	v12@0:4i8
0x0027a468	_UITextInputTraits	instance	keyboardAppearance	i8@0:4
0x0027a4a4	_UITextInputTraits	instance	setKeyboardAppearance:	v12@0:4i8
0x0027a4e8	_UITextInputTraits	instance	returnKeyType	i8@0:4
0x0027a524	_UITextInputTraits	instance	setReturnKeyType:	v12@0:4i8
0x0027a568	_UITextInputTraits	instance	keyboardType	i8@0:4
0x0027a5a4	_UITextInputTraits	instance	setKeyboardType:	v12@0:4i8
0x0027a618	UITextField	instance	init	@8@0:4
0x0027a684	UITextField	instance	initWithCoder:	@12@0:4@8
0x0027ae30	UITextField	instance	initWithFrame:	@24@0:4{CGRect={CGPoint=ff}{CGSize=ff}}8
0x0027b008	UITextField	instance	dealloc	v8@0:4
0x0027b4cc	UITextField	instance	text	@8@0:4
0x0027b508	UITextField	instance	setText:	v12@0:4@8
0x0027b654	UITextField	instance	_textDidChange	v8@0:4
0x0027b814	UITextField	instance	_editingDidEndOnExit:	v12@0:4c8
0x0027b948	UITextField	instance	font	@8@0:4
0x0027b984	UITextField	instance	setFont:	v12@0:4@8
0x0027bac4	UITextField	instance	setLeftView:	v12@0:4@8
0x0027bbf4	UITextField	instance	setRightView:	v12@0:4@8
0x0027bd24	UITextField	instance	setLeftViewMode:	v12@0:4i8
0x0027bda4	UITextField	instance	setRightViewMode:	v12@0:4i8
0x0027be24	UITextField	instance	textColor	@8@0:4
0x0027be60	UITextField	instance	setTextColor:	v12@0:4@8
0x0027bfa0	UITextField	instance	layoutSubviews	v8@0:4
0x0027c624	UITextField	instance	placeholder	@8@0:4
0x0027c660	UITextField	instance	setPlaceholder:	v12@0:4@8
0x0027c794	UITextField	instance	enablesReturnKeyAutomatically	c8@0:4
0x0027c7fc	UITextField	instance	setEnablesReturnKeyAutomatically:	v12@0:4c8
0x0027c878	UITextField	instance	autocapitalizationType	i8@0:4
0x0027c8dc	UITextField	instance	setAutocapitalizationType:	v12@0:4i8
0x0027c948	UITextField	instance	isSecureTextEntry	c8@0:4
0x0027c9b0	UITextField	instance	setSecureTextEntry:	v12@0:4c8
0x0027ca64	UITextField	instance	autocorrectionType	i8@0:4
0x0027cac8	UITextField	instance	setAutocorrectionType:	v12@0:4i8
0x0027cb68	UITextField	instance	spellCheckingType	i8@0:4
0x0027cbcc	UITextField	instance	setSpellCheckingType:	v12@0:4i8
0x0027cc38	UITextField	instance	keyboardAppearance	i8@0:4
0x0027cc9c	UITextField	instance	setKeyboardAppearance:	v12@0:4i8
0x0027cd08	UITextField	instance	returnKeyType	i8@0:4
0x0027cd6c	UITextField	instance	setReturnKeyType:	v12@0:4i8
0x0027cdd8	UITextField	instance	keyboardType	i8@0:4
0x0027ce3c	UITextField	instance	setKeyboardType:	v12@0:4i8
0x0027ceec	UITextField	instance	setTextAlignment:	v12@0:4I8
0x0027cf9c	UITextField	instance	canBecomeFirstResponder	c8@0:4
0x0027cfb8	UITextField	instance	becomeFirstResponder	c8@0:4
0x0027d084	UITextField	instance	_becomeFirstResponderSilently	c8@0:4
0x0027d0fc	UITextField	instance	resignFirstResponder	c8@0:4
0x0027d1c0	UITextField	instance	removeFromSuperview	v8@0:4
0x0027d274	UITextField	instance	addTarget:action:forControlEvents:	v20@0:4@8:12I16
0x0027dc2c	UITextField	instance	attributedText	@8@0:4
0x0027dc60	UITextField	instance	setAttributedText:	v12@0:4@8
0x0027dcac	UITextField	instance	textAlignment	I8@0:4
0x0027dce8	UITextField	instance	borderStyle	i8@0:4
0x0027dd24	UITextField	instance	setBorderStyle:	v12@0:4i8
0x0027dd68	UITextField	instance	defaultTextAttributes	@8@0:4
0x0027dd9c	UITextField	instance	setDefaultTextAttributes:	v12@0:4@8
0x0027dde8	UITextField	instance	attributedPlaceholder	@8@0:4
0x0027de1c	UITextField	instance	setAttributedPlaceholder:	v12@0:4@8
0x0027de68	UITextField	instance	clearsOnBeginEditing	c8@0:4
0x0027dea4	UITextField	instance	setClearsOnBeginEditing:	v12@0:4c8
0x0027dee8	UITextField	instance	adjustsFontSizeToFitWidth	c8@0:4
0x0027df24	UITextField	instance	setAdjustsFontSizeToFitWidth:	v12@0:4c8
0x0027df68	UITextField	instance	minimumFontSize	f8@0:4
0x0027dfa4	UITextField	instance	setMinimumFontSize:	v12@0:4f8
0x0027dfec	UITextField	instance	delegate	@8@0:4
0x0027e028	UITextField	instance	setDelegate:	v12@0:4@8
0x0027e06c	UITextField	instance	background	@8@0:4
0x0027e0a8	UITextField	instance	setBackground:	v12@0:4@8
0x0027e0f4	UITextField	instance	disabledBackground	@8@0:4
0x0027e130	UITextField	instance	setDisabledBackground:	v12@0:4@8
0x0027e17c	UITextField	instance	isEditing	c8@0:4
0x0027e1b8	UITextField	instance	allowsEditingTextAttributes	c8@0:4
0x0027e1f4	UITextField	instance	setAllowsEditingTextAttributes:	v12@0:4c8
0x0027e238	UITextField	instance	typingAttributes	@8@0:4
0x0027e26c	UITextField	instance	setTypingAttributes:	v12@0:4@8
0x0027e2b8	UITextField	instance	clearButtonMode	i8@0:4
0x0027e2f4	UITextField	instance	setClearButtonMode:	v12@0:4i8
0x0027e338	UITextField	instance	leftView	@8@0:4
0x0027e374	UITextField	instance	leftViewMode	i8@0:4
0x0027e3b0	UITextField	instance	rightView	@8@0:4
0x0027e3ec	UITextField	instance	rightViewMode	i8@0:4
0x0027e428	UITextField	instance	inputView	@8@0:4
0x0027e45c	UITextField	instance	setInputView:	v12@0:4@8
0x0027e4a8	UITextField	instance	inputAccessoryView	@8@0:4
0x0027e4dc	UITextField	instance	setInputAccessoryView:	v12@0:4@8
0x0027e528	UITextField	instance	clearsOnInsertion	c8@0:4
0x0027e564	UITextField	instance	setClearsOnInsertion:	v12@0:4c8
0x0027e8c0	UIToolbar	instance	init	@8@0:4
0x0027ea08	UIToolbar	instance	initWithFrame:	@24@0:4{CGRect={CGPoint=ff}{CGSize=ff}}8
0x0027ec20	UIToolbar	instance	initWithCoder:	@12@0:4@8
0x0027ef1c	UIToolbar	instance	dealloc	v8@0:4
0x0027efe0	UIToolbar	instance	setFrame:	v24@0:4{CGRect={CGPoint=ff}{CGSize=ff}}8
0x0027f0a0	UIToolbar	instance	setItems:animated:	v16@0:4@8c12
0x0027f218	UIToolbar	instance	setItems:	v12@0:4@8
0x0027f274	UIToolbar	instance	items	@8@0:4
0x0027f2b0	UIToolbar	instance	setTintColor:	v12@0:4@8
0x0027f434	UIToolbar	instance	tintColor	@8@0:4
0x0027f470	UIToolbar	instance	setBarStyle:	v12@0:4i8
0x0027f58c	UIToolbar	instance	barStyle	i8@0:4
0x0027f5c8	UIToolbar	instance	isTranslucent	c8@0:4
0x0027f604	UIToolbar	instance	setTranslucent:	v12@0:4c8
0x0027f648	UIToolbar	instance	barTintColor	@8@0:4
0x0027f684	UIToolbar	instance	setBarTintColor:	v12@0:4@8
0x0027f6d0	UIToolbar	instance	delegate	@8@0:4
0x0027f70c	UIToolbar	instance	setDelegate:	v12@0:4@8
0x0027f780	UITouch	instance	initWithView:location:	@20@0:4@8{CGPoint=ff}12
0x0027f930	UITouch	instance	dealloc	v8@0:4
0x0027fa30	UITouch	instance	update:phase:timestamp:	v28@0:4{CGPoint=ff}8i16d20
0x0027ff28	UITouch	instance	activeViewForWindow:withEvent:	@16@0:4@8@12
0x00280044	UITouch	instance	resetPhase	v8@0:4
0x00280084	UITouch	instance	_hasMoved	c8@0:4
0x002800c0	UITouch	instance	timestamp	d8@0:4
0x002800fc	UITouch	instance	phase	i8@0:4
0x00280138	UITouch	instance	tapCount	I8@0:4
0x00280174	UITouch	instance	_setTapCount:	v12@0:4I8
0x002801b8	UITouch	instance	view	@8@0:4
0x002801f4	UITouch	instance	window	@8@0:4
0x00280268	UITouch	instance	gestureRecognizers	@8@0:4
0x002802a4	UITouch	instance	_addRecognizer:	v12@0:4@8
0x002803c4	UITouch	instance	locationInView:	{CGPoint=ff}12@0:4@8
0x002804f8	UITouch	instance	previousLocationInView:	{CGPoint=ff}12@0:4@8
0x0028062c	UITouch	instance	description	@8@0:4
0x00280764	ApportableUIViewObserver	instance	observeValueForKeyPath:ofObject:change:context:	v24@0:4@8@12@16^v20
0x0028082c	UIView	instance	_barMetricsOffset	f8@0:4
0x0028086c	UIView	class	layerClass	#8@0:4
0x002808c4	UIView	instance	init	@8@0:4
0x00280930	UIView	instance	_setupObservers	v8@0:4
0x00280be4	UIView	instance	_removeObservers	v8@0:4
0x00280ea4	UIView	instance	_classHierarchy	@8@0:4
0x00280fe0	UIView	instance	initWithCoder:	@12@0:4@8
0x002828b4	UIView	instance	initWithFrame:	@24@0:4{CGRect={CGPoint=ff}{CGSize=ff}}8
0x00282e48	UIView	instance	_tryRetain	c8@0:4
0x00282f00	UIView	instance	retain	@8@0:4
0x00282f58	UIView	instance	release	Vv8@0:4
0x002830bc	UIView	instance	retainCount	I8@0:4
0x002830fc	UIView	instance	dealloc	v8@0:4
0x002834f0	UIView	instance	encodeWithCoder:	v12@0:4@8
0x00283558	UIView	instance	_setController:	v12@0:4@8
0x0028359c	UIView	instance	_controller	@8@0:4
0x002835d8	UIView	instance	nextResponder	@8@0:4
0x002836fc	UIView	instance	_setupEventHandlers	v8@0:4
0x00283710	UIView	instance	_willBecomeVisible	v8@0:4
0x00283908	UIView	instance	_didBecomeVisible	v8@0:4
0x00283b90	UIView	instance	setLayer:	v12@0:4@8
0x00283cec	UIView	instance	layer	@8@0:4
0x00283d28	UIView	instance	debugString	@8@0:4
0x00283d64	UIView	instance	setDebugString:	v12@0:4@8
0x00283f08	UIView	instance	description	@8@0:4
0x002840e0	UIView	instance	_isUserInteractionEnabled	c8@0:4
0x00284230	UIView	instance	isUserInteractionEnabled	c8@0:4
0x00284280	UIView	instance	setUserInteractionEnabled:	v12@0:4c8
0x00284360	UIView	instance	_touchesBegan:withEvent:	v16@0:4@8@12
0x002851cc	UIView	instance	_touchesMoved:withEvent:	v16@0:4@8@12
0x002854a8	UIView	instance	_touchesEnded:withEvent:	v16@0:4@8@12
0x00285784	UIView	instance	_touchesCancelled:withEvent:	v16@0:4@8@12
0x00285a1c	UIView	instance	_viewTouchesCancelled:withEvent:	v16@0:4@8@12
0x00285b74	UIView	instance	tag	i8@0:4
0x00285bb0	UIView	instance	setTag:	v12@0:4i8
0x0028cd50	AnimationContext	instance	dealloc	v8@0:4
0x0028cec0	AnimationContext	instance	viewToAnimationsMap	@8@0:4
0x0028cefc	AnimationContext	instance	setViewToAnimationsMap:	v12@0:4@8
0x0028cf48	AnimationContext	instance	delegate	@8@0:4
0x0028cf84	AnimationContext	instance	setDelegate:	v12@0:4@8
0x0028cfc8	AnimationContext	instance	beginTime	d8@0:4
0x0028d008	AnimationContext	instance	setBeginTime:	v16@0:4d8
0x0028d050	AnimationContext	instance	duration	d8@0:4
0x0028d090	AnimationContext	instance	setDuration:	v16@0:4d8
0x0028d0d8	AnimationContext	instance	animationWillStartSelector	:8@0:4
0x0028d114	AnimationContext	instance	setAnimationWillStartSelector:	v12@0:4:8
0x0028d158	AnimationContext	instance	animationDidStopSelector	:8@0:4
0x0028d194	AnimationContext	instance	setAnimationDidStopSelector:	v12@0:4:8
0x0028d1d8	AnimationContext	instance	animationID	@8@0:4
0x0028d210	AnimationContext	instance	setAnimationID:	v12@0:4@8
0x0028d25c	AnimationContext	instance	context	^v8@0:4
0x0028d298	AnimationContext	instance	setContext:	v12@0:4^v8
0x0028d2dc	AnimationContext	instance	animationCurve	i8@0:4
0x0028d318	AnimationContext	instance	setAnimationCurve:	v12@0:4i8
0x0028d35c	AnimationContext	instance	beginsFromCurrentState	c8@0:4
0x0028d398	AnimationContext	instance	setBeginsFromCurrentState:	v12@0:4c8
0x0028ee0c	_UIViewAnimationBlock	class	runAnimations:	v12@0:4@?8
0x0028ee60	_UIViewAnimationBlock	class	runCompletion:	v12@0:4@?8
0x00290830	_UILayoutGuide	instance	initWithCoder:	@12@0:4@8
0x002908ac	_UILayoutGuide	instance	encodeWithCoder:	v12@0:4@8
0x002908c4	_UILayoutGuide	instance	superview	@8@0:4
0x00293924	UIViewController	class	initialize	v8@0:4
0x002939b8	UIViewController	class	didReceiveMemoryWarning	v8@0:4
0x00293bd0	UIViewController	instance	init	@8@0:4
0x00293c24	UIViewController	instance	_shouldPersistViewWhenCoding	c8@0:4
0x00293c40	UIViewController	instance	_isPresentationContextByDefault	c8@0:4
0x00293c5c	UIViewController	instance	initWithCoder:	@12@0:4@8
0x002951e4	UIViewController	instance	initWithNibName:bundle:	@16@0:4@8@12
0x0029558c	UIViewController	instance	dealloc	v8@0:4
0x00295a68	UIViewController	instance	awakeFromNib	v8@0:4
0x00295af4	UIViewController	instance	setTitle:	v12@0:4@8
0x00295c78	UIViewController	instance	title	@8@0:4
0x00295cb4	UIViewController	instance	didReceiveMemoryWarning	v8@0:4
0x00295cc8	UIViewController	instance	viewDidLoad	v8@0:4
0x00295cdc	UIViewController	instance	_existingView	@8@0:4
0x00295d18	UIViewController	instance	isViewLoaded	c8@0:4
0x00295d84	UIViewController	instance	shouldPerformSegueWithIdentifier:sender:	c16@0:4@8@12
0x00295da8	UIViewController	instance	_viewDidUnload	v8@0:4
0x00295e5c	UIViewController	instance	viewDidUnload	v8@0:4
0x00295e70	UIViewController	instance	viewWillAppear:	v12@0:4c8
0x00295e88	UIViewController	instance	viewDidAppear:	v12@0:4c8
0x00295ea0	UIViewController	instance	viewWillDisappear:	v12@0:4c8
0x00295eb8	UIViewController	instance	viewDidDisappear:	v12@0:4c8
0x00295ed0	UIViewController	instance	presentedViewController	@8@0:4
0x00295f1c	UIViewController	instance	__viewWillAppear:	v12@0:4c8
0x00295fe8	UIViewController	instance	__viewDidAppear:	v12@0:4c8
0x0029608c	UIViewController	instance	__viewWillDisappear:	v12@0:4c8
0x0029612c	UIViewController	instance	__viewDidDisappear:	v12@0:4c8
0x002961cc	UIViewController	instance	_setPresentingViewController:	v12@0:4@8
0x00296210	UIViewController	instance	presentModalViewController:animated:	v16@0:4@8c12
0x00296284	UIViewController	instance	presentViewController:animated:completion:	v20@0:4@8c12@?16
0x00296bfc	UIViewController	instance	dismissModalViewControllerAnimated:	v12@0:4c8
0x00296c68	UIViewController	instance	dismissViewControllerAnimated:completion:	v16@0:4c8@?12
0x00297574	UIViewController	instance	wantsFullScreenLayout	c8@0:4
0x002975b0	UIViewController	instance	storyboardSegueTemplates	@8@0:4
0x002975ec	UIViewController	instance	loadViewIfRequired	v8@0:4
0x00297a58	UIViewController	instance	autoresizesArchivedViewToFullSize	c8@0:4
0x00297a94	UIViewController	instance	_defaultInitialViewFrame	{CGRect={CGPoint=ff}{CGSize=ff}}8@0:4
0x00297ca8	UIViewController	instance	autoresizeArchivedView	v8@0:4
0x00297e18	UIViewController	instance	_loadViewFromNibNamed:bundle:	v16@0:4@8@12
0x00298200	UIViewController	instance	loadView	v8@0:4
0x00298440	UIViewController	class	doesOverrideViewControllerMethod:inBaseClass:	c16@0:4:8#12
0x002984a0	UIViewController	class	doesOverrideViewControllerMethod:	c12@0:4:8
0x00298554	UIViewController	class	existingNibNameMatchingClassName:bundle:	@16@0:4@8@12
0x00298770	UIViewController	instance	setNibName:	v12@0:4@8
0x0029884c	UIViewController	instance	nibName	@8@0:4
0x00298a50	UIViewController	instance	view	@8@0:4
0x00298c5c	UIViewController	instance	nextResponder	@8@0:4
0x00298ccc	UIViewController	instance	_installViewToWindow	v8@0:4
0x00298e0c	UIViewController	instance	setView:	v12@0:4@8
0x0029904c	UIViewController	instance	childViewControllers	@8@0:4
0x002990d4	UIViewController	instance	addChildViewController:	v12@0:4@8
0x00299274	UIViewController	instance	_removeChildViewController:	v12@0:4@8
0x002992ec	UIViewController	instance	removeFromParentViewController	v8@0:4
0x002993b8	UIViewController	instance	supportedInterfaceOrientations	I8@0:4
0x002993d4	UIViewController	instance	shouldAutorotate	c8@0:4
0x002993f0	UIViewController	instance	shouldAutorotateToInterfaceOrientation:	c12@0:4i8
0x002994c0	UIViewController	instance	didRotateFromInterfaceOrientation:	v12@0:4i8
0x002994d8	UIViewController	instance	interfaceOrientation	i8@0:4
0x00299514	UIViewController	instance	_setOrientation:	v12@0:4i8
0x00299558	UIViewController	instance	willRotateToInterfaceOrientation:duration:	v20@0:4i8d12
0x002995a4	UIViewController	instance	shouldAutomaticallyForwardRotationMethods	c8@0:4
0x002995c0	UIViewController	instance	shouldAutomaticallyForwardAppearanceMethods	c8@0:4
0x002995dc	UIViewController	instance	viewWillLayoutSubviews	v8@0:4
0x002995f0	UIViewController	instance	viewDidLayoutSubviews	v8@0:4
0x00299604	UIViewController	instance	tabBarItem	@8@0:4
0x00299774	UIViewController	instance	setTabBarItem:	v12@0:4@8
0x00299888	UIViewController	instance	tabBarController	@8@0:4
0x002998c4	UIViewController	instance	navigationItem	@8@0:4
0x00299a68	UIViewController	instance	navigationController	@8@0:4
0x00299aa4	UIViewController	instance	storyboardIdentifier	@8@0:4
0x00299ad8	UIViewController	instance	setStoryboardIdentifier:	v12@0:4@8
0x00299b24	UIViewController	instance	nibBundle	@8@0:4
0x00299b60	UIViewController	instance	setNibBundle:	v12@0:4@8
0x00299bac	UIViewController	instance	storyboard	@8@0:4
0x00299be8	UIViewController	instance	parentViewController	@8@0:4
0x00299c24	UIViewController	instance	modalViewController	@8@0:4
0x00299c60	UIViewController	instance	presentingViewController	@8@0:4
0x00299c9c	UIViewController	instance	definesPresentationContext	c8@0:4
0x00299cd8	UIViewController	instance	setDefinesPresentationContext:	v12@0:4c8
0x00299d1c	UIViewController	instance	providesPresentationContextTransitionStyle	c8@0:4
0x00299d58	UIViewController	instance	setProvidesPresentationContextTransitionStyle:	v12@0:4c8
0x00299d9c	UIViewController	instance	modalTransitionStyle	i8@0:4
0x00299dd8	UIViewController	instance	setModalTransitionStyle:	v12@0:4i8
0x00299e1c	UIViewController	instance	modalPresentationStyle	i8@0:4
0x00299e58	UIViewController	instance	setModalPresentationStyle:	v12@0:4i8
0x00299e9c	UIViewController	instance	setWantsFullScreenLayout:	v12@0:4c8
0x00299ee0	UIViewController	instance	edgesForExtendedLayout	I8@0:4
0x00299f1c	UIViewController	instance	setEdgesForExtendedLayout:	v12@0:4I8
0x00299f60	UIViewController	instance	extendedLayoutIncludesOpaqueBars	c8@0:4
0x00299f9c	UIViewController	instance	setExtendedLayoutIncludesOpaqueBars:	v12@0:4c8
0x00299fe0	UIViewController	instance	automaticallyAdjustsScrollViewInsets	c8@0:4
0x0029a01c	UIViewController	instance	setAutomaticallyAdjustsScrollViewInsets:	v12@0:4c8
0x0029a060	UIViewController	instance	preferredContentSize	{CGSize=ff}8@0:4
0x0029a0a8	UIViewController	instance	setPreferredContentSize:	v16@0:4{CGSize=ff}8
0x0029a9d8	_WebDialog	class	initializeJava	v8@0:4
0x0029ae88	_WebDialog	class	className	@8@0:4
0x0029aeb8	_WebDialog	instance	onOverrideURL:	v12@0:4@8
0x0029b084	_WebDialog	instance	onUserClosed	v8@0:4
0x0029b1e4	_WebDialog	instance	delegate	@8@0:4
0x0029b220	_WebDialog	instance	setDelegate:	v12@0:4@8
0x0029b264	UIWebViewController	class	webViewControllerWithTitle:URL:	@16@0:4@8@12
0x0029b2d8	UIWebViewController	class	webViewControllerWithTitle:URL:overrideURLLoadingPrefix:withCompletion:	@24@0:4@8@12@16@?20
0x0029b3c8	UIWebViewController	class	webViewControllerWithTitle:URL:overrideURLLoadingPrefixes:withCompletion:	@24@0:4@8@12@16@?20
0x0029b4b8	UIWebViewController	instance	initWithTitle:URL:	@16@0:4@8@12
0x0029b520	UIWebViewController	instance	initWithTitle:URL:overrideURLLoadingPrefix:withCompletion:	@24@0:4@8@12@16@?20
0x0029b61c	UIWebViewController	instance	initWithTitle:URL:overrideURLLoadingPrefixes:withCompletion:	@24@0:4@8@12@16@?20
0x0029bae4	UIWebViewController	instance	loadView	v8@0:4
0x0029bcb0	UIWebViewController	instance	init	@8@0:4
0x0029bd08	UIWebViewController	instance	dealloc	v8@0:4
0x0029bea0	UIWebViewController	instance	overrideURL:	v12@0:4@8
0x0029bf10	UIWebViewController	instance	userClosed	v8@0:4
0x0029bfdc	UIWebViewController	instance	viewDidAppear:	v12@0:4c8
0x0029c044	UIWebViewController	instance	viewWillDisappear:	v12@0:4c8
0x0029c08c	UIWindow	instance	initWithCoder:	@12@0:4@8
0x0029c224	UIWindow	instance	initWithFrame:	@24@0:4{CGRect={CGPoint=ff}{CGSize=ff}}8
0x0029c424	UIWindow	instance	dealloc	v8@0:4
0x0029c4e8	UIWindow	instance	isKeyWindow	c8@0:4
0x0029c580	UIWindow	instance	makeKeyAndVisible	v8@0:4
0x0029c780	UIWindow	instance	sendEvent:	v12@0:4@8
0x0029d5ac	UIWindow	instance	_insertSubview:atIndex:	v16@0:4@8i12
0x0029d7f0	UIWindow	instance	rootViewController	@8@0:4
0x0029d82c	UIWindow	instance	setRootViewController:	v12@0:4@8
0x0029d9ac	UIWindow	instance	convertRect:fromView:	{CGRect={CGPoint=ff}{CGSize=ff}}28@0:4{CGRect={CGPoint=ff}{CGSize=ff}}8@24
0x0029db74	UIWindow	instance	convertRect:fromWindow:	{CGRect={CGPoint=ff}{CGSize=ff}}28@0:4{CGRect={CGPoint=ff}{CGSize=ff}}8@24
0x0029dc50	UIWindow	instance	setFrame:	v24@0:4{CGRect={CGPoint=ff}{CGSize=ff}}8
0x0029dce0	UIWindow	instance	window	@8@0:4
0x0029dcf8	UIWindow	instance	nextResponder	@8@0:4
0x0029dd50	UIWindow	instance	screen	@8@0:4
0x0029dd8c	UIWindow	instance	setScreen:	v12@0:4@8
0x0029ddd8	UIWindow	instance	windowLevel	f8@0:4
0x0029de14	UIWindow	instance	setWindowLevel:	v12@0:4f8
0x0029de8c	UIWebView	instance	initWithCoder:	@12@0:4@8
0x0029e014	UIWebView	instance	initWithFrame:	@24@0:4{CGRect={CGPoint=ff}{CGSize=ff}}8
0x0029e114	UIWebView	instance	dealloc	v8@0:4
0x0029e1f8	UIWebView	instance	_setRequest:	v12@0:4@8
0x0029e300	UIWebView	instance	loadRequest:	v12@0:4@8
0x0029e564	UIWebView	instance	loadHTMLString:baseURL:	v16@0:4@8@12
0x0029e648	UIWebView	instance	loadData:MIMEType:textEncodingName:baseURL:	v24@0:4@8@12@16@20
0x0029ea0c	UIWebView	instance	reload	v8@0:4
0x0029eb88	UIWebView	instance	stopLoading	v8@0:4
0x0029ebd4	UIWebView	instance	goBack	v8@0:4
0x0029ec20	UIWebView	instance	goForward	v8@0:4
0x0029ec6c	UIWebView	instance	stringByEvaluatingJavaScriptFromString:	@12@0:4@8
0x0029ecc0	UIWebView	instance	canGoForward	c8@0:4
0x0029ed38	UIWebView	instance	canGoBack	c8@0:4
0x0029edb0	UIWebView	instance	isLoading	c8@0:4
0x0029ee28	UIWebView	instance	setBackgroundColor:	v12@0:4@8
0x0029eee4	UIWebView	instance	scalesPageToFit	c8@0:4
0x0029ef00	UIWebView	instance	setScalesPageToFit:	v12@0:4c8
0x0029ef18	UIWebView	instance	detectsPhoneNumbers	c8@0:4
0x0029ef34	UIWebView	instance	setDetectsPhoneNumbers:	v12@0:4c8
0x0029ef4c	UIWebView	instance	dataDetectorTypes	I8@0:4
0x0029ef68	UIWebView	instance	setDataDetectorTypes:	v12@0:4I8
0x0029ef80	UIWebView	instance	allowsInlineMediaPlayback	c8@0:4
0x0029ef9c	UIWebView	instance	setAllowsInlineMediaPlayback:	v12@0:4c8
0x0029efb4	UIWebView	instance	mediaPlaybackRequiresUserAction	c8@0:4
0x0029efd0	UIWebView	instance	setMediaPlaybackRequiresUserAction:	v12@0:4c8
0x0029efe8	UIWebView	instance	mediaPlaybackAllowsAirPlay	c8@0:4
0x0029f004	UIWebView	instance	setMediaPlaybackAllowsAirPlay:	v12@0:4c8
0x0029f01c	UIWebView	instance	delegate	@8@0:4
0x0029f058	UIWebView	instance	setDelegate:	v12@0:4@8
0x0029f09c	UIWebView	instance	scrollView	@8@0:4
0x0029f0d8	UIWebView	instance	request	@8@0:4
0x0029f114	UIWebView	instance	suppressesIncrementalRendering	c8@0:4
0x0029f150	UIWebView	instance	setSuppressesIncrementalRendering:	v12@0:4c8
0x0029f194	UIWebView	instance	keyboardDisplayRequiresUserAction	c8@0:4
0x0029f1d0	UIWebView	instance	setKeyboardDisplayRequiresUserAction:	v12@0:4c8
0x0029f214	UIWebView	instance	paginationMode	i8@0:4
0x0029f250	UIWebView	instance	setPaginationMode:	v12@0:4i8
0x0029f294	UIWebView	instance	paginationBreakingMode	i8@0:4
0x0029f2d0	UIWebView	instance	setPaginationBreakingMode:	v12@0:4i8
0x0029f314	UIWebView	instance	pageLength	f8@0:4
0x0029f350	UIWebView	instance	setPageLength:	v12@0:4f8
0x0029f398	UIWebView	instance	gapBetweenPages	f8@0:4
0x0029f3d4	UIWebView	instance	setGapBetweenPages:	v12@0:4f8
0x0029f41c	UIWebView	instance	pageCount	I8@0:4
0x0029f488	UISliderImageView	instance	initWithSlider:	@12@0:4@8
0x0029f564	UISliderImageView	instance	_platform_initWithFrame:	v24@0:4{CGRect={CGPoint=ff}{CGSize=ff}}8
0x0029f594	UISliderThumbImageView	instance	_platform_setImage:	v12@0:4@8
0x0029f600	UISliderMinImageView	instance	_platform_setImage:	v12@0:4@8
0x0029f66c	UISliderMaxImageView	instance	_platform_setImage:	v12@0:4@8
0x0029f6d8	UISlider	instance	performCommonSliderInitialization	v8@0:4
0x0029f984	UISlider	instance	init	@8@0:4
0x0029f9f0	UISlider	instance	initWithFrame:	@24@0:4{CGRect={CGPoint=ff}{CGSize=ff}}8
0x0029fb20	UISlider	instance	initWithCoder:	@12@0:4@8
0x002a0008	UISlider	instance	dealloc	v8@0:4
0x002a0178	UISlider	instance	setMinimumValue:	v12@0:4f8
0x002a0230	UISlider	instance	minimumValue	f8@0:4
0x002a026c	UISlider	instance	setMaximumValue:	v12@0:4f8
0x002a0324	UISlider	instance	maximumValue	f8@0:4
0x002a0360	UISlider	instance	setValue:animated:	v16@0:4f8c12
0x002a041c	UISlider	instance	_setValue:	v12@0:4f8
0x002a0464	UISlider	instance	setValue:	v12@0:4f8
0x002a04d4	UISlider	instance	value	f8@0:4
0x002a0510	UISlider	instance	setContinuous:	v12@0:4c8
0x002a05e0	UISlider	instance	setMinimumValueImage:	v12@0:4@8
0x002a06b4	UISlider	instance	minimumValueImage	@8@0:4
0x002a0718	UISlider	instance	setMaximumValueImage:	v12@0:4@8
0x002a07ec	UISlider	instance	maximumValueImage	@8@0:4
0x002a0850	UISlider	instance	setThumbImage:forState:	v16@0:4@8I12
0x002a0e88	UISlider	instance	setMinimumTrackImage:forState:	v16@0:4@8I12
0x002a127c	UISlider	instance	setMaximumTrackImage:forState:	v16@0:4@8I12
0x002a1670	UISlider	instance	thumbImageForState:	@12@0:4I8
0x002a1984	UISlider	instance	minimumTrackImageForState:	@12@0:4I8
0x002a1c98	UISlider	instance	maximumTrackImageForState:	@12@0:4I8
0x002a1fac	UISlider	instance	minimumValueImageRectForBounds:	{CGRect={CGPoint=ff}{CGSize=ff}}24@0:4{CGRect={CGPoint=ff}{CGSize=ff}}8
0x002a2018	UISlider	instance	maximumValueImageRectForBounds:	{CGRect={CGPoint=ff}{CGSize=ff}}24@0:4{CGRect={CGPoint=ff}{CGSize=ff}}8
0x002a2084	UISlider	instance	trackRectForBounds:	{CGRect={CGPoint=ff}{CGSize=ff}}24@0:4{CGRect={CGPoint=ff}{CGSize=ff}}8
0x002a20f0	UISlider	instance	thumbRectForBounds:trackRect:value:	{CGRect={CGPoint=ff}{CGSize=ff}}44@0:4{CGRect={CGPoint=ff}{CGSize=ff}}8{CGRect={CGPoint=ff}{CGSize=ff}}24f40
0x002a2184	UISlider	instance	setNeedsDisplay	v8@0:4
0x002a23dc	UISlider	instance	minimumTrackTintColor	@8@0:4
0x002a2418	UISlider	instance	setMinimumTrackTintColor:	v12@0:4@8
0x002a2464	UISlider	instance	maximumTrackTintColor	@8@0:4
0x002a24a0	UISlider	instance	setMaximumTrackTintColor:	v12@0:4@8
0x002a24ec	UISlider	instance	thumbTintColor	@8@0:4
0x002a2528	UISlider	instance	setThumbTintColor:	v12@0:4@8
0x002a2574	UISlider	instance	isContinuous	c8@0:4
0x002a25b0	UISlider	instance	currentThumbImage	@8@0:4
0x002a25ec	UISlider	instance	currentMinimumTrackImage	@8@0:4
0x002a2628	UISlider	instance	currentMaximumTrackImage	@8@0:4
0x002a2694	UITextView	instance	init	@8@0:4
0x002a27a4	UITextView	instance	initWithFrame:	@24@0:4{CGRect={CGPoint=ff}{CGSize=ff}}8
0x002a28ac	UITextView	instance	dealloc	v8@0:4
0x002a2a1c	UITextView	instance	initWithCoder:	@12@0:4@8
0x002a2f70	UITextView	instance	text	@8@0:4
0x002a3050	UITextView	instance	setText:	v12@0:4@8
0x002a3184	UITextView	instance	_updateText:	v12@0:4@8
0x002a3280	UITextView	instance	setEditable:	v12@0:4c8
0x002a3304	UITextView	instance	font	@8@0:4
0x002a3340	UITextView	instance	setFont:	v12@0:4@8
0x002a34c4	UITextView	instance	setTextColor:	v12@0:4@8
0x002a3648	UITextView	instance	textColor	@8@0:4
0x002a3684	UITextView	instance	_editingLength	I8@0:4
0x002a36c0	UITextView	instance	_setEditingLength:	v12@0:4I8
0x002a3704	UITextView	instance	selectedRange	{_NSRange=II}8@0:4
0x002a374c	UITextView	instance	setSelectedRange:	v16@0:4{_NSRange=II}8
0x002a3838	UITextView	instance	_setSelectedRange:	v16@0:4{_NSRange=II}8
0x002a398c	UITextView	instance	enablesReturnKeyAutomatically	c8@0:4
0x002a39f4	UITextView	instance	setEnablesReturnKeyAutomatically:	v12@0:4c8
0x002a3aa8	UITextView	instance	autocapitalizationType	i8@0:4
0x002a3b0c	UITextView	instance	setAutocapitalizationType:	v12@0:4i8
0x002a3bac	UITextView	instance	isSecureTextEntry	c8@0:4
0x002a3c14	UITextView	instance	setSecureTextEntry:	v12@0:4c8
0x002a3cc8	UITextView	instance	autocorrectionType	i8@0:4
0x002a3d2c	UITextView	instance	setAutocorrectionType:	v12@0:4i8
0x002a3dcc	UITextView	instance	spellCheckingType	i8@0:4
0x002a3e30	UITextView	instance	setSpellCheckingType:	v12@0:4i8
0x002a3e9c	UITextView	instance	keyboardAppearance	i8@0:4
0x002a3f00	UITextView	instance	setKeyboardAppearance:	v12@0:4i8
0x002a3fa0	UITextView	instance	returnKeyType	i8@0:4
0x002a4004	UITextView	instance	setReturnKeyType:	v12@0:4i8
0x002a40a4	UITextView	instance	keyboardType	i8@0:4
0x002a4108	UITextView	instance	setKeyboardType:	v12@0:4i8
0x002a41a8	UITextView	instance	removeFromSuperview	v8@0:4
0x002a425c	UITextView	instance	canBecomeFirstResponder	c8@0:4
0x002a4278	UITextView	instance	becomeFirstResponder	c8@0:4
0x002a4344	UITextView	instance	resignFirstResponder	c8@0:4
0x002a4408	UITextView	instance	selectedTextRange	@8@0:4
0x002a443c	UITextView	instance	setSelectedTextRange:	v12@0:4@8
0x002a4488	UITextView	instance	markedTextRange	@8@0:4
0x002a44c4	UITextView	instance	beginningOfDocument	@8@0:4
0x002a4500	UITextView	instance	endOfDocument	@8@0:4
0x002a453c	UITextView	instance	inputDelegate	@8@0:4
0x002a4578	UITextView	instance	setInputDelegate:	v12@0:4@8
0x002a45bc	UITextView	instance	tokenizer	@8@0:4
0x002a45f8	UITextView	instance	textAlignment	I8@0:4
0x002a4634	UITextView	instance	setTextAlignment:	v12@0:4I8
0x002a4678	UITextView	instance	isEditable	c8@0:4
0x002a46b4	UITextView	instance	isSelectable	c8@0:4
0x002a46f0	UITextView	instance	setSelectable:	v12@0:4c8
0x002a4734	UITextView	instance	dataDetectorTypes	I8@0:4
0x002a4770	UITextView	instance	setDataDetectorTypes:	v12@0:4I8
0x002a47b4	UITextView	instance	allowsEditingTextAttributes	c8@0:4
0x002a47f0	UITextView	instance	setAllowsEditingTextAttributes:	v12@0:4c8
0x002a4834	UITextView	instance	attributedText	@8@0:4
0x002a4868	UITextView	instance	setAttributedText:	v12@0:4@8
0x002a48b4	UITextView	instance	typingAttributes	@8@0:4
0x002a48e8	UITextView	instance	setTypingAttributes:	v12@0:4@8
0x002a4934	UITextView	instance	inputView	@8@0:4
0x002a4968	UITextView	instance	setInputView:	v12@0:4@8
0x002a49b4	UITextView	instance	inputAccessoryView	@8@0:4
0x002a49e8	UITextView	instance	setInputAccessoryView:	v12@0:4@8
0x002a4a34	UITextView	instance	clearsOnInsertion	c8@0:4
0x002a4a70	UITextView	instance	setClearsOnInsertion:	v12@0:4c8
0x002a4ab4	UITextView	instance	textContainer	@8@0:4
0x002a4af0	UITextView	instance	layoutManager	@8@0:4
0x002a4b2c	UITextView	instance	textStorage	@8@0:4
0x002a4b68	UITextView	instance	linkTextAttributes	@8@0:4
0x002a4b9c	UITextView	instance	setLinkTextAttributes:	v12@0:4@8
0x002a4c18	UILabel	instance	initWithCoder:	@12@0:4@8
0x002a5ad4	UILabel	instance	initWithFrame:	@24@0:4{CGRect={CGPoint=ff}{CGSize=ff}}8
0x002a61c8	UILabel	instance	init	@8@0:4
0x002a6234	UILabel	instance	dealloc	v8@0:4
0x002a63f8	UILabel	instance	text	@8@0:4
0x002a6434	UILabel	instance	setText:	v12@0:4@8
0x002a6568	UILabel	instance	attributedText	@8@0:4
0x002a6630	UILabel	instance	setAttributedString:	v12@0:4@8
0x002a66c8	UILabel	instance	font	@8@0:4
0x002a6704	UILabel	instance	setFont:	v12@0:4@8
0x002a6a00	UILabel	instance	textColor	@8@0:4
0x002a6a3c	UILabel	instance	setTextColor:	v12@0:4@8
0x002a6b7c	UILabel	instance	shadowColor	@8@0:4
0x002a6bb8	UILabel	instance	setShadowColor:	v12@0:4@8
0x002a6cf8	UILabel	instance	shadowOffset	{CGSize=ff}8@0:4
0x002a6d40	UILabel	instance	setShadowOffset:	v16@0:4{CGSize=ff}8
0x002a6e14	UILabel	instance	textAlignment	i8@0:4
0x002a6e60	UILabel	instance	setTextAlignment:	v12@0:4i8
0x002a6f40	UILabel	instance	lineBreakMode	i8@0:4
0x002a6f80	UILabel	instance	setLineBreakMode:	v12@0:4i8
0x002a7048	UILabel	instance	highlightedTextColor	@8@0:4
0x002a7084	UILabel	instance	setHighlightedTextColor:	v12@0:4@8
0x002a71c4	UILabel	instance	isHighlighted	c8@0:4
0x002a7214	UILabel	instance	setHighlighted:	v12@0:4c8
0x002a72b8	UILabel	instance	isEnabled	c8@0:4
0x002a7308	UILabel	instance	setEnabled:	v12@0:4c8
0x002a73e8	UILabel	instance	numberOfLines	i8@0:4
0x002a7424	UILabel	instance	setNumberOfLines:	v12@0:4i8
0x002a74d4	UILabel	instance	adjustsFontSizeToFitWidth	c8@0:4
0x002a7524	UILabel	instance	setAdjustsFontSizeToFitWidth:	v12@0:4c8
0x002a760c	UILabel	instance	minimumFontSize	f8@0:4
0x002a7648	UILabel	instance	setMinimumFontSize:	v12@0:4f8
0x002a7700	UILabel	instance	baselineAdjustment	i8@0:4
0x002a774c	UILabel	instance	setBaselineAdjustment:	v12@0:4i8
0x002a7834	UILabel	instance	textRectForBounds:limitedToNumberOfLines:	{CGRect={CGPoint=ff}{CGSize=ff}}28@0:4{CGRect={CGPoint=ff}{CGSize=ff}}8i24
0x002a78a8	UILabel	instance	drawRect:	v24@0:4{CGRect={CGPoint=ff}{CGSize=ff}}8
0x002a7918	UILabel	instance	drawTextInRect:	v24@0:4{CGRect={CGPoint=ff}{CGSize=ff}}8
0x002a7b2c	UILabel	instance	_didBecomeVisible	v8@0:4
0x002a7b98	UILabel	instance	sizeToFit	v8@0:4
0x002a7fe0	UILabel	instance	sizeThatFits:	{CGSize=ff}16@0:4{CGSize=ff}8
0x002a8074	UILabel	instance	_setStrokeColor:	v12@0:4@8
0x002a80c8	UILabel	instance	_setStrokeWidth:	v12@0:4f8
0x002a8130	UILabel	instance	setAttributedText:	v12@0:4@8
0x002a817c	UILabel	instance	adjustsLetterSpacingToFitWidth	c8@0:4
0x002a81b8	UILabel	instance	setAdjustsLetterSpacingToFitWidth:	v12@0:4c8
0x002a81fc	UILabel	instance	minimumScaleFactor	f8@0:4
0x002a8238	UILabel	instance	setMinimumScaleFactor:	v12@0:4f8
0x002a8280	UILabel	instance	preferredMaxLayoutWidth	f8@0:4
0x002a82bc	UILabel	instance	setPreferredMaxLayoutWidth:	v12@0:4f8
0x002a8334	UIButtonTitle	instance	initWithButton:	@12@0:4@8
0x002a854c	UIButtonTitle	instance	resizeTitleView	v8@0:4
0x002a9b6c	UIButtonTitle	instance	setText:	v12@0:4@8
0x002a9c98	UIButtonTitle	instance	setFont:	v12@0:4@8
0x002a9dc4	UIButtonImage	instance	initWithButton:	@12@0:4@8
0x002a9e7c	UIButton	class	buttonWithType:	@12@0:4i8
0x002a9fa4	UIButton	instance	init	@8@0:4
0x002aa408	UIButton	instance	initWithCoder:	@12@0:4@8
0x002ac614	UIButton	instance	initWithFrame:	@24@0:4{CGRect={CGPoint=ff}{CGSize=ff}}8
0x002aca70	UIButton	instance	dealloc	v8@0:4
0x002acdd0	UIButton	instance	buttonType	i8@0:4
0x002ace10	UIButton	instance	setButtonType:	v12@0:4i8
0x002ace98	UIButton	instance	setTintColor:	v12@0:4@8
0x002acfe4	UIButton	instance	setFrame:	v24@0:4{CGRect={CGPoint=ff}{CGSize=ff}}8
0x002ad0f4	UIButton	instance	setBounds:	v24@0:4{CGRect={CGPoint=ff}{CGSize=ff}}8
0x002ad204	UIButton	instance	setTitleEdgeInsets:	v24@0:4{UIEdgeInsets=ffff}8
0x002ad41c	UIButton	instance	setContentEdgeInsets:	v24@0:4{UIEdgeInsets=ffff}8
0x002ad5d8	UIButton	instance	setImageEdgeInsets:	v24@0:4{UIEdgeInsets=ffff}8
0x002ad748	UIButton	instance	titleEdgeInsets	{UIEdgeInsets=ffff}8@0:4
0x002ad7a0	UIButton	instance	imageEdgeInsets	{UIEdgeInsets=ffff}8@0:4
0x002ad7f8	UIButton	instance	contentEdgeInsets	{UIEdgeInsets=ffff}8@0:4
0x002ad850	UIButton	instance	adjustsImageWhenHighlighted	c8@0:4
0x002ad894	UIButton	instance	setAdjustsImageWhenHighlighted:	v12@0:4c8
0x002ad914	UIButton	instance	adjustsImageWhenDisabled	c8@0:4
0x002ad958	UIButton	instance	setAdjustsImageWhenDisabled:	v12@0:4c8
0x002ad9dc	UIButton	instance	showsTouchWhenHighlighted	c8@0:4
0x002ada20	UIButton	instance	setShowsTouchWhenHighlighted:	v12@0:4c8
0x002adaa4	UIButton	instance	currentTitle	@8@0:4
0x002adb38	UIButton	instance	currentTitleColor	@8@0:4
0x002adbcc	UIButton	instance	currentTitleShadowColor	@8@0:4
0x002adc60	UIButton	instance	currentImage	@8@0:4
0x002adcf4	UIButton	instance	currentBackgroundImage	@8@0:4
0x002add88	UIButton	instance	getMaxCombinedSize:withSize:	{CGSize=ff}24@0:4{CGSize=ff}8{CGSize=ff}16
0x002ade0c	UIButton	instance	sizeThatFits:	{CGSize=ff}16@0:4{CGSize=ff}8
0x002ae3cc	UIButton	instance	setTitle:forState:	v16@0:4@8I12
0x002ae568	UIButton	instance	setAttributedTitle:forState:	v16@0:4@8I12
0x002ae608	UIButton	instance	setTitleColor:forState:	v16@0:4@8I12
0x002ae7d0	UIButton	instance	setTitleShadowColor:forState:	v16@0:4@8I12
0x002ae998	UIButton	instance	setImage:forState:	v16@0:4@8I12
0x002aeac4	UIButton	instance	setBackgroundImage:forState:	v16@0:4@8I12
0x002aec8c	UIButton	instance	setSelected:	v12@0:4c8
0x002aed90	UIButton	instance	setEnabled:	v12@0:4c8
0x002aee94	UIButton	instance	setHighlighted:	v12@0:4c8
0x002aefc4	UIButton	instance	titleForState:	@12@0:4I8
0x002af084	UIButton	instance	titleColorForState:	@12@0:4I8
0x002af144	UIButton	instance	titleShadowColorForState:	@12@0:4I8
0x002af204	UIButton	instance	imageForState:	@12@0:4I8
0x002af2c4	UIButton	instance	backgroundImageForState:	@12@0:4I8
0x002af384	UIButton	instance	backgroundRectForBounds:	{CGRect={CGPoint=ff}{CGSize=ff}}24@0:4{CGRect={CGPoint=ff}{CGSize=ff}}8
0x002af428	UIButton	instance	contentRectForBounds:	{CGRect={CGPoint=ff}{CGSize=ff}}24@0:4{CGRect={CGPoint=ff}{CGSize=ff}}8
0x002af4cc	UIButton	instance	titleRectForContentRect:	{CGRect={CGPoint=ff}{CGSize=ff}}24@0:4{CGRect={CGPoint=ff}{CGSize=ff}}8
0x002af570	UIButton	instance	imageRectForContentRect:	{CGRect={CGPoint=ff}{CGSize=ff}}24@0:4{CGRect={CGPoint=ff}{CGSize=ff}}8
0x002af614	UIButton	instance	touchesBegan:withEvent:	v16@0:4@8@12
0x002af6dc	UIButton	instance	touchesEnded:withEvent:	v16@0:4@8@12
0x002af81c	UIButton	instance	observeValueForKeyPath:ofObject:change:context:	v24@0:4@8@12@16^v20
0x002af8d0	UIButton	instance	_updateTitleStyle	v8@0:4
0x002afbd4	UIButton	instance	_setTitleStyleForState:	v12@0:4@8
0x002b00d4	UIButton	instance	setFont:	v12@0:4@8
0x002b01b4	UIButton	instance	eligibleForTap	c8@0:4
0x002b01f0	UIButton	instance	setEligibleForTap:	v12@0:4c8
0x002b0234	UIButton	instance	reversesTitleShadowWhenHighlighted	c8@0:4
0x002b0270	UIButton	instance	setReversesTitleShadowWhenHighlighted:	v12@0:4c8
0x002b02b4	UIButton	instance	tintColor	@8@0:4
0x002b02f0	UIButton	instance	currentAttributedTitle	@8@0:4
0x002b032c	UIButton	instance	titleLabel	@8@0:4
0x002b0368	UIButton	instance	imageView	@8@0:4
0x002b1cb8	UITabBar	instance	init	@8@0:4
0x002b1dfc	UITabBar	instance	setItems:	v12@0:4@8
0x002b23b0	UITabBar	instance	tabButtonPressed:	v12@0:4@8
0x002b24f0	UITabBar	instance	items	@8@0:4
0x002b2524	UITabBar	instance	selectedItem	@8@0:4
0x002b2560	UITabBar	instance	setSelectedItem:	v12@0:4@8
0x002b25a4	UITabBar	instance	delegate	@8@0:4
0x002b25e0	UITabBar	instance	setDelegate:	v12@0:4@8
0x002b2624	UITabBar	instance	tintColor	@8@0:4
0x002b2660	UITabBar	instance	setTintColor:	v12@0:4@8
0x002b26ac	UITabBar	instance	barTintColor	@8@0:4
0x002b26e8	UITabBar	instance	setBarTintColor:	v12@0:4@8
0x002b2734	UITabBar	instance	selectedImageTintColor	@8@0:4
0x002b2770	UITabBar	instance	setSelectedImageTintColor:	v12@0:4@8
0x002b27bc	UITabBar	instance	backgroundImage	@8@0:4
0x002b27f8	UITabBar	instance	setBackgroundImage:	v12@0:4@8
0x002b2844	UITabBar	instance	selectionIndicatorImage	@8@0:4
0x002b2880	UITabBar	instance	setSelectionIndicatorImage:	v12@0:4@8
0x002b28cc	UITabBar	instance	shadowImage	@8@0:4
0x002b2908	UITabBar	instance	setShadowImage:	v12@0:4@8
0x002b2954	UITabBar	instance	itemPositioning	i8@0:4
0x002b2990	UITabBar	instance	setItemPositioning:	v12@0:4i8
0x002b29d4	UITabBar	instance	itemWidth	f8@0:4
0x002b2a10	UITabBar	instance	setItemWidth:	v12@0:4f8
0x002b2a58	UITabBar	instance	itemSpacing	f8@0:4
0x002b2a94	UITabBar	instance	setItemSpacing:	v12@0:4f8
0x002b2adc	UITabBar	instance	barStyle	i8@0:4
0x002b2b18	UITabBar	instance	setBarStyle:	v12@0:4i8
0x002b2b5c	UITabBar	instance	isTranslucent	c8@0:4
0x002b2b98	UITabBar	instance	setTranslucent:	v12@0:4c8
0x002b2c0c	_UITabBarControllerContainer	instance	initWithFrame:andTabBar:	@28@0:4{CGRect={CGPoint=ff}{CGSize=ff}}8@24
0x002b31b8	_UITabBarControllerContainer	instance	setCurrentViewController:	v12@0:4@8
0x002b33b4	_UITabBarControllerContainer	instance	actualViewBounds	{CGRect={CGPoint=ff}{CGSize=ff}}8@0:4
0x002b3454	_UITabBarControllerContainer	instance	dealloc	v8@0:4
0x002b3518	UITabBarController	instance	init	@8@0:4
0x002b3814	UITabBarController	instance	setViewControllers:	v12@0:4@8
0x002b3bcc	UITabBarController	instance	setSelectedIndex:	v12@0:4I8
0x002b3c98	UITabBarController	instance	dealloc	v8@0:4
0x002b3e70	UITabBarController	instance	tabBar:didSelectItem:	v16@0:4@8@12
0x002b3f0c	UITabBarController	instance	viewControllers	@8@0:4
0x002b3f40	UITabBarController	instance	tabBar	@8@0:4
0x002b3f7c	UITabBarController	instance	selectedIndex	I8@0:4
0x002b3fb8	UITabBarController	instance	customizableViewControllers	@8@0:4
0x002b3fec	UITabBarController	instance	setCustomizableViewControllers:	v12@0:4@8
0x002b4038	UITabBarController	instance	selectedViewController	@8@0:4
0x002b4074	UITabBarController	instance	setSelectedViewController:	v12@0:4@8
0x002b40b8	UITabBarController	instance	delegate	@8@0:4
0x002b40f4	UITabBarController	instance	setDelegate:	v12@0:4@8
0x002b4138	UITabBarController	instance	moreNavigationController	@8@0:4
0x002b41a4	UITabBarItem	instance	initWithTitle:image:tag:	@20@0:4@8@12i16
0x002b42dc	UITabBarItem	instance	initWithTabBarSystemItem:tag:	@16@0:4i8i12
0x002b4354	UITabBarItem	instance	finishedSelectedImage	@8@0:4
0x002b43c8	UITabBarItem	instance	titlePositionAdjustment	{UIOffset=ff}8@0:4
0x002b445c	UITabBarItem	instance	finishedUnselectedImage	@8@0:4
0x002b44d0	UITabBarItem	instance	setTitlePositionAdjustment:	v16@0:4{UIOffset=ff}8
0x002b4540	UITabBarItem	instance	setFinishedSelectedImage:withFinishedUnselectedImage:	v16@0:4@8@12
0x002b45b0	UITabBarItem	instance	badgeValue	@8@0:4
0x002b45e4	UITabBarItem	instance	setBadgeValue:	v12@0:4@8
0x002b4630	UITabBarItem	instance	selectedImage	@8@0:4
0x002b466c	UITabBarItem	instance	setSelectedImage:	v12@0:4@8
0x002b46e8	UITableView	instance	init	@8@0:4
0x002b4754	UITableView	instance	initWithFrame:	@24@0:4{CGRect={CGPoint=ff}{CGSize=ff}}8
0x002b47cc	UITableView	instance	initWithFrame:style:	@28@0:4{CGRect={CGPoint=ff}{CGSize=ff}}8i24
0x002b4bc8	UITableView	instance	initWithCoder:	@12@0:4@8
0x002b5038	UITableView	instance	dealloc	v8@0:4
0x002b51a8	UITableView	instance	beginUpdates	v8@0:4
0x002b51bc	UITableView	instance	endUpdates	v8@0:4
0x002b51d0	UITableView	instance	insertRowsAtIndexPaths:withRowAnimation:	v16@0:4@8i12
0x002b51ec	UITableView	instance	setDataSource:	v12@0:4@8
0x002b55e4	UITableView	instance	setDelegate:	v12@0:4@8
0x002b6594	UITableView	instance	style	i8@0:4
0x002b65d4	UITableView	instance	separatorStyle	i8@0:4
0x002b6614	UITableView	instance	setSeparatorStyle:	v12@0:4i8
0x002b6664	UITableView	instance	setBackgroundView:	v12@0:4@8
0x002b688c	UITableView	instance	_insertSubviewAboveBackground:	v12@0:4@8
0x002b69ac	UITableView	instance	setTableHeaderView:	v12@0:4@8
0x002b6ae4	UITableView	instance	setTableFooterView:	v12@0:4@8
0x002b6c30	UITableView	instance	isEditing	c8@0:4
0x002b6c74	UITableView	instance	setEditing:	v12@0:4c8
0x002b6ce0	UITableView	instance	setEditing:animated:	v16@0:4c8c12
0x002b6d3c	UITableView	instance	_reusableCellQueueForIdentifier:	@12@0:4@8
0x002b701c	UITableView	instance	dequeueReusableCellWithIdentifier:	@12@0:4@8
0x002b73e4	UITableView	instance	dequeueReusableCellWithIdentifier:forIndexPath:	@16@0:4@8@12
0x002b7594	UITableView	instance	_removeAndEnqueueVisibleCell:	v12@0:4@8
0x002b78ec	UITableView	instance	registerNib:forCellReuseIdentifier:	v16@0:4@8@12
0x002b7c34	UITableView	instance	registerClass:forCellReuseIdentifier:	v16@0:4#8@12
0x002b7f7c	UITableView	instance	setContentOffset:	v16@0:4{CGPoint=ff}8
0x002b7fd4	UITableView	instance	setContentOffset:animated:	v20@0:4{CGPoint=ff}8c16
0x002b80a8	UITableView	instance	_setContentOffset:animated:propagateToPlatform:	v24@0:4{CGPoint=ff}8c16c20
0x002b8358	UITableView	instance	setContentInset:	v24@0:4{UIEdgeInsets=ffff}8
0x002b83e8	UITableView	instance	_updateVisibleCells	v8@0:4
0x002b9a3c	UITableView	instance	scrollToRowAtIndexPath:atScrollPosition:animated:	v20@0:4@8i12c16
0x002ba0d0	UITableView	instance	_setNeedsReload	v8@0:4
0x002ba14c	UITableView	instance	_reloadDataIfNeeded	v8@0:4
0x002ba210	UITableView	instance	setVirtualizationDisabled:	v12@0:4c8
0x002ba2d8	UITableView	instance	reloadData	v8@0:4
0x002bad48	UITableView	instance	reloadRowsAtIndexPaths:withRowAnimation:	v16@0:4@8i12
0x002bafdc	UITableView	instance	_heightForHeaderInSection:	f12@0:4@8
0x002bb250	UITableView	instance	_heightForFooterInSection:	f12@0:4@8
0x002bb4c4	UITableView	instance	_heightForRowAtIndexPath:	f12@0:4@8
0x002bb5e8	UITableView	instance	layoutSubviews	v8@0:4
0x002bc62c	UITableView	instance	allowsSelection	c8@0:4
0x002bc670	UITableView	instance	setAllowsSelection:	v12@0:4c8
0x002bc6c4	UITableView	instance	allowsMultipleSelection	c8@0:4
0x002bc708	UITableView	instance	setAllowsMultipleSelection:	v12@0:4c8
0x002bc75c	UITableView	instance	allowsSelectionDuringEditing	c8@0:4
0x002bc7a0	UITableView	instance	setAllowsSelectionDuringEditing:	v12@0:4c8
0x002bc7f4	UITableView	instance	allowsMultipleSelectionDuringEditing	c8@0:4
0x002bc838	UITableView	instance	setAllowsMultipleSelectionDuringEditing:	v12@0:4c8
0x002bc88c	UITableView	instance	indexPathsForSelectedRows	@8@0:4
0x002bc978	UITableView	instance	indexPathForSelectedRow	@8@0:4
0x002bca70	UITableView	instance	selectRowAtIndexPath:animated:scrollPosition:	v20@0:4@8c12i16
0x002bcb04	UITableView	instance	_selectRowAtIndexPath:animated:scrollPosition:notifyDelegate:	v24@0:4@8c12i16c20
0x002bd268	UITableView	instance	deselectRowAtIndexPath:animated:	v16@0:4@8c12
0x002bd38c	UITableView	instance	deleteRowsAtIndexPaths:withRowAnimation:	v16@0:4@8i12
0x002bd3fc	UITableView	instance	_userSelectRowAtPendingSelectionIndexPath:	v12@0:4@8
0x002bd46c	UITableView	instance	rectForHeaderInSection:	{CGRect={CGPoint=ff}{CGSize=ff}}12@0:4i8
0x002bd55c	UITableView	instance	rectForFooterInSection:	{CGRect={CGPoint=ff}{CGSize=ff}}12@0:4i8
0x002bd64c	UITableView	instance	rectForRowAtIndexPath:	{CGRect={CGPoint=ff}{CGSize=ff}}12@0:4@8
0x002bd714	UITableView	instance	rectForSection:	{CGRect={CGPoint=ff}{CGSize=ff}}12@0:4i8
0x002bd7dc	UITableView	instance	cellForRowAtIndexPath:	@12@0:4@8
0x002bd864	UITableView	instance	visibleCells	@8@0:4
0x002bd8d8	UITableView	instance	indexPathsForVisibleRows	@8@0:4
0x002bd94c	UITableView	instance	numberOfSections	i8@0:4
0x002bd9fc	UITableView	instance	numberOfRowsInSection:	i12@0:4i8
0x002bdacc	UITableView	instance	_sectionAtIndex:	@12@0:4i8
0x002bdbe0	UITableView	instance	_rowAtIndexPath:	@12@0:4@8
0x002bddf4	UITableView	instance	_sectionAtPoint:	@16@0:4{CGPoint=ff}8
0x002be1b0	UITableView	instance	_rowAtPoint:	@16@0:4{CGPoint=ff}8
0x002be460	UITableView	instance	indexPathForRowAtPoint:	@16@0:4{CGPoint=ff}8
0x002be4e8	UITableView	instance	indexPathForCell:	@12@0:4@8
0x002be790	UITableView	instance	insertSections:withRowAnimation:	v16@0:4@8i12
0x002be800	UITableView	instance	deleteSections:withRowAnimation:	v16@0:4@8i12
0x002be870	UITableView	instance	reloadSections:withRowAnimation:	v16@0:4@8i12
0x002be8e0	UITableView	instance	moveSection:toSection:	v16@0:4i8i12
0x002be950	UITableView	instance	sectionIndexMinimumDisplayRowCount	i8@0:4
0x002be98c	UITableView	instance	setSectionIndexMinimumDisplayRowCount:	v12@0:4i8
0x002be9d0	UITableView	instance	rowHeight	f8@0:4
0x002bea0c	UITableView	instance	setRowHeight:	v12@0:4f8
0x002bea54	UITableView	instance	sectionHeaderHeight	f8@0:4
0x002bea90	UITableView	instance	setSectionHeaderHeight:	v12@0:4f8
0x002bead8	UITableView	instance	sectionFooterHeight	f8@0:4
0x002beb14	UITableView	instance	setSectionFooterHeight:	v12@0:4f8
0x002beb5c	UITableView	instance	backgroundView	@8@0:4
0x002beb98	UITableView	instance	tableHeaderView	@8@0:4
0x002bebd4	UITableView	instance	tableFooterView	@8@0:4
0x002bec10	UITableView	instance	dataSource	@8@0:4
0x002bec4c	UITableView	instance	reusableCellQueuesByIdentifier	@8@0:4
0x002bec88	UITableView	instance	visibleCellsByIndexPath	@8@0:4
0x002becc4	UITableView	instance	cellProvidersByReuseIdentifier	@8@0:4
0x002bed00	UITableView	instance	selectedIndexPaths	@8@0:4
0x002bed3c	UITableView	instance	_sections	@8@0:4
0x002bed70	UITableView	instance	set_sections:	v12@0:4@8
0x002bedbc	UITableView	instance	separatorColor	@8@0:4
0x002bedf8	UITableView	instance	setSeparatorColor:	v12@0:4@8
0x002bee44	UITableView	instance	estimatedRowHeight	f8@0:4
0x002bee80	UITableView	instance	setEstimatedRowHeight:	v12@0:4f8
0x002beec8	UITableView	instance	estimatedSectionHeaderHeight	f8@0:4
0x002bef04	UITableView	instance	setEstimatedSectionHeaderHeight:	v12@0:4f8
0x002bef4c	UITableView	instance	estimatedSectionFooterHeight	f8@0:4
0x002bef88	UITableView	instance	setEstimatedSectionFooterHeight:	v12@0:4f8
0x002befd0	UITableView	instance	sectionIndexColor	@8@0:4
0x002bf00c	UITableView	instance	setSectionIndexColor:	v12@0:4@8
0x002bf058	UITableView	instance	sectionIndexBackgroundColor	@8@0:4
0x002bf094	UITableView	instance	setSectionIndexBackgroundColor:	v12@0:4@8
0x002bf0e0	UITableView	instance	sectionIndexTrackingBackgroundColor	@8@0:4
0x002bf11c	UITableView	instance	setSectionIndexTrackingBackgroundColor:	v12@0:4@8
0x002bf570	_UITableViewSection	instance	dealloc	v8@0:4
0x002bf6a4	_UITableViewSection	instance	frame	{CGRect={CGPoint=ff}{CGSize=ff}}8@0:4
0x002bf6fc	_UITableViewSection	instance	setFrame:	v24@0:4{CGRect={CGPoint=ff}{CGSize=ff}}8
0x002bf770	_UITableViewSection	instance	headerRow	@8@0:4
0x002bf7ac	_UITableViewSection	instance	setHeaderRow:	v12@0:4@8
0x002bf7f8	_UITableViewSection	instance	footerRow	@8@0:4
0x002bf834	_UITableViewSection	instance	setFooterRow:	v12@0:4@8
0x002bf880	_UITableViewSection	instance	cellRows	@8@0:4
0x002bf8b4	_UITableViewSection	instance	setCellRows:	v12@0:4@8
0x002bf900	_UITableViewRow	instance	dealloc	v8@0:4
0x002bf9c4	_UITableViewRow	instance	indexPath	@8@0:4
0x002bf9f8	_UITableViewRow	instance	setIndexPath:	v12@0:4@8
0x002bfa44	_UITableViewRow	instance	frame	{CGRect={CGPoint=ff}{CGSize=ff}}8@0:4
0x002bfa9c	_UITableViewRow	instance	setFrame:	v24@0:4{CGRect={CGPoint=ff}{CGSize=ff}}8
0x002bfb10	_UITableViewNibCellProvider	instance	dealloc	v8@0:4
0x002bfc10	_UITableViewNibCellProvider	instance	provideCell	@8@0:4
0x002bfe44	_UITableViewNibCellProvider	instance	reuseIdentifier	@8@0:4
0x002bfe78	_UITableViewNibCellProvider	instance	setReuseIdentifier:	v12@0:4@8
0x002bfec4	_UITableViewNibCellProvider	instance	nib	@8@0:4
0x002bff00	_UITableViewNibCellProvider	instance	setNib:	v12@0:4@8
0x002bff4c	_UITableViewClassCellProvider	instance	dealloc	v8@0:4
0x002c004c	_UITableViewClassCellProvider	instance	provideCell	@8@0:4
0x002c0158	_UITableViewClassCellProvider	instance	reuseIdentifier	@8@0:4
0x002c018c	_UITableViewClassCellProvider	instance	setReuseIdentifier:	v12@0:4@8
0x002c01d8	_UITableViewClassCellProvider	instance	cellClass	#8@0:4
0x002c0214	_UITableViewClassCellProvider	instance	setCellClass:	v12@0:4#8
0x002c0464	UITableViewCell	instance	setFont:	v12@0:4@8
0x002c04e0	UITableViewCell	instance	font	@8@0:4
0x002c0554	UITableViewCell	instance	setText:	v12@0:4@8
0x002c05d0	UITableViewCell	instance	text	@8@0:4
0x002c0644	UITableViewCell	instance	setTextColor:	v12@0:4@8
0x002c06c0	UITableViewCell	instance	textColor	@8@0:4
0x002c0734	UITableViewCell	instance	init	@8@0:4
0x002c0788	UITableViewCell	instance	initWithFrame:reuseIdentifier:	@28@0:4{CGRect={CGPoint=ff}{CGSize=ff}}8@24
0x002c080c	UITableViewCell	instance	initWithStyle:reuseIdentifier:	@16@0:4i8@12
0x002c0934	UITableViewCell	instance	initWithCoder:	@12@0:4@8
0x002c0c14	UITableViewCell	instance	_initWithFrame:style:reuseIdentifier:	@32@0:4{CGRect={CGPoint=ff}{CGSize=ff}}8i24@28
0x002c16b8	UITableViewCell	class	_defaultCellFrame	{CGRect={CGPoint=ff}{CGSize=ff}}8@0:4
0x002c17dc	UITableViewCell	instance	setAccessoryType:	v12@0:4i8
0x002c184c	UITableViewCell	instance	accessoryType	i8@0:4
0x002c1888	UITableViewCell	instance	setAccessoryView:	v12@0:4@8
0x002c1b2c	UITableViewCell	instance	setBackgroundView:	v12@0:4@8
0x002c1d54	UITableViewCell	instance	setSelectedBackgroundView:	v12@0:4@8
0x002c2010	UITableViewCell	instance	image	@8@0:4
0x002c2084	UITableViewCell	instance	setImage:	v12@0:4@8
0x002c2148	UITableViewCell	instance	dealloc	v8@0:4
0x002c2354	UITableViewCell	instance	touchesBegan:withEvent:	v16@0:4@8@12
0x002c23b0	UITableViewCell	instance	touchesMoved:withEvent:	v16@0:4@8@12
0x002c2584	UITableViewCell	instance	touchesEnded:withEvent:	v16@0:4@8@12
0x002c2ad0	UITableViewCell	instance	touchesCancelled:withEvent:	v16@0:4@8@12
0x002c2b2c	UITableViewCell	instance	prepareForReuse	v8@0:4
0x002c2b80	UITableViewCell	instance	setSelected:animated:	v16@0:4c8c12
0x002c2be8	UITableViewCell	instance	setSelected:	v12@0:4c8
0x002c2f1c	UITableViewCell	instance	setEligibleForTap:	v12@0:4c8
0x002c31ac	UITableViewCell	instance	setHighlighted:animated:	v16@0:4c8c12
0x002c321c	UITableViewCell	instance	setEditing:animated:	v16@0:4c8c12
0x002c328c	UITableViewCell	instance	willTransitionToState:	v12@0:4I8
0x002c32f4	UITableViewCell	instance	didTransitionToState:	v12@0:4I8
0x002c335c	UITableViewCell	instance	contentView	@8@0:4
0x002c3398	UITableViewCell	instance	backgroundView	@8@0:4
0x002c33d4	UITableViewCell	instance	textLabel	@8@0:4
0x002c3410	UITableViewCell	instance	imageView	@8@0:4
0x002c344c	UITableViewCell	instance	reuseIdentifier	@8@0:4
0x002c3480	UITableViewCell	instance	setReuseIdentifier:	v12@0:4@8
0x002c34cc	UITableViewCell	instance	selectionStyle	i8@0:4
0x002c3508	UITableViewCell	instance	setSelectionStyle:	v12@0:4i8
0x002c354c	UITableViewCell	instance	editingStyle	i8@0:4
0x002c3588	UITableViewCell	instance	editingAccessoryType	i8@0:4
0x002c35c4	UITableViewCell	instance	setEditingAccessoryType:	v12@0:4i8
0x002c3608	UITableViewCell	instance	detailTextLabel	@8@0:4
0x002c3644	UITableViewCell	instance	selectedBackgroundView	@8@0:4
0x002c3680	UITableViewCell	instance	multipleSelectionBackgroundView	@8@0:4
0x002c36bc	UITableViewCell	instance	setMultipleSelectionBackgroundView:	v12@0:4@8
0x002c3708	UITableViewCell	instance	isSelected	c8@0:4
0x002c3744	UITableViewCell	instance	isHighlighted	c8@0:4
0x002c3780	UITableViewCell	instance	setHighlighted:	v12@0:4c8
0x002c37c4	UITableViewCell	instance	showingDeleteConfirmation	c8@0:4
0x002c3800	UITableViewCell	instance	showsReorderControl	c8@0:4
0x002c383c	UITableViewCell	instance	setShowsReorderControl:	v12@0:4c8
0x002c3880	UITableViewCell	instance	shouldIndentWhileEditing	c8@0:4
0x002c38bc	UITableViewCell	instance	setShouldIndentWhileEditing:	v12@0:4c8
0x002c3900	UITableViewCell	instance	accessoryView	@8@0:4
0x002c393c	UITableViewCell	instance	editingAccessoryView	@8@0:4
0x002c3978	UITableViewCell	instance	setEditingAccessoryView:	v12@0:4@8
0x002c39c4	UITableViewCell	instance	indentationLevel	i8@0:4
0x002c3a00	UITableViewCell	instance	setIndentationLevel:	v12@0:4i8
0x002c3a44	UITableViewCell	instance	indentationWidth	f8@0:4
0x002c3a80	UITableViewCell	instance	setIndentationWidth:	v12@0:4f8
0x002c3ac8	UITableViewCell	instance	isEditing	c8@0:4
0x002c3b04	UITableViewCell	instance	setEditing:	v12@0:4c8
0x002c3b48	UITableViewCell	instance	eligibleForTap	c8@0:4
0x002c3b84	UITableViewCell	instance	tableView	@8@0:4
0x002c3bc0	UITableViewCell	instance	setTableView:	v12@0:4@8
0x002c43a0	UITableViewCellContentView	class	classFallbacksForKeyedArchiver	@8@0:4
0x002c4408	UITableViewCellContentView	instance	dealloc	v8@0:4
0x002c4528	UITableViewCellContentView	instance	setMask:	v12@0:4@8
0x002c47ac	UITableViewCellContentView	instance	setBounds:	v24@0:4{CGRect={CGPoint=ff}{CGSize=ff}}8
0x002c4928	UITableViewCellContentView	instance	setFrame:	v24@0:4{CGRect={CGPoint=ff}{CGSize=ff}}8
0x002c4aa0	UITableViewCellContentView	instance	_cell	@8@0:4
0x002c4b98	UITableViewCellContentView	instance	mask	@8@0:4
0x002c4c04	UITableViewController	instance	initWithCoder:	@12@0:4@8
0x002c4de4	UITableViewController	instance	initWithStyle:	@12@0:4i8
0x002c4ea8	UITableViewController	instance	dealloc	v8@0:4
0x002c4f6c	UITableViewController	instance	setTableView:	v12@0:4@8
0x002c5038	UITableViewController	instance	view	@8@0:4
0x002c5378	UITableViewController	instance	setView:	v12@0:4@8
0x002c548c	UITableViewController	instance	tableView	@8@0:4
0x002c54d8	UITableViewController	instance	viewWillAppear:	v12@0:4c8
0x002c57d4	UITableViewController	instance	tableView:numberOfRowsInSection:	i16@0:4@8i12
0x002c57f8	UITableViewController	instance	tableView:cellForRowAtIndexPath:	@16@0:4@8@12
0x002c581c	UITableViewController	instance	clearsSelectionOnViewWillAppear	c8@0:4
0x002c5858	UITableViewController	instance	setClearsSelectionOnViewWillAppear:	v12@0:4c8
0x002c589c	UITableViewController	instance	refreshControl	@8@0:4
0x002c58d8	UITableViewController	instance	setRefreshControl:	v12@0:4@8
0x002c5954	UINavigationContainer	instance	initWithNavigationController:bar:	@16@0:4@8@12
0x002c62e4	UINavigationContainer	instance	setNavigationBarHidden:animated:	v16@0:4c8c12
0x002c687c	UINavigationContainer	instance	setNavigationBarHidden:	v12@0:4c8
0x002c68e8	UINavigationContainer	instance	isNavigationBarHidden	c8@0:4
0x002c6950	UINavigationContainer	instance	setToolbarHidden:animated:	v16@0:4c8c12
0x002c6ef4	UINavigationContainer	instance	setToolbarHidden:	v12@0:4c8
0x002c6f60	UINavigationContainer	instance	isToolbarHidden	c8@0:4
0x002c6fc8	UINavigationContainer	instance	setView:	v12@0:4@8
0x002c7634	UINavigationContainer	instance	view	@8@0:4
0x002c7670	UINavigationContainer	instance	setFrame:	v24@0:4{CGRect={CGPoint=ff}{CGSize=ff}}8
0x002c7700	UINavigationContainer	instance	navigationBar	@8@0:4
0x002c773c	UINavigationContainer	instance	toolbar	@8@0:4
0x002c7778	UINavigationController	instance	init	@8@0:4
0x002c77cc	UINavigationController	instance	initWithNibName:bundle:	@16@0:4@8@12
0x002c7900	UINavigationController	instance	initWithCoder:	@12@0:4@8
0x002c7da8	UINavigationController	instance	initWithRootViewController:	@12@0:4@8
0x002c8078	UINavigationController	instance	dealloc	v8@0:4
0x002c81fc	UINavigationController	instance	loadView	v8@0:4
0x002c868c	UINavigationController	instance	view	@8@0:4
0x002c86fc	UINavigationController	instance	setView:	v12@0:4@8
0x002c87a4	UINavigationController	instance	topViewController	@8@0:4
0x002c8818	UINavigationController	instance	setViewControllers:	v12@0:4@8
0x002c8874	UINavigationController	instance	viewControllers	@8@0:4
0x002c88c0	UINavigationController	instance	visibleViewController	@8@0:4
0x002c890c	UINavigationController	instance	popToViewController:animated:	@16@0:4@8c12
0x002c94c0	UINavigationController	instance	popToRootViewControllerAnimated:	@12@0:4c8
0x002c9624	UINavigationController	instance	popViewControllerAnimated:	@12@0:4c8
0x002c982c	UINavigationController	instance	pushViewController:animated:	v16@0:4@8c12
0x002c9d00	UINavigationController	instance	setNavigationBarHidden:animated:	v16@0:4c8c12
0x002c9d94	UINavigationController	instance	setToolbarHidden:animated:	v16@0:4c8c12
0x002c9e28	UINavigationController	instance	setNavigationBarHidden:	v12@0:4c8
0x002c9eac	UINavigationController	instance	setToolbarHidden:	v12@0:4c8
0x002c9f30	UINavigationController	instance	isToolbarHidden	c8@0:4
0x002c9f98	UINavigationController	instance	setViewControllers:animated:	v16@0:4@8c12
0x002cab8c	UINavigationController	instance	_backButtonPressed:	v12@0:4@8
0x002cabe8	UINavigationController	instance	navigationBar	@8@0:4
0x002cac4c	UINavigationController	instance	toolbar	@8@0:4
0x002cacb0	UINavigationController	instance	shouldAutorotateToInterfaceOrientation:	c12@0:4i8
0x002cad30	UINavigationController	instance	didRotateFromInterfaceOrientation:	v12@0:4i8
0x002cada4	UINavigationController	instance	delegate	@8@0:4
0x002cade0	UINavigationController	instance	setDelegate:	v12@0:4@8
0x002cae24	UINavigationController	instance	isNavigationBarHidden	c8@0:4
0x002cae60	UINavigationController	instance	interactivePopGestureRecognizer	@8@0:4
0x002caecc	UIBackBarButtonItem	instance	initWithTarget:action:	@16@0:4@8:12
0x002caf94	UINavigationBar	instance	init	@8@0:4
0x002cb000	UINavigationBar	instance	initWithFrame:	@24@0:4{CGRect={CGPoint=ff}{CGSize=ff}}8
0x002cb234	UINavigationBar	instance	initWithCoder:	@12@0:4@8
0x002cb6ac	UINavigationBar	instance	setFrame:	v24@0:4{CGRect={CGPoint=ff}{CGSize=ff}}8
0x002cb77c	UINavigationBar	instance	dealloc	v8@0:4
0x002cb87c	UINavigationBar	instance	setTintColor:	v12@0:4@8
0x002cba00	UINavigationBar	instance	tintColor	@8@0:4
0x002cba3c	UINavigationBar	instance	setBarStyle:	v12@0:4i8
0x002cbb58	UINavigationBar	instance	barStyle	i8@0:4
0x002cbb94	UINavigationBar	instance	setItems:animation:controller:	v20@0:4@8i12@16
0x002cc104	UINavigationBar	instance	setItems:animated:	v16@0:4@8c12
0x002cc18c	UINavigationBar	instance	pushNavigationItem:animated:	v16@0:4@8c12
0x002cc354	UINavigationBar	instance	_pushNavigationItem:animated:controller:	c20@0:4@8c12@16
0x002cc630	UINavigationBar	instance	popNavigationItemAnimated:	@12@0:4c8
0x002cc808	UINavigationBar	instance	_popToNavigationItemIndex:animated:controller:	c20@0:4I8c12@16
0x002ccaf8	UINavigationBar	instance	_popToNavigationItem:animated:controller:	c20@0:4@8c12@16
0x002ccbfc	UINavigationBar	instance	setItems:	v12@0:4@8
0x002ccc58	UINavigationBar	instance	topItem	@8@0:4
0x002ccee8	UINavigationBar	instance	backItem	@8@0:4
0x002ccff4	UINavigationBar	instance	delegate	@8@0:4
0x002cd030	UINavigationBar	instance	setDelegate:	v12@0:4@8
0x002cd074	UINavigationBar	instance	isTranslucent	c8@0:4
0x002cd0b0	UINavigationBar	instance	setTranslucent:	v12@0:4c8
0x002cd0f4	UINavigationBar	instance	items	@8@0:4
0x002cd128	UINavigationBar	instance	barTintColor	@8@0:4
0x002cd164	UINavigationBar	instance	setBarTintColor:	v12@0:4@8
0x002cd1b0	UINavigationBar	instance	shadowImage	@8@0:4
0x002cd1ec	UINavigationBar	instance	setShadowImage:	v12@0:4@8
0x002cd238	UINavigationBar	instance	titleTextAttributes	@8@0:4
0x002cd26c	UINavigationBar	instance	setTitleTextAttributes:	v12@0:4@8
0x002cd2b8	UINavigationBar	instance	backIndicatorImage	@8@0:4
0x002cd2f4	UINavigationBar	instance	setBackIndicatorImage:	v12@0:4@8
0x002cd340	UINavigationBar	instance	backIndicatorTransitionMaskImage	@8@0:4
0x002cd37c	UINavigationBar	instance	setBackIndicatorTransitionMaskImage:	v12@0:4@8
0x002cd4d4	UINavigationItem	instance	init	@8@0:4
0x002cd530	UINavigationItem	instance	_initForNavigationBar:	@12@0:4@8
0x002cd65c	UINavigationItem	instance	initWithTitle:	@12@0:4@8
0x002cd774	UINavigationItem	instance	initWithCoder:	@12@0:4@8
0x002cdd00	UINavigationItem	instance	initWithTitle:navigationBar:	@16@0:4@8@12
0x002cde44	UINavigationItem	instance	leftItemsSupplementBackButton	c8@0:4
0x002cde80	UINavigationItem	instance	setLeftItemsSupplementBackButton:	v12@0:4c8
0x002cdec4	UINavigationItem	instance	setNavigationBar:	v12@0:4@8
0x002ce170	UINavigationItem	instance	setHidesBackButton:animated:	v16@0:4c8c12
0x002ce264	UINavigationItem	instance	setHidesBackButton:	v12@0:4c8
0x002ce2d0	UINavigationItem	instance	hidesBackButton	c8@0:4
0x002ce30c	UINavigationItem	instance	setLeftBarButtonItems:animated:	v16@0:4@8c12
0x002ce55c	UINavigationItem	instance	setLeftBarButtonItem:animated:	v16@0:4@8c12
0x002ce61c	UINavigationItem	instance	setLeftBarButtonItems:	v12@0:4@8
0x002ce678	UINavigationItem	instance	setLeftBarButtonItem:	v12@0:4@8
0x002ce6d4	UINavigationItem	instance	leftBarButtonItem	@8@0:4
0x002ce7a0	UINavigationItem	instance	leftBarButtonItems	@8@0:4
0x002ce7dc	UINavigationItem	instance	setRightBarButtonItems:animated:	v16@0:4@8c12
0x002cea2c	UINavigationItem	instance	setRightBarButtonItem:animated:	v16@0:4@8c12
0x002ceaec	UINavigationItem	instance	setRightBarButtonItems:	v12@0:4@8
0x002ceb48	UINavigationItem	instance	setRightBarButtonItem:	v12@0:4@8
0x002ceba4	UINavigationItem	instance	rightBarButtonItem	@8@0:4
0x002cec08	UINavigationItem	instance	rightBarButtonItems	@8@0:4
0x002cec44	UINavigationItem	instance	setTitle:	v12@0:4@8
0x002cee74	UINavigationItem	instance	title	@8@0:4
0x002ceeb0	UINavigationItem	instance	backBarButtonItem	@8@0:4
0x002ceeec	UINavigationItem	instance	setBackBarButtonItem:	v12@0:4@8
0x002cef38	UINavigationItem	instance	titleView	@8@0:4
0x002cef74	UINavigationItem	instance	setTitleView:	v12@0:4@8
0x002cefc0	UINavigationItem	instance	prompt	@8@0:4
0x002ceff4	UINavigationItem	instance	setPrompt:	v12@0:4@8
0x002cf070	UILocalNotification	class	_scheduleNotifications:	v12@0:4@8
0x002cf30c	UILocalNotification	class	_unscheduleNotifications	@8@0:4
0x002cf6f0	UILocalNotification	class	_resetPendingNotification	@8@0:4
0x002cf890	UILocalNotification	instance	init	@8@0:4
0x002cfa30	UILocalNotification	instance	initWithProxy:	@12@0:4@8
0x002cfb14	UILocalNotification	instance	dealloc	v8@0:4
0x002cfbd8	UILocalNotification	instance	_presentNow	v8@0:4
0x002cfc3c	UILocalNotification	instance	_cancel	v8@0:4
0x002cfc88	UILocalNotification	instance	_unscheduleFire	v8@0:4
0x002cfd10	UILocalNotification	instance	_scheduleFire	v8@0:4
0x002cff10	UILocalNotification	instance	_fire	v8@0:4
0x002d00f0	UILocalNotification	instance	fireDate	@8@0:4
0x002d0154	UILocalNotification	instance	setFireDate:	v12@0:4@8
0x002d01ec	UILocalNotification	instance	alertBody	@8@0:4
0x002d0250	UILocalNotification	instance	setAlertBody:	v12@0:4@8
0x002d02bc	UILocalNotification	instance	hasAction	c8@0:4
0x002d0324	UILocalNotification	instance	setHasAction:	v12@0:4c8
0x002d03a0	UILocalNotification	instance	alertAction	@8@0:4
0x002d0404	UILocalNotification	instance	setAlertAction:	v12@0:4@8
0x002d0470	UILocalNotification	instance	alertLaunchImage	@8@0:4
0x002d04d4	UILocalNotification	instance	setAlertLaunchImage:	v12@0:4@8
0x002d0540	UILocalNotification	instance	soundName	@8@0:4
0x002d05a4	UILocalNotification	instance	setSoundName:	v12@0:4@8
0x002d0610	UILocalNotification	instance	applicationIconBadgeNumber	i8@0:4
0x002d0660	UILocalNotification	instance	setApplicationIconBadgeNumber:	v12@0:4i8
0x002d06d4	UILocalNotification	instance	userInfo	@8@0:4
0x002d0738	UILocalNotification	instance	setUserInfo:	v12@0:4@8
0x002d07a4	UILocalNotification	instance	timeZone	@8@0:4
0x002d0808	UILocalNotification	instance	setTimeZone:	v12@0:4@8
0x002d0874	UILocalNotification	instance	setPictureFromPath:	v12@0:4@8
0x002d08e0	UILocalNotification	instance	setIconFromPath:	v12@0:4@8
0x002d094c	UILocalNotification	instance	encodeWithCoder:	v12@0:4@8
0x002d0d78	UILocalNotification	instance	initWithCoder:	@12@0:4@8
0x002d1244	UILocalNotification	instance	_proxy	@8@0:4
0x002d1280	UILocalNotification	instance	repeatInterval	I8@0:4
0x002d12bc	UILocalNotification	instance	setRepeatInterval:	v12@0:4I8
0x002d1300	UILocalNotification	instance	repeatCalendar	@8@0:4
0x002d1334	UILocalNotification	instance	setRepeatCalendar:	v12@0:4@8
0x002d13b0	UITapGestureRecognizer	instance	_type	i8@0:4
0x002d13cc	UITapGestureRecognizer	instance	initWithTarget:action:	@16@0:4@8:12
0x002d1528	UITapGestureRecognizer	instance	dealloc	v8@0:4
0x002d1628	UITapGestureRecognizer	instance	reset	v8@0:4
0x002d1740	UITapGestureRecognizer	instance	touchesBegan:withEvent:	v16@0:4@8@12
0x002d22a8	UITapGestureRecognizer	instance	touchesMoved:withEvent:	v16@0:4@8@12
0x002d2420	UITapGestureRecognizer	instance	touchesEnded:withEvent:	v16@0:4@8@12
0x002d2520	UITapGestureRecognizer	instance	touchesCancelled:withEvent:	v16@0:4@8@12
0x002d257c	UITapGestureRecognizer	instance	numberOfTapsRequired	I8@0:4
0x002d25b8	UITapGestureRecognizer	instance	setNumberOfTapsRequired:	v12@0:4I8
0x002d25fc	UITapGestureRecognizer	instance	numberOfTouchesRequired	I8@0:4
0x002d2638	UITapGestureRecognizer	instance	setNumberOfTouchesRequired:	v12@0:4I8
0x002d26b0	UIPanGestureRecognizer	instance	initWithTarget:action:	@16@0:4@8:12
0x002d2a08	UIPanGestureRecognizer	instance	dealloc	v8@0:4
0x002d2acc	UIPanGestureRecognizer	instance	reset	v8@0:4
0x002d2d3c	UIPanGestureRecognizer	instance	_updateCenterPointAtTime:	v16@0:4d8
0x002d3298	UIPanGestureRecognizer	instance	_translate	v8@0:4
0x002d35ec	UIPanGestureRecognizer	instance	_canBeginPanning	c8@0:4
0x002d37bc	UIPanGestureRecognizer	instance	touchesBegan:withEvent:	v16@0:4@8@12
0x002d3b74	UIPanGestureRecognizer	instance	touchesMoved:withEvent:	v16@0:4@8@12
0x002d409c	UIPanGestureRecognizer	instance	touchesEnded:withEvent:	v16@0:4@8@12
0x002d41a4	UIPanGestureRecognizer	instance	touchesCancelled:withEvent:	v16@0:4@8@12
0x002d454c	UIPanGestureRecognizer	instance	locationInView:	{CGPoint=ff}12@0:4@8
0x002d4674	UIPanGestureRecognizer	instance	locationOfTouch:inView:	{CGPoint=ff}16@0:4I8@12
0x002d47ec	UIPanGestureRecognizer	instance	velocityInView:	{CGPoint=ff}12@0:4@8
0x002d491c	UIPanGestureRecognizer	instance	translationInView:	{CGPoint=ff}12@0:4@8
0x002d4970	UIPanGestureRecognizer	instance	setTranslation:inView:	v20@0:4{CGPoint=ff}8@16
0x002d4ab4	UIPanGestureRecognizer	instance	minimumNumberOfTouches	I8@0:4
0x002d4af0	UIPanGestureRecognizer	instance	setMinimumNumberOfTouches:	v12@0:4I8
0x002d4b34	UIPanGestureRecognizer	instance	maximumNumberOfTouches	I8@0:4
0x002d4b70	UIPanGestureRecognizer	instance	setMaximumNumberOfTouches:	v12@0:4I8
0x002d4be4	UIPageViewController	instance	delegate	@8@0:4
0x002d4c20	UIPageViewController	instance	setDelegate:	v12@0:4@8
0x002d4c64	UIPageViewController	instance	dataSource	@8@0:4
0x002d4ca0	UIPageViewController	instance	setDataSource:	v12@0:4@8
0x002d4ce4	UIPageViewController	instance	transitionStyle	i8@0:4
0x002d4d20	UIPageViewController	instance	navigationOrientation	i8@0:4
0x002d4d5c	UIPageViewController	instance	spineLocation	i8@0:4
0x002d4d98	UIPageViewController	instance	isDoubleSided	c8@0:4
0x002d4dd4	UIPageViewController	instance	setDoubleSided:	v12@0:4c8
0x002d4e18	UIPageViewController	instance	gestureRecognizers	@8@0:4
0x002d4e54	UIPageViewController	instance	viewControllers	@8@0:4
0x002d4ec0	UISplitViewController	instance	initWithNibName:bundle:	@16@0:4@8@12
0x002d4f60	UISplitViewController	instance	initWithCoder:	@12@0:4@8
0x002d4ff8	UISplitViewController	instance	dealloc	v8@0:4
0x002d5064	UISplitViewController	instance	encodeWithCoder:	v12@0:4@8
0x002d507c	UISplitViewController	instance	viewControllers	@8@0:4
0x002d50b0	UISplitViewController	instance	setViewControllers:	v12@0:4@8
0x002d50fc	UISplitViewController	instance	delegate	@8@0:4
0x002d5138	UISplitViewController	instance	setDelegate:	v12@0:4@8
0x002d517c	UISplitViewController	instance	presentsWithGesture	c8@0:4
0x002d51b8	UISplitViewController	instance	setPresentsWithGesture:	v12@0:4c8
0x002d522c	UIClassSwapper	class	swapperForObject:withClassName:	@16@0:4@8@12
0x002d52d4	UIClassSwapper	instance	initWithObject:andClassName:	@16@0:4@8@12
0x002d5408	UIClassSwapper	instance	initWithCoder:	@12@0:4@8
0x002d57a8	UIClassSwapper	instance	dealloc	v8@0:4
0x002d58a8	UIClassSwapper	instance	encodeWithCoder:	v12@0:4@8
0x002d5988	UIClassSwapper	instance	object	@8@0:4
0x002d59c4	UIClassSwapper	instance	className	@8@0:4
0x002d5ef8	UICustomObject	instance	initWithCoder:	@12@0:4@8
0x002d5f70	UICustomObject	instance	encodeWithCoder:	v12@0:4@8
0x002d5fb8	UIImageNibPlaceholder	instance	initWithData:andRuntimeResourceName:	@16@0:4@8@12
0x002d60a4	UIImageNibPlaceholder	instance	initWithContentsOfFile:andRuntimeResourceName:	@16@0:4@8@12
0x002d6190	UIImageNibPlaceholder	instance	initWithCoder:	@12@0:4@8
0x002d62f8	UIImageNibPlaceholder	instance	dealloc	v8@0:4
0x002d63bc	UIImageNibPlaceholder	instance	encodeWithCoder:	v12@0:4@8
0x002d67f0	UINib	class	nibWithNibName:bundle:	@16@0:4@8@12
0x002d68c0	UINib	class	nibWithData:bundle:	@16@0:4@8@12
0x002d6974	UINib	instance	initWithNibName:directory:bundle:	@20@0:4@8@12@16
0x002d6c1c	UINib	instance	initWithData:bundle:	@16@0:4@8@12
0x002d6e2c	UINib	instance	initWithBundle:	@12@0:4@8
0x002d6f7c	UINib	instance	initWithCoder:	@12@0:4@8
0x002d7454	UINib	instance	dealloc	v8@0:4
0x002d7610	UINib	instance	encodeWithCoder:	v12@0:4@8
0x002d7628	UINib	instance	didReceiveMemoryWarning:	v12@0:4@8
0x002d76e0	UINib	instance	_registerForMemoryWarningIfNeeded	v8@0:4
0x002d7818	UINib	instance	effectiveBundle	@8@0:4
0x002d78e0	UINib	instance	bundleResourcePath	@8@0:4
0x002d7ab8	UINib	instance	nibDataForPath:	@12@0:4@8
0x002d7ce0	UINib	instance	lazyArchiveData	@8@0:4
0x002d7ffc	UINib	instance	unarchiverForInstantiatingReturningError:	@12@0:4^@8
0x002d8558	UINib	instance	instantiateWithOwner:options:	@16@0:4@8@12
0x002d981c	UINib	instance	identifierForStringsFile	@8@0:4
0x002d9880	UINib	instance	setIdentifierForStringsFile:	v12@0:4@8
0x002e3e7c	UINibKeyValuePair	instance	initWithObject:keyPath:value:	@20@0:4@8@12@16
0x002e3ff4	UINibKeyValuePair	instance	initWithCoder:	@12@0:4@8
0x002e41e0	UINibKeyValuePair	instance	encodeWithCoder:	v12@0:4@8
0x002e4310	UINibKeyValuePair	instance	dealloc	v8@0:4
0x002e4444	UINibKeyValuePair	instance	applyForSimulator	v8@0:4
0x002e457c	UINibKeyValuePair	instance	apply	v8@0:4
0x002e4630	UINibKeyValuePair	instance	value	@8@0:4
0x002e466c	UINibKeyValuePair	instance	keyPath	@8@0:4
0x002e46a8	UINibKeyValuePair	instance	object	@8@0:4
0x002e4d2c	UIProxyObject	class	removeMappingsForCoder:	v12@0:4@8
0x002e4d94	UIProxyObject	class	mappedObjectForCoder:withIdentifier:	@16@0:4@8@12
0x002e4ee8	UIProxyObject	class	addMappings:forCoder:	v16@0:4@8@12
0x002e5104	UIProxyObject	class	addMappingFromIdentifier:toObject:forCoder:	v20@0:4@8@12@16
0x002e5144	UIProxyObject	class	proxyDecodingMap	^{__CFDictionary=}8@0:4
0x002e5174	UIProxyObject	instance	initWithCoder:	@12@0:4@8
0x002e5408	UIProxyObject	instance	dealloc	v8@0:4
0x002e54cc	UIProxyObject	instance	encodeWithCoder:	v12@0:4@8
0x002e5520	UIProxyObject	instance	proxiedObjectIdentifier	@8@0:4
0x002e5558	UIProxyObject	instance	setProxiedObjectIdentifier:	v12@0:4@8
0x002e723c	UIRuntimeEventConnection	instance	initWithCoder:	@12@0:4@8
0x002e7340	UIRuntimeEventConnection	instance	encodeWithCoder:	v12@0:4@8
0x002e741c	UIRuntimeEventConnection	instance	target	@8@0:4
0x002e7468	UIRuntimeEventConnection	instance	action	:8@0:4
0x002e74b8	UIRuntimeEventConnection	instance	connect	v8@0:4
0x002e7530	UIRuntimeEventConnection	instance	connectForSimulator	v8@0:4
0x002e7604	UIRuntimeEventConnection	instance	description	@8@0:4
0x002e7bf4	UIRuntimeEventConnection	instance	eventMask	I8@0:4
0x002e7c30	UIRuntimeEventConnection	instance	setEventMask:	v12@0:4I8
0x002e8970	UIRuntimeOutletConnection	instance	connect	v8@0:4
0x002e8a64	UIRuntimeOutletConnection	instance	connectForSimulator	v8@0:4
0x002e8c00	UIRuntimeOutletConnection	instance	description	@8@0:4
0x002e9540	UIFontDescriptor	class	fontDescriptorWithFontAttributes:	@12@0:4@8
0x002e95e0	UIFontDescriptor	class	fontDescriptorWithName:matrix:	@36@0:4@8{CGAffineTransform=ffffff}12
0x002e97c8	UIFontDescriptor	class	fontDescriptorWithName:size:	@16@0:4@8f12
0x002e999c	UIFontDescriptor	instance	initWithCoder:	@12@0:4@8
0x002e9a98	UIFontDescriptor	instance	initWithFontAttributes:	@12@0:4@8
0x002e9cb8	UIFontDescriptor	instance	dealloc	v8@0:4
0x002e9d7c	UIFontDescriptor	instance	encodeWithCoder:	v12@0:4@8
0x002e9dd0	UIFontDescriptor	instance	copyWithZone:	@12@0:4^{_NSZone=}8
0x002e9dec	UIFontDescriptor	instance	objectForKey:	@12@0:4@8
0x002e9e64	UIFontDescriptor	instance	fontAttributes	@8@0:4
0x002e9ea0	UIFontDescriptor	instance	matrix	{CGAffineTransform=ffffff}8@0:4
0x002e9f88	UIFontDescriptor	instance	pointSize	f8@0:4
0x002ea014	UIFontDescriptor	instance	postscriptName	@8@0:4
0x002ea030	UIFontDescriptor	instance	symbolicTraits	I8@0:4
0x002ea108	UISegment	instance	initWithCoder:	@12@0:4@8
0x002ea344	UISegment	instance	encodeWithCoder:	v12@0:4@8
0x002ea398	UISegment	instance	title	@8@0:4
0x002ea3d0	UISegment	instance	setTitle:	v12@0:4@8
0x002ea41c	UISegment	instance	position	i8@0:4
0x002ea458	UISegment	instance	setPosition:	v12@0:4i8
0x002eaa64	UIPasteboard	instance	initWithName:	@12@0:4@8
0x002eabcc	UIPasteboard	instance	dealloc	v8@0:4
0x002eaccc	UIPasteboard	instance	string	@8@0:4
0x002eae8c	UIPasteboard	class	generalPasteboard	@8@0:4
0x002eaef0	UIPasteboard	class	pasteboardWithName:create:	@16@0:4@8c12
0x002eb4d0	UIPasteboard	class	pasteboardWithUniqueName	@8@0:4
0x002eb658	UIPasteboard	class	removePasteboardWithName:	v12@0:4@8
0x002eb6c4	UIPasteboard	instance	numberOfItems	i8@0:4
0x002eb728	UIPasteboard	instance	setItems:	v12@0:4@8
0x002eb808	UIPasteboard	instance	items	@8@0:4
0x002eb844	UIPasteboard	instance	addItems:	v12@0:4@8
0x002eb924	UIPasteboard	instance	setValue:forPasteboardType:	v16@0:4@8@12
0x002eba5c	UIPasteboard	instance	setData:forPasteboardType:	v16@0:4@8@12
0x002ebc6c	UIPasteboard	instance	valueForPasteboardType:	@12@0:4@8
0x002ebed4	UIPasteboard	instance	setString:	v12@0:4@8
0x002ec2ec	UIPasteboard	instance	isGeneralPasteboard	c8@0:4
0x002ec364	UIPasteboard	instance	isClipDataAvailable	c8@0:4
0x002ec3d0	UIPasteboard	instance	isPersistent	c8@0:4
0x002ec40c	UIPasteboard	instance	setPersistent:	v12@0:4c8
0x002ec450	UIPasteboard	instance	changeCount	i8@0:4
0x002ec48c	UIPasteboard	instance	name	@8@0:4
0x002ec7dc	UIBezierPath	instance	init	@8@0:4
0x002ec890	UIBezierPath	instance	setCGPath:	v12@0:4^{__CGPath=}8
0x002ec904	UIBezierPath	instance	mutablePath	^{__CGPath=}8@0:4
0x002ec940	UIBezierPath	instance	CGPath	^{__CGPath=}8@0:4
0x002ec97c	UIBezierPath	instance	isEmpty	c8@0:4
0x002ec9d4	UIBezierPath	instance	bounds	{CGRect={CGPoint=ff}{CGSize=ff}}8@0:4
0x002eca40	UIBezierPath	instance	currentPoint	{CGPoint=ff}8@0:4
0x002ecaac	UIBezierPath	class	bezierPath	@8@0:4
0x002ecb48	UIBezierPath	class	bezierPathWithRect:	@24@0:4{CGRect={CGPoint=ff}{CGSize=ff}}8
0x002ecc04	UIBezierPath	class	bezierPathWithOvalInRect:	@24@0:4{CGRect={CGPoint=ff}{CGSize=ff}}8
0x002eccc0	UIBezierPath	class	bezierPathWithRoundedRect:cornerRadius:	@28@0:4{CGRect={CGPoint=ff}{CGSize=ff}}8f24
0x002ecd80	UIBezierPath	class	bezierPathWithArcCenter:radius:startAngle:endAngle:clockwise:	@32@0:4{CGPoint=ff}8f16f20f24c28
0x002ece98	UIBezierPath	class	bezierPathWithCGPath:	@12@0:4^{__CGPath=}8
0x002ecf2c	UIBezierPath	instance	moveToPoint:	v16@0:4{CGPoint=ff}8
0x002ecfa0	UIBezierPath	instance	addLineToPoint:	v16@0:4{CGPoint=ff}8
0x002ed014	UIBezierPath	instance	addCurveToPoint:controlPoint1:controlPoint2:	v32@0:4{CGPoint=ff}8{CGPoint=ff}16{CGPoint=ff}24
0x002ed0d8	UIBezierPath	instance	addQuadCurveToPoint:controlPoint:	v24@0:4{CGPoint=ff}8{CGPoint=ff}16
0x002ed174	UIBezierPath	instance	addArcWithCenter:radius:startAngle:endAngle:clockwise:	v32@0:4{CGPoint=ff}8f16f20f24c28
0x002ed250	UIBezierPath	instance	closePath	v8@0:4
0x002ed2a0	UIBezierPath	instance	removeAllPoints	v8@0:4
0x002ed314	UIBezierPath	instance	appendPath:	v12@0:4@8
0x002ed3b8	UIBezierPath	instance	containsPoint:	c16@0:4{CGPoint=ff}8
0x002ed460	UIBezierPath	instance	setLineDash:count:phase:	v20@0:4r^f8i12f16
0x002ed4a4	UIBezierPath	instance	fill	v8@0:4
0x002ed55c	UIBezierPath	instance	stroke	v8@0:4
0x002ed5e4	UIBezierPath	instance	_setContextPath	v8@0:4
0x002ed734	UIBezierPath	instance	fillWithBlendMode:alpha:	v16@0:4i8f12
0x002ed788	UIBezierPath	instance	strokeWithBlendMode:alpha:	v16@0:4i8f12
0x002ed7dc	UIBezierPath	instance	addClip	v8@0:4
0x002ed800	UIBezierPath	instance	dealloc	v8@0:4
0x002ed89c	UIBezierPath	instance	lineWidth	f8@0:4
0x002ed8d8	UIBezierPath	instance	setLineWidth:	v12@0:4f8
0x002ed920	UIBezierPath	instance	lineCapStyle	i8@0:4
0x002ed95c	UIBezierPath	instance	setLineCapStyle:	v12@0:4i8
0x002ed9a0	UIBezierPath	instance	lineJoinStyle	i8@0:4
0x002ed9dc	UIBezierPath	instance	setLineJoinStyle:	v12@0:4i8
0x002eda20	UIBezierPath	instance	miterLimit	f8@0:4
0x002eda5c	UIBezierPath	instance	setMiterLimit:	v12@0:4f8
0x002edaa4	UIBezierPath	instance	flatness	f8@0:4
0x002edae0	UIBezierPath	instance	setFlatness:	v12@0:4f8
0x002edb28	UIBezierPath	instance	usesEvenOddFillRule	c8@0:4
0x002edb64	UIBezierPath	instance	setUsesEvenOddFillRule:	v12@0:4c8
0x002edbd8	UISearchDisplayController	instance	initWithCoder:	@12@0:4@8
0x002edc58	UISearchDisplayController	instance	delegate	@8@0:4
0x002edc94	UISearchDisplayController	instance	setDelegate:	v12@0:4@8
0x002edcd8	UISearchDisplayController	instance	isActive	c8@0:4
0x002edd14	UISearchDisplayController	instance	setActive:	v12@0:4c8
0x002edd58	UISearchDisplayController	instance	searchBar	@8@0:4
0x002edd94	UISearchDisplayController	instance	searchContentsController	@8@0:4
0x002eddd0	UISearchDisplayController	instance	searchResultsTableView	@8@0:4
0x002ede0c	UISearchDisplayController	instance	searchResultsDataSource	@8@0:4
0x002ede48	UISearchDisplayController	instance	setSearchResultsDataSource:	v12@0:4@8
0x002ede8c	UISearchDisplayController	instance	searchResultsDelegate	@8@0:4
0x002edec8	UISearchDisplayController	instance	setSearchResultsDelegate:	v12@0:4@8
0x002edf0c	UISearchDisplayController	instance	searchResultsTitle	@8@0:4
0x002edf40	UISearchDisplayController	instance	setSearchResultsTitle:	v12@0:4@8
0x002edf8c	UISearchDisplayController	instance	displaysSearchBarInNavigationBar	c8@0:4
0x002edfc8	UISearchDisplayController	instance	setDisplaysSearchBarInNavigationBar:	v12@0:4c8
0x002ee00c	UISearchDisplayController	instance	navigationItem	@8@0:4
0x002ee078	UITextInputMode	class	currentInputMode	@8@0:4
0x002ee188	UITextInputMode	class	activeInputModes	@8@0:4
0x002ee200	UITextInputMode	instance	primaryLanguage	@8@0:4
0x002ee23c	UITextRange	instance	isEmpty	c8@0:4
0x002ee278	UITextRange	instance	start	@8@0:4
0x002ee2b4	UITextRange	instance	end	@8@0:4
0x002ee320	UILocalizedIndexedCollation	class	currentCollation	@8@0:4
0x002ee430	UILocalizedIndexedCollation	instance	init	@8@0:4
0x002ee6b0	UILocalizedIndexedCollation	instance	dealloc	v8@0:4
0x002ee7b0	UILocalizedIndexedCollation	instance	sectionForSectionIndexTitleAtIndex:	i12@0:4i8
0x002ee7cc	UILocalizedIndexedCollation	instance	sortedArrayFromArray:collationStringSelector:	@16@0:4@8:12
0x002ee94c	UILocalizedIndexedCollation	instance	sectionForObject:collationStringSelector:	i16@0:4@8:12
0x002eeabc	UILocalizedIndexedCollation	instance	sectionTitles	@8@0:4
0x002eeaf8	UILocalizedIndexedCollation	instance	sectionIndexTitles	@8@0:4
0x002ef288	NSParagraphStyle	instance	init	@8@0:4
0x002ef4d4	NSParagraphStyle	instance	_initWithParagraphStyle:	@12@0:4@8
0x002ef98c	NSParagraphStyle	class	defaultParagraphStyle	@8@0:4
0x002efa9c	NSParagraphStyle	class	defaultWritingDirectionForLanguage:	I12@0:4@8
0x002efabc	NSParagraphStyle	instance	copyWithZone:	@12@0:4^{_NSZone=}8
0x002efb0c	NSParagraphStyle	instance	mutableCopyWithZone:	@12@0:4^{_NSZone=}8
0x002efb94	NSParagraphStyle	instance	initWtihCoder:	@12@0:4@8
0x002f00bc	NSParagraphStyle	instance	encodeWithCoder:	v12@0:4@8
0x002f0528	NSParagraphStyle	instance	paragraphStyle	^{__CTParagraphStyle=}8@0:4
0x002f09b4	NSParagraphStyle	instance	dealloc	v8@0:4
0x002f0a78	NSParagraphStyle	instance	lineSpacing	f8@0:4
0x002f0ac0	NSParagraphStyle	instance	paragraphSpacing	f8@0:4
0x002f0b08	NSParagraphStyle	instance	alignment	I8@0:4
0x002f0b44	NSParagraphStyle	instance	headIndent	f8@0:4
0x002f0b8c	NSParagraphStyle	instance	tailIndent	f8@0:4
0x002f0bd4	NSParagraphStyle	instance	firstLineHeadIndent	f8@0:4
0x002f0c1c	NSParagraphStyle	instance	minimumLineHeight	f8@0:4
0x002f0c64	NSParagraphStyle	instance	maximumLineHeight	f8@0:4
0x002f0cac	NSParagraphStyle	instance	lineBreakMode	i8@0:4
0x002f0ce8	NSParagraphStyle	instance	baseWritingDirection	I8@0:4
0x002f0d24	NSParagraphStyle	instance	lineHeightMultiple	f8@0:4
0x002f0d6c	NSParagraphStyle	instance	paragraphSpacingBefore	f8@0:4
0x002f0db4	NSParagraphStyle	instance	hyphenationFactor	f8@0:4
0x002f0dfc	NSMutableParagraphStyle	instance	copyWithZone:	@12@0:4^{_NSZone=}8
0x002f0e90	NSMutableParagraphStyle	instance	setLineSpacing:	v12@0:4f8
0x002f0ed8	NSMutableParagraphStyle	instance	setParagraphSpacing:	v12@0:4f8
0x002f0f20	NSMutableParagraphStyle	instance	setAlignment:	v12@0:4I8
0x002f0f64	NSMutableParagraphStyle	instance	setFirstLineHeadIndent:	v12@0:4f8
0x002f0fac	NSMutableParagraphStyle	instance	setHeadIndent:	v12@0:4f8
0x002f0ff4	NSMutableParagraphStyle	instance	setTailIndent:	v12@0:4f8
0x002f103c	NSMutableParagraphStyle	instance	setLineBreakMode:	v12@0:4i8
0x002f1080	NSMutableParagraphStyle	instance	setMinimumLineHeight:	v12@0:4f8
0x002f10c8	NSMutableParagraphStyle	instance	setMaximumLineHeight:	v12@0:4f8
0x002f1110	NSMutableParagraphStyle	instance	setBaseWritingDirection:	v12@0:4I8
0x002f1154	NSMutableParagraphStyle	instance	setLineHeightMultiple:	v12@0:4f8
0x002f119c	NSMutableParagraphStyle	instance	setParagraphSpacingBefore:	v12@0:4f8
0x002f11e4	NSMutableParagraphStyle	instance	setHyphenationFactor:	v12@0:4f8
0x002f1350	UITouchEvent	class	load	v8@0:4
0x002f148c	UITouchEvent	class	touchEvent	@8@0:4
0x002f159c	UITouchEvent	instance	init	@8@0:4
0x002f17fc	UITouchEvent	instance	release	Vv8@0:4
0x002f1810	UITouchEvent	instance	autorelease	@8@0:4
0x002f1828	UITouchEvent	instance	beginTouchUpdates	v8@0:4
0x002f1964	UITouchEvent	instance	updateTouch:location:phase:	v24@0:4I8{CGPoint=ff}12i20
0x002f1b7c	UITouchEvent	instance	_updateTouch:x:y:phase:	v24@0:4I8f12f16i20
0x002f1c60	UITouchEvent	instance	endTouchUpdates	v8@0:4
0x002f2010	UITouchEvent	instance	type	i8@0:4
0x002f202c	UITouchEvent	instance	subtype	i8@0:4
0x002f2048	UITouchEvent	instance	timestamp	d8@0:4
0x002f2084	UITouchEvent	instance	allTouches	@8@0:4
0x002f20c0	UITouchEvent	instance	touchesForWindow:	@12@0:4@8
0x002f235c	UITouchEvent	instance	touchesForView:	@12@0:4@8
0x002f25f8	UITouchEvent	instance	touchesForGestureRecognizer:	@12@0:4@8
0x002f28cc	UITouchEvent	instance	_tapCountAtPoint:	I16@0:4{CGPoint=ff}8
0x002f2b78	UITouchEvent	instance	_addTap:	v12@0:4@8
0x002f2f24	UIDocument	instance	fileURL	@8@0:4
0x002f2f64	UIDocument	instance	localizedName	@8@0:4
0x002f2f98	UIDocument	instance	fileType	@8@0:4
0x002f2fcc	UIDocument	instance	fileModificationDate	@8@0:4
0x002f3000	UIDocument	instance	setFileModificationDate:	v12@0:4@8
0x002f304c	UIDocument	instance	documentState	I8@0:4
0x002f3084	UIDocument	instance	undoManager	@8@0:4
0x002f30b8	UIDocument	instance	setUndoManager:	v12@0:4@8
0x002f31b8	NSLayoutConstraint	instance	initWithCoder:	@12@0:4@8
0x002f324c	NSLayoutConstraint	instance	encodeWithCoder:	v12@0:4@8
0x002f3264	NSLayoutConstraint	class	constraintsWithVisualFormat:options:metrics:views:	@24@0:4@8I12@16@20
0x002f32ec	NSLayoutConstraint	class	constraintWithItem:attribute:relatedBy:toItem:attribute:multiplier:constant:	@36@0:4@8i12i16@20i24f28f32
0x002f338c	NSLayoutConstraint	instance	priority	f8@0:4
0x002f33d0	NSLayoutConstraint	instance	setPriority:	v12@0:4f8
0x002f3418	NSLayoutConstraint	instance	shouldBeArchived	c8@0:4
0x002f3454	NSLayoutConstraint	instance	setShouldBeArchived:	v12@0:4c8
0x002f3494	NSLayoutConstraint	instance	constant	f8@0:4
0x002f34d8	NSLayoutConstraint	instance	setConstant:	v12@0:4f8
0x002f3520	NSLayoutConstraint	instance	firstItem	@8@0:4
0x002f3560	NSLayoutConstraint	instance	firstAttribute	i8@0:4
0x002f3598	NSLayoutConstraint	instance	relation	i8@0:4
0x002f35d0	NSLayoutConstraint	instance	secondItem	@8@0:4
0x002f3610	NSLayoutConstraint	instance	secondAttribute	i8@0:4
0x002f3648	NSLayoutConstraint	instance	multiplier	f8@0:4
0x002f368c	_UILayoutSupportConstraint	instance	initWithCoder:	@12@0:4@8
0x002f371c	_UILayoutSupportConstraint	instance	encodeWithCoder:	v12@0:4@8
0x002f37c0	UIMenuController	instance	isMenuVisible	c8@0:4
0x002f37fc	UIMenuController	instance	setMenuVisible:	v12@0:4c8
0x002f3840	UIMenuController	instance	arrowDirection	i8@0:4
0x002f387c	UIMenuController	instance	setArrowDirection:	v12@0:4i8
0x002f38c0	UIMenuController	instance	menuItems	@8@0:4
0x002f38f4	UIMenuController	instance	setMenuItems:	v12@0:4@8
0x002f3940	UIMenuController	instance	menuFrame	{CGRect={CGPoint=ff}{CGSize=ff}}8@0:4
0x002f39c8	UICollectionViewController	instance	collectionView	@8@0:4
0x002f3a04	UICollectionViewController	instance	setCollectionView:	v12@0:4@8
0x002f3a50	UICollectionViewController	instance	clearsSelectionOnViewWillAppear	c8@0:4
0x002f3a8c	UICollectionViewController	instance	setClearsSelectionOnViewWillAppear:	v12@0:4c8
0x002f3ad0	UICollectionViewController	instance	useLayoutToLayoutNavigationTransitions	c8@0:4
0x002f3b0c	UICollectionViewController	instance	setUseLayoutToLayoutNavigationTransitions:	v12@0:4c8
0x002f3b50	UICollectionViewController	instance	layout	@8@0:4
0x002f3c84	UIAccessibility	instance	dealloc	v8@0:4
0x002f3dfc	UIAccessibility	instance	isAccessibilityElement	c8@0:4
0x002f3e38	UIAccessibility	instance	setIsAccessibilityElement:	v12@0:4c8
0x002f3e7c	UIAccessibility	instance	accessibilityLabel	@8@0:4
0x002f3eb0	UIAccessibility	instance	setAccessibilityLabel:	v12@0:4@8
0x002f3efc	UIAccessibility	instance	accessibilityHint	@8@0:4
0x002f3f30	UIAccessibility	instance	setAccessibilityHint:	v12@0:4@8
0x002f3f7c	UIAccessibility	instance	accessibilityValue	@8@0:4
0x002f3fb0	UIAccessibility	instance	setAccessibilityValue:	v12@0:4@8
0x002f3ffc	UIAccessibility	instance	accessibilityTraits	Q8@0:4
0x002f4040	UIAccessibility	instance	setAccessibilityTraits:	v16@0:4Q8
0x002f4080	UIAccessibility	instance	accessibilityFrame	{CGRect={CGPoint=ff}{CGSize=ff}}8@0:4
0x002f40d8	UIAccessibility	instance	setAccessibilityFrame:	v24@0:4{CGRect={CGPoint=ff}{CGSize=ff}}8
0x002f414c	UIAccessibility	instance	accessibilityPath	@8@0:4
0x002f4180	UIAccessibility	instance	setAccessibilityPath:	v12@0:4@8
0x002f41cc	UIAccessibility	instance	accessibilityActivationPoint	{CGPoint=ff}8@0:4
0x002f4214	UIAccessibility	instance	setAccessibilityActivationPoint:	v16@0:4{CGPoint=ff}8
0x002f4268	UIAccessibility	instance	accessibilityLanguage	@8@0:4
0x002f42a4	UIAccessibility	instance	setAccessibilityLanguage:	v12@0:4@8
0x002f42f0	UIAccessibility	instance	accessibilityElementsHidden	c8@0:4
0x002f432c	UIAccessibility	instance	setAccessibilityElementsHidden:	v12@0:4c8
0x002f4370	UIAccessibility	instance	accessibilityViewIsModal	c8@0:4
0x002f43ac	UIAccessibility	instance	setAccessibilityViewIsModal:	v12@0:4c8
0x002f43f0	UIAccessibility	instance	shouldGroupAccessibilityChildren	c8@0:4
0x002f442c	UIAccessibility	instance	setShouldGroupAccessibilityChildren:	v12@0:4c8
0x002f4470	UIAccessibility	instance	focus	I8@0:4
0x002f44ac	UIAccessibility	instance	setFocus:	v12@0:4I8
0x002f44f0	UIAccessibility	instance	activation	I8@0:4
0x002f452c	UIAccessibility	instance	setActivation:	v12@0:4I8
0x002f5568	NSStringDrawingContext	instance	minimumScaleFactor	f8@0:4
0x002f55a4	NSStringDrawingContext	instance	setMinimumScaleFactor:	v12@0:4f8
0x002f55ec	NSStringDrawingContext	instance	actualScaleFactor	f8@0:4
0x002f5628	NSStringDrawingContext	instance	setActualScaleFactor:	v12@0:4f8
0x002f5670	NSStringDrawingContext	instance	totalBounds	{CGRect={CGPoint=ff}{CGSize=ff}}8@0:4
0x002f56c8	NSStringDrawingContext	instance	setTotalBounds:	v24@0:4{CGRect={CGPoint=ff}{CGSize=ff}}8
0x002f573c	NSStringDrawingContext	instance	maximumLineCount	i8@0:4
0x002f5778	NSStringDrawingContext	instance	setMaximumLineCount:	v12@0:4i8
0x002f57bc	NSStringDrawingContext	instance	verticallyCenterWhileDrawing	c8@0:4
0x002f57f8	NSStringDrawingContext	instance	setVerticallyCenterWhileDrawing:	v12@0:4c8
0x002f583c	NSStringDrawingContext	instance	minimumTrackingAdjustment	f8@0:4
0x002f5878	NSStringDrawingContext	instance	setMinimumTrackingAdjustment:	v12@0:4f8
0x002f58c0	NSStringDrawingContext	instance	actualTrackingAdjustment	f8@0:4
0x002f58fc	NSStringDrawingContext	instance	setActualTrackingAdjustment:	v12@0:4f8
0x002f87bc	UICollectionViewExt	instance	collectionViewDelegate	@8@0:4
0x002f87f8	UICollectionViewExt	instance	setCollectionViewDelegate:	v12@0:4@8
0x002f883c	UICollectionViewExt	instance	nibLayout	@8@0:4
0x002f8878	UICollectionViewExt	instance	setNibLayout:	v12@0:4@8
0x002f88d0	UICollectionViewExt	instance	nibCellsExternalObjects	@8@0:4
0x002f890c	UICollectionViewExt	instance	setNibCellsExternalObjects:	v12@0:4@8
0x002f8964	UICollectionViewExt	instance	supplementaryViewsExternalObjects	@8@0:4
0x002f89a0	UICollectionViewExt	instance	setSupplementaryViewsExternalObjects:	v12@0:4@8
0x002f89f8	UICollectionViewExt	instance	touchingIndexPath	@8@0:4
0x002f8a34	UICollectionViewExt	instance	setTouchingIndexPath:	v12@0:4@8
0x002f8a8c	UICollectionViewExt	instance	currentIndexPath	@8@0:4
0x002f8ac8	UICollectionViewExt	instance	setCurrentIndexPath:	v12@0:4@8
0x002f8b20	UICollectionViewExt	instance	.cxx_destruct	v8@0:4
0x002f8cc0	UICollectionView	instance	initWithFrame:	@24@0:4{CGRect={CGPoint=ff}{CGSize=ff}}8
0x002f8d6c	UICollectionView	instance	initWithFrame:collectionViewLayout:	@28@0:4{CGRect={CGPoint=ff}{CGSize=ff}}8@24
0x002f95cc	UICollectionView	instance	initWithCoder:	@12@0:4@8
0x002f9acc	UICollectionView	instance	awakeFromNib	v8@0:4
0x002f9c8c	UICollectionView	instance	description	@8@0:4
0x002f9db4	UICollectionView	instance	layoutSubviews	v8@0:4
0x002fa5cc	UICollectionView	instance	setFrame:	v24@0:4{CGRect={CGPoint=ff}{CGSize=ff}}8
0x002fa950	UICollectionView	instance	scrollViewDidScroll:	v12@0:4@8
0x002faac8	UICollectionView	instance	scrollViewDidZoom:	v12@0:4@8
0x002fac40	UICollectionView	instance	scrollViewWillBeginDragging:	v12@0:4@8
0x002fadb8	UICollectionView	instance	scrollViewWillEndDragging:withVelocity:targetContentOffset:	v24@0:4@8{CGPoint=ff}12N^{CGPoint=ff}20
0x002fb044	UICollectionView	instance	scrollViewDidEndDragging:willDecelerate:	v16@0:4@8c12
0x002fb29c	UICollectionView	instance	scrollViewWillBeginDecelerating:	v12@0:4@8
0x002fb414	UICollectionView	instance	scrollViewDidEndDecelerating:	v12@0:4@8
0x002fb58c	UICollectionView	instance	scrollViewDidEndScrollingAnimation:	v12@0:4@8
0x002fb704	UICollectionView	instance	viewForZoomingInScrollView:	@12@0:4@8
0x002fb8b0	UICollectionView	instance	scrollViewWillBeginZooming:withView:	v16@0:4@8@12
0x002fba54	UICollectionView	instance	scrollViewDidEndZooming:withView:atScale:	v20@0:4@8@12f16
0x002fbc14	UICollectionView	instance	scrollViewShouldScrollToTop:	c12@0:4@8
0x002fbdb8	UICollectionView	instance	scrollViewDidScrollToTop:	v12@0:4@8
0x002fbf30	UICollectionView	instance	registerClass:forCellWithReuseIdentifier:	v16@0:4#8@12
0x002fc47c	UICollectionView	instance	registerClass:forSupplementaryViewOfKind:withReuseIdentifier:	v20@0:4#8@12@16
0x002fc9a8	UICollectionView	instance	registerNib:forCellWithReuseIdentifier:	v16@0:4@8@12
0x002fca8c	UICollectionView	instance	registerNib:forSupplementaryViewOfKind:withReuseIdentifier:	v20@0:4@8@12@16
0x002fcc10	UICollectionView	instance	_dequeueReusableViewOfKind:withIdentifier:forIndexPath:viewCategory:	@24@0:4@8@12@16I20
0x002fdc6c	UICollectionView	instance	dequeueReusableCellWithReuseIdentifier:forIndexPath:	@16@0:4@8@12
0x002fdd58	UICollectionView	instance	dequeueReusableSupplementaryViewOfKind:withReuseIdentifier:forIndexPath:	@20@0:4@8@12@16
0x002fde68	UICollectionView	instance	_createPreparedSupplementaryViewForElementOfKind:atIndexPath:withLayoutAttributes:applyAttributes:	@24@0:4@8@12@16c20
0x002fdfc0	UICollectionView	instance	_createPreparedCellForItemAtIndexPath:withLayoutAttributes:applyAttributes:	@20@0:4@8@12c16
0x002fe148	UICollectionView	instance	allCells	@8@0:4
0x002fe350	UICollectionView	instance	visibleCells	@8@0:4
0x002fe89c	UICollectionView	instance	reloadData	v8@0:4
0x002fedf8	UICollectionView	instance	numberOfSections	i8@0:4
0x002fee5c	UICollectionView	instance	numberOfItemsInSection:	i12@0:4i8
0x002feec8	UICollectionView	instance	layoutAttributesForItemAtIndexPath:	@12@0:4@8
0x002fef80	UICollectionView	instance	layoutAttributesForSupplementaryElementOfKind:atIndexPath:	@16@0:4@8@12
0x002ff06c	UICollectionView	instance	indexPathForItemAtPoint:	@16@0:4{CGPoint=ff}8
0x002ff3a4	UICollectionView	instance	indexPathForCell:	@12@0:4@8
0x002ff790	UICollectionView	instance	cellForItemAtIndexPath:	@12@0:4@8
0x002ffbcc	UICollectionView	instance	indexPathsForVisibleItems	@8@0:4
0x002ffc58	UICollectionView	instance	indexPathsForSelectedItems	@8@0:4
0x002ffcbc	UICollectionView	instance	scrollToItemAtIndexPath:atScrollPosition:animated:	v20@0:4@8I12c16
0x002fff6c	UICollectionView	instance	makeRect:toScrollPosition:	{CGRect={CGPoint=ff}{CGSize=ff}}28@0:4{CGRect={CGPoint=ff}{CGSize=ff}}8I24
0x003006cc	UICollectionView	instance	touchesBegan:withEvent:	v16@0:4@8@12
0x00300dc4	UICollectionView	instance	touchesMoved:withEvent:	v16@0:4@8@12
0x003018ec	UICollectionView	instance	touchesEnded:withEvent:	v16@0:4@8@12
0x00302050	UICollectionView	instance	touchesCancelled:withEvent:	v16@0:4@8@12
0x003022ac	UICollectionView	instance	cellTouchCancelled	v8@0:4
0x00302540	UICollectionView	instance	userSelectedItemAtIndexPath:	v12@0:4@8
0x00302728	UICollectionView	instance	selectItemAtIndexPath:animated:scrollPosition:notifyDelegate:	v24@0:4@8c12I16c20
0x00302d84	UICollectionView	instance	selectItemAtIndexPath:animated:scrollPosition:	v20@0:4@8c12I16
0x00302e68	UICollectionView	instance	deselectItemAtIndexPath:animated:	v16@0:4@8c12
0x00302f34	UICollectionView	instance	deselectItemAtIndexPath:animated:notifyDelegate:	v20@0:4@8c12c16
0x003032fc	UICollectionView	instance	highlightItemAtIndexPath:animated:scrollPosition:notifyDelegate:	c24@0:4@8c12I16c20
0x00303648	UICollectionView	instance	unhighlightItemAtIndexPath:animated:notifyDelegate:	c20@0:4@8c12c16
0x00303748	UICollectionView	instance	unhighlightItemAtIndexPath:animated:notifyDelegate:shouldCheckHighlight:	c24@0:4@8c12c16c20
0x00303b1c	UICollectionView	instance	insertSections:	v12@0:4@8
0x00303bc0	UICollectionView	instance	deleteSections:	v12@0:4@8
0x00303fe8	UICollectionView	instance	reloadSections:	v12@0:4@8
0x0030408c	UICollectionView	instance	moveSection:toSection:	v16@0:4i8i12
0x00304330	UICollectionView	instance	insertItemsAtIndexPaths:	v12@0:4@8
0x003043d4	UICollectionView	instance	deleteItemsAtIndexPaths:	v12@0:4@8
0x00304478	UICollectionView	instance	reloadItemsAtIndexPaths:	v12@0:4@8
0x0030451c	UICollectionView	instance	moveItemAtIndexPath:toIndexPath:	v16@0:4@8@12
0x00304740	UICollectionView	instance	performBatchUpdates:completion:	v16@0:4@?8@?12
0x003048a0	UICollectionView	instance	setBackgroundView:	v12@0:4@8
0x00304ad0	UICollectionView	instance	setCollectionViewLayout:animated:	v16@0:4@8c12
0x00308018	UICollectionView	instance	setCollectionViewLayout:	v12@0:4@8
0x003080cc	UICollectionView	instance	delegate	@8@0:4
0x0030814c	UICollectionView	instance	setDelegate:	v12@0:4@8
0x0030899c	UICollectionView	instance	setDataSource:	v12@0:4@8
0x00308b58	UICollectionView	instance	allowsSelection	c8@0:4
0x00308ba8	UICollectionView	instance	setAllowsSelection:	v12@0:4c8
0x00308c10	UICollectionView	instance	allowsMultipleSelection	c8@0:4
0x00308c60	UICollectionView	instance	setAllowsMultipleSelection:	v12@0:4c8
0x00308f98	UICollectionView	instance	visibleBoundRects	{CGRect={CGPoint=ff}{CGSize=ff}}8@0:4
0x00309020	UICollectionView	instance	extVars	@8@0:4
0x00309060	UICollectionView	instance	invalidateLayout	v8@0:4
0x00309170	UICollectionView	instance	updateVisibleCellsNow:	v12@0:4c8
0x0030a130	UICollectionView	instance	createPreparedCellForItemAtIndexPath:withLayoutAttributes:	@16@0:4@8@12
0x0030a310	UICollectionView	instance	createPreparedSupplementaryViewForElementOfKind:atIndexPath:withLayoutAttributes:	@20@0:4@8@12@16
0x0030a4f4	UICollectionView	instance	queueReusableView:inQueue:withIdentifier:	v20@0:4@8@12@16
0x0030a8a8	UICollectionView	instance	reuseCell:	v12@0:4@8
0x0030a9b4	UICollectionView	instance	reuseSupplementaryView:	v12@0:4@8
0x0030abd0	UICollectionView	instance	reuseDecorationView:	v12@0:4@8
0x0030acdc	UICollectionView	instance	addControlledSubview:	v12@0:4@8
0x0030b4a8	UICollectionView	instance	suspendReloads	v8@0:4
0x0030b4ec	UICollectionView	instance	resumeReloads	v8@0:4
0x0030b560	UICollectionView	instance	arrayForUpdateAction:	@12@0:4i8
0x0030b924	UICollectionView	instance	prepareLayoutForUpdates	v8@0:4
0x0030bdc8	UICollectionView	instance	updateWithItems:	v12@0:4@8
0x0030fec4	UICollectionView	instance	setupCellAnimations	v8@0:4
0x0030ff80	UICollectionView	instance	endItemAnimations	v8@0:4
0x00315eb8	UICollectionView	instance	updateRowsAtIndexPaths:updateAction:	v16@0:4@8i12
0x00316240	UICollectionView	instance	updateSections:updateAction:	v16@0:4@8i12
0x00316660	UICollectionView	instance	collectionViewLayout	@8@0:4
0x0031669c	UICollectionView	instance	currentUpdate	@8@0:4
0x003166d8	UICollectionView	instance	visibleViewsDict	@8@0:4
0x00316714	UICollectionView	instance	dataSource	@8@0:4
0x00316750	UICollectionView	instance	backgroundView	@8@0:4
0x0031678c	UICollectionView	instance	collectionViewData	@8@0:4
0x003167c8	UICollectionView	instance	setCollectionViewData:	v12@0:4@8
0x00316820	UICollectionView	instance	setVisibleBoundRects:	v24@0:4{CGRect={CGPoint=ff}{CGSize=ff}}8
0x00316894	UICollectionView	instance	.cxx_destruct	v8@0:4
0x00316f74	UICollectionReusableView	instance	initWithFrame:	@24@0:4{CGRect={CGPoint=ff}{CGSize=ff}}8
0x0031706c	UICollectionReusableView	instance	initWithCoder:	@12@0:4@8
0x003171f0	UICollectionReusableView	instance	prepareForReuse	v8@0:4
0x00317244	UICollectionReusableView	instance	applyLayoutAttributes:	v12@0:4@8
0x00317848	UICollectionReusableView	instance	willTransitionFromLayout:toLayout:	v16@0:4@8@12
0x003178f8	UICollectionReusableView	instance	didTransitionFromLayout:toLayout:	v16@0:4@8@12
0x00317998	UICollectionReusableView	instance	isInUpdateAnimation	c8@0:4
0x003179d8	UICollectionReusableView	instance	setInUpdateAnimation:	v12@0:4c8
0x00317a20	UICollectionReusableView	instance	_setReuseIdentifier:	v12@0:4@8
0x00317acc	UICollectionReusableView	instance	_setCollectionView:	v12@0:4@8
0x00317b40	UICollectionReusableView	instance	_collectionView	@8@0:4
0x00317b74	UICollectionReusableView	instance	reuseIdentifier	@8@0:4
0x00317ba8	UICollectionReusableView	instance	layoutAttributes	@8@0:4
0x00317be4	UICollectionReusableView	instance	setLayoutAttributes:	v12@0:4@8
0x00317c3c	UICollectionReusableView	instance	.cxx_destruct	v8@0:4
0x00317cbc	UICollectionViewCell	instance	initWithFrame:	@24@0:4{CGRect={CGPoint=ff}{CGSize=ff}}8
0x00318044	UICollectionViewCell	instance	initWithCoder:	@12@0:4@8
0x00318364	UICollectionViewCell	instance	prepareForReuse	v8@0:4
0x00318448	UICollectionViewCell	instance	setSelected:	v12@0:4c8
0x003184dc	UICollectionViewCell	instance	setHighlighted:	v12@0:4c8
0x00318574	UICollectionViewCell	instance	updateBackgroundView:	v12@0:4c8
0x003186e4	UICollectionViewCell	instance	setHighlighted:forViews:	v16@0:4c8@12
0x00318a84	UICollectionViewCell	instance	menuGesture:	v12@0:4@8
0x00318b0c	UICollectionViewCell	instance	setBackgroundView:	v12@0:4@8
0x00318d84	UICollectionViewCell	instance	setSelectedBackgroundView:	v12@0:4@8
0x003190ec	UICollectionViewCell	instance	isSelected	c8@0:4
0x0031912c	UICollectionViewCell	instance	isHighlighted	c8@0:4
0x0031916c	UICollectionViewCell	instance	performSelectionSegue	v8@0:4
0x003192c4	UICollectionViewCell	instance	contentView	@8@0:4
0x00319300	UICollectionViewCell	instance	backgroundView	@8@0:4
0x0031933c	UICollectionViewCell	instance	selectedBackgroundView	@8@0:4
0x00319378	UICollectionViewCell	instance	.cxx_destruct	v8@0:4
0x00319524	UICollectionViewData	instance	initWithCollectionView:layout:	@16@0:4@8@12
0x00319694	UICollectionViewData	instance	dealloc	v8@0:4
0x00319758	UICollectionViewData	instance	description	@8@0:4
0x00319868	UICollectionViewData	instance	invalidate	v8@0:4
0x0031990c	UICollectionViewData	instance	collectionViewContentRect	{CGRect={CGPoint=ff}{CGSize=ff}}8@0:4
0x003199c8	UICollectionViewData	instance	validateLayoutInRect:	v24@0:4{CGRect={CGPoint=ff}{CGSize=ff}}8
0x00319efc	UICollectionViewData	instance	numberOfItems	i8@0:4
0x00319f6c	UICollectionViewData	instance	numberOfItemsBeforeSection:	i12@0:4i8
0x0031a1b4	UICollectionViewData	instance	numberOfItemsInSection:	i12@0:4i8
0x0031a2c0	UICollectionViewData	instance	numberOfSections	i8@0:4
0x0031a330	UICollectionViewData	instance	rectForItemAtIndexPath:	{CGRect={CGPoint=ff}{CGSize=ff}}12@0:4@8
0x0031a3c0	UICollectionViewData	instance	indexPathForItemAtGlobalIndex:	@12@0:4i8
0x0031a698	UICollectionViewData	instance	globalIndexForItemAtIndexPath:	I12@0:4@8
0x0031a794	UICollectionViewData	instance	layoutIsPrepared	c8@0:4
0x0031a7d4	UICollectionViewData	instance	setLayoutIsPrepared:	v12@0:4c8
0x0031a820	UICollectionViewData	instance	layoutAttributesForElementsInRect:	@24@0:4{CGRect={CGPoint=ff}{CGSize=ff}}8
0x0031a8d0	UICollectionViewData	instance	validateItemCounts	v8@0:4
0x0031a960	UICollectionViewData	instance	updateItemCounts	v8@0:4
0x0031ae98	UICollectionViewData	instance	prepareToLoadData	v8@0:4
0x0031b080	UICollectionViewData	instance	collectionView	@8@0:4
0x0031b0bc	UICollectionViewData	instance	setCollectionView:	v12@0:4@8
0x0031b100	UICollectionViewData	instance	layout	@8@0:4
0x0031b13c	UICollectionViewData	instance	setLayout:	v12@0:4@8
0x0031b194	UICollectionViewData	instance	cachedLayoutAttributes	@8@0:4
0x0031b1d0	UICollectionViewData	instance	setCachedLayoutAttributes:	v12@0:4@8
0x0031b228	UICollectionViewData	instance	.cxx_destruct	v8@0:4
0x0031b3fc	UICollectionViewFlowLayout	instance	commonInit	v8@0:4
0x0031b5b8	UICollectionViewFlowLayout	instance	init	@8@0:4
0x0031b938	UICollectionViewFlowLayout	instance	initWithCoder:	@12@0:4@8
0x0031c0f8	UICollectionViewFlowLayout	instance	encodeWithCoder:	v12@0:4@8
0x0031c668	UICollectionViewFlowLayout	instance	layoutAttributesForElementsInRect:	@24@0:4{CGRect={CGPoint=ff}{CGSize=ff}}8
0x0031dc6c	UICollectionViewFlowLayout	instance	initialLayoutAttributesForAppearingItemAtIndexPath:	@12@0:4@8
0x0031dd2c	UICollectionViewFlowLayout	instance	layoutAttributesForItemAtIndexPath:	@12@0:4@8
0x0031e7e0	UICollectionViewFlowLayout	instance	layoutAttributesForSupplementaryViewOfKind:atIndexPath:	@16@0:4@8@12
0x0031ee74	UICollectionViewFlowLayout	instance	layoutAttributesForDecorationViewWithReuseIdentifier:atIndexPath:	@16@0:4@8@12
0x0031eee4	UICollectionViewFlowLayout	instance	collectionViewContentSize	{CGSize=ff}8@0:4
0x0031efe4	UICollectionViewFlowLayout	instance	setSectionInset:	v24@0:4{UIEdgeInsets=ffff}8
0x0031f1bc	UICollectionViewFlowLayout	instance	invalidateLayout	v8@0:4
0x0031f270	UICollectionViewFlowLayout	instance	shouldInvalidateLayoutForBoundsChange:	c24@0:4{CGRect={CGPoint=ff}{CGSize=ff}}8
0x0031f474	UICollectionViewFlowLayout	instance	targetContentOffsetForProposedContentOffset:withScrollingVelocity:	{CGPoint=ff}24@0:4{CGPoint=ff}8{CGPoint=ff}16
0x0031f4b8	UICollectionViewFlowLayout	instance	prepareLayout	v8@0:4
0x0031f838	UICollectionViewFlowLayout	instance	fetchItemsInfo	v8@0:4
0x0031f8ac	UICollectionViewFlowLayout	instance	getSizingInfos	v8@0:4
0x00320d88	UICollectionViewFlowLayout	instance	updateItemsLayout	v8@0:4
0x0032137c	UICollectionViewFlowLayout	instance	_rowAlignmentOptions	@8@0:4
0x003213b8	UICollectionViewFlowLayout	instance	_setRowAlignmentsOptions:	v12@0:4@8
0x00321410	UICollectionViewFlowLayout	instance	minimumLineSpacing	f8@0:4
0x0032144c	UICollectionViewFlowLayout	instance	setMinimumLineSpacing:	v12@0:4f8
0x00321494	UICollectionViewFlowLayout	instance	minimumInteritemSpacing	f8@0:4
0x003214d0	UICollectionViewFlowLayout	instance	setMinimumInteritemSpacing:	v12@0:4f8
0x00321518	UICollectionViewFlowLayout	instance	itemSize	{CGSize=ff}8@0:4
0x00321560	UICollectionViewFlowLayout	instance	setItemSize:	v16@0:4{CGSize=ff}8
0x003215b4	UICollectionViewFlowLayout	instance	scrollDirection	i8@0:4
0x003215f0	UICollectionViewFlowLayout	instance	setScrollDirection:	v12@0:4i8
0x00321634	UICollectionViewFlowLayout	instance	headerReferenceSize	{CGSize=ff}8@0:4
0x0032167c	UICollectionViewFlowLayout	instance	setHeaderReferenceSize:	v16@0:4{CGSize=ff}8
0x003216d0	UICollectionViewFlowLayout	instance	footerReferenceSize	{CGSize=ff}8@0:4
0x00321718	UICollectionViewFlowLayout	instance	setFooterReferenceSize:	v16@0:4{CGSize=ff}8
0x0032176c	UICollectionViewFlowLayout	instance	sectionInset	{UIEdgeInsets=ffff}8@0:4
0x003217c4	UICollectionViewFlowLayout	instance	rowAlignmentOptions	@8@0:4
0x00321800	UICollectionViewFlowLayout	instance	setRowAlignmentOptions:	v12@0:4@8
0x00321858	UICollectionViewFlowLayout	instance	.cxx_destruct	v8@0:4
0x00321bfc	UICollectionViewUpdateItem	instance	initWithInitialIndexPath:finalIndexPath:updateAction:	@20@0:4@8@12i16
0x00321da8	UICollectionViewUpdateItem	instance	initWithAction:forIndexPath:	@16@0:4i8@12
0x00321eec	UICollectionViewUpdateItem	instance	initWithOldIndexPath:newIndexPath:	@16@0:4@8@12
0x00321fe8	UICollectionViewUpdateItem	instance	description	@8@0:4
0x003221ac	UICollectionViewUpdateItem	instance	setNewIndexPath:	v12@0:4@8
0x00322224	UICollectionViewUpdateItem	instance	isSectionOperation	c8@0:4
0x00322324	UICollectionViewUpdateItem	instance	newIndexPath	@8@0:4
0x0032236c	UICollectionViewUpdateItem	instance	action	i8@0:4
0x003223a8	UICollectionViewUpdateItem	instance	indexPath	@8@0:4
0x003223dc	UICollectionViewUpdateItem	instance	compareIndexPaths:	i12@0:4@8
0x0032275c	UICollectionViewUpdateItem	instance	inverseCompareIndexPaths:	i12@0:4@8
0x00322820	UICollectionViewUpdateItem	instance	updateAction	i8@0:4
0x0032285c	UICollectionViewUpdateItem	instance	indexPathBeforeUpdate	@8@0:4
0x00322898	UICollectionViewUpdateItem	instance	indexPathAfterUpdate	@8@0:4
0x003228d4	UICollectionViewUpdateItem	instance	.cxx_destruct	v8@0:4
0x00322978	UICollectionViewLayoutAttributes	class	layoutAttributesForCellWithIndexPath:	@12@0:4@8
0x00322a4c	UICollectionViewLayoutAttributes	class	layoutAttributesForSupplementaryViewOfKind:withIndexPath:	@16@0:4@8@12
0x00322b70	UICollectionViewLayoutAttributes	class	layoutAttributesForDecorationViewOfKind:withIndexPath:	@16@0:4@8@12
0x00322cb4	UICollectionViewLayoutAttributes	instance	init	@8@0:4
0x00322dec	UICollectionViewLayoutAttributes	instance	hash	I8@0:4
0x00322eb0	UICollectionViewLayoutAttributes	instance	_setReuseIdentifier:	v12@0:4@8
0x00322f28	UICollectionViewLayoutAttributes	instance	_reuseIdentifier	@8@0:4
0x00322f5c	UICollectionViewLayoutAttributes	instance	isEqual:	c12@0:4@8
0x00323a6c	UICollectionViewLayoutAttributes	instance	description	@8@0:4
0x00323e60	UICollectionViewLayoutAttributes	instance	representedElementCategory	I8@0:4
0x00323f1c	UICollectionViewLayoutAttributes	instance	isDecorationView	c8@0:4
0x00323f5c	UICollectionViewLayoutAttributes	instance	isSupplementaryView	c8@0:4
0x00323fec	UICollectionViewLayoutAttributes	instance	isCell	c8@0:4
0x0032402c	UICollectionViewLayoutAttributes	instance	bounds	{CGRect={CGPoint=ff}{CGSize=ff}}8@0:4
0x003240e8	UICollectionViewLayoutAttributes	instance	setBounds:	v24@0:4{CGRect={CGPoint=ff}{CGSize=ff}}8
0x00324288	UICollectionViewLayoutAttributes	instance	transform	{CGAffineTransform=ffffff}8@0:4
0x00324380	UICollectionViewLayoutAttributes	instance	setTransform:	v32@0:4{CGAffineTransform=ffffff}8
0x00324444	UICollectionViewLayoutAttributes	instance	updateFrame	v8@0:4
0x003245cc	UICollectionViewLayoutAttributes	instance	setSize:	v16@0:4{CGSize=ff}8
0x00324648	UICollectionViewLayoutAttributes	instance	setCenter:	v16@0:4{CGPoint=ff}8
0x003246c4	UICollectionViewLayoutAttributes	instance	setFrame:	v24@0:4{CGRect={CGPoint=ff}{CGSize=ff}}8
0x00324974	UICollectionViewLayoutAttributes	instance	copyWithZone:	@12@0:4^{_NSZone=}8
0x003250d8	UICollectionViewLayoutAttributes	instance	representedElementKind	@8@0:4
0x00325114	UICollectionViewLayoutAttributes	instance	transform3D	{CATransform3D=ffffffffffffffff}8@0:4
0x00325160	UICollectionViewLayoutAttributes	instance	setTransform3D:	v72@0:4{CATransform3D=ffffffffffffffff}8
0x0032527c	UICollectionViewLayoutAttributes	instance	frame	{CGRect={CGPoint=ff}{CGSize=ff}}8@0:4
0x003252d4	UICollectionViewLayoutAttributes	instance	center	{CGPoint=ff}8@0:4
0x0032531c	UICollectionViewLayoutAttributes	instance	size	{CGSize=ff}8@0:4
0x00325364	UICollectionViewLayoutAttributes	instance	alpha	f8@0:4
0x003253a0	UICollectionViewLayoutAttributes	instance	setAlpha:	v12@0:4f8
0x003253e8	UICollectionViewLayoutAttributes	instance	zIndex	i8@0:4
0x00325424	UICollectionViewLayoutAttributes	instance	setZIndex:	v12@0:4i8
0x00325468	UICollectionViewLayoutAttributes	instance	isHidden	c8@0:4
0x003254a4	UICollectionViewLayoutAttributes	instance	setHidden:	v12@0:4c8
0x003254e8	UICollectionViewLayoutAttributes	instance	indexPath	@8@0:4
0x00325524	UICollectionViewLayoutAttributes	instance	setIndexPath:	v12@0:4@8
0x0032557c	UICollectionViewLayoutAttributes	instance	.cxx_destruct	v8@0:4
0x00325620	UICollectionViewLayout	instance	init	@8@0:4
0x00325988	UICollectionViewLayout	instance	awakeFromNib	v8@0:4
0x003259f4	UICollectionViewLayout	instance	_setCollectionView:	v12@0:4@8
0x00325a90	UICollectionViewLayout	instance	invalidateLayout	v8@0:4
0x00325b84	UICollectionViewLayout	instance	shouldInvalidateLayoutForBoundsChange:	c24@0:4{CGRect={CGPoint=ff}{CGSize=ff}}8
0x00325c9c	UICollectionViewLayout	class	layoutAttributesClass	#8@0:4
0x00325cf4	UICollectionViewLayout	instance	prepareLayout	v8@0:4
0x00325d08	UICollectionViewLayout	instance	layoutAttributesForElementsInRect:	@24@0:4{CGRect={CGPoint=ff}{CGSize=ff}}8
0x00325d40	UICollectionViewLayout	instance	layoutAttributesForItemAtIndexPath:	@12@0:4@8
0x00325d8c	UICollectionViewLayout	instance	layoutAttributesForSupplementaryViewOfKind:atIndexPath:	@16@0:4@8@12
0x00325dfc	UICollectionViewLayout	instance	layoutAttributesForDecorationViewOfKind:atIndexPath:	@16@0:4@8@12
0x00325e6c	UICollectionViewLayout	instance	targetContentOffsetForProposedContentOffset:withScrollingVelocity:	{CGPoint=ff}24@0:4{CGPoint=ff}8{CGPoint=ff}16
0x00325eb0	UICollectionViewLayout	instance	collectionViewContentSize	{CGSize=ff}8@0:4
0x00325eec	UICollectionViewLayout	instance	prepareForCollectionViewUpdates:	v12@0:4@8
0x0032747c	UICollectionViewLayout	instance	initialLayoutAttributesForAppearingItemAtIndexPath:	@12@0:4@8
0x003276dc	UICollectionViewLayout	instance	finalLayoutAttributesForDisappearingItemAtIndexPath:	@12@0:4@8
0x0032793c	UICollectionViewLayout	instance	initialLayoutAttributesForInsertedSupplementaryElementOfKind:atIndexPath:	@16@0:4@8@12
0x00327bc0	UICollectionViewLayout	instance	finalLayoutAttributesForDeletedSupplementaryElementOfKind:atIndexPath:	@16@0:4@8@12
0x00327c30	UICollectionViewLayout	instance	_decorationViewForLayoutAttributes:	@12@0:4@8
0x00328404	UICollectionViewLayout	instance	finalizeCollectionViewUpdates	v8@0:4
0x0032851c	UICollectionViewLayout	instance	registerClass:forDecorationViewOfKind:	v16@0:4#8@12
0x003285e0	UICollectionViewLayout	instance	registerNib:forDecorationViewOfKind:	v16@0:4@8@12
0x003286c4	UICollectionViewLayout	instance	setCollectionViewBoundsSize:	v16@0:4{CGSize=ff}8
0x00328718	UICollectionViewLayout	instance	initWithCoder:	@12@0:4@8
0x0032880c	UICollectionViewLayout	instance	encodeWithCoder:	v12@0:4@8
0x0032884c	UICollectionViewLayout	instance	collectionView	@8@0:4
0x00328888	UICollectionViewLayout	instance	setCollectionView:	v12@0:4@8
0x003288cc	UICollectionViewLayout	instance	decorationViewClassDict	@8@0:4
0x00328900	UICollectionViewLayout	instance	decorationViewNibDict	@8@0:4
0x00328934	UICollectionViewLayout	instance	decorationViewExternalObjectsTables	@8@0:4
0x00328968	UICollectionViewLayout	instance	.cxx_destruct	v8@0:4
0x00328c3c	_UICollectionViewItemKey	instance	initWithType:indexPath:identifier:clone:	@24@0:4I8@12@16c20
0x00328e10	_UICollectionViewItemKey	instance	initWithType:indexPath:identifier:	@20@0:4I8@12@16
0x00328f20	_UICollectionViewItemKey	class	collectionItemKeyForCellWithIndexPath:	@12@0:4@8
0x00328fdc	_UICollectionViewItemKey	class	collectionItemKeyForDecorationViewOfKind:andIndexPath:	@16@0:4@8@12
0x003290c4	_UICollectionViewItemKey	class	collectionItemKeyForSupplementaryViewOfKind:andIndexPath:	@16@0:4@8@12
0x003291ac	_UICollectionViewItemKey	class	collectionItemKeyForLayoutAttributes:	@12@0:4@8
0x00329598	_UICollectionViewItemKey	instance	description	@8@0:4
0x003296f0	_UICollectionViewItemKey	instance	hash	I8@0:4
0x003297dc	_UICollectionViewItemKey	instance	isEqual:	c12@0:4@8
0x00329cb0	_UICollectionViewItemKey	instance	copyWithZone:	@12@0:4^{_NSZone=}8
0x00329e6c	_UICollectionViewItemKey	instance	type	I8@0:4
0x00329ea8	_UICollectionViewItemKey	instance	indexPath	@8@0:4
0x00329ee4	_UICollectionViewItemKey	instance	identifier	@8@0:4
0x00329f20	_UICollectionViewItemKey	instance	isClone	c8@0:4
0x00329f5c	_UICollectionViewItemKey	instance	.cxx_destruct	v8@0:4
0x0032a00c	UIGridLayoutInfo	instance	init	@8@0:4
0x0032a148	UIGridLayoutInfo	instance	description	@8@0:4
0x0032a378	UIGridLayoutInfo	instance	snapshot	@8@0:4
0x0032a794	UIGridLayoutInfo	instance	frameForItemAtIndexPath:	{CGRect={CGPoint=ff}{CGSize=ff}}12@0:4@8
0x0032ab54	UIGridLayoutInfo	instance	addSection	@8@0:4
0x0032ac98	UIGridLayoutInfo	instance	invalidate:	v12@0:4c8
0x0032ace0	UIGridLayoutInfo	instance	sections	@8@0:4
0x0032ad1c	UIGridLayoutInfo	instance	setSections:	v12@0:4@8
0x0032ad74	UIGridLayoutInfo	instance	rowAlignmentOptions	@8@0:4
0x0032adb0	UIGridLayoutInfo	instance	setRowAlignmentOptions:	v12@0:4@8
0x0032ae08	UIGridLayoutInfo	instance	usesFloatingHeaderFooter	c8@0:4
0x0032ae44	UIGridLayoutInfo	instance	setUsesFloatingHeaderFooter:	v12@0:4c8
0x0032ae88	UIGridLayoutInfo	instance	dimension	f8@0:4
0x0032aec4	UIGridLayoutInfo	instance	setDimension:	v12@0:4f8
0x0032af0c	UIGridLayoutInfo	instance	horizontal	c8@0:4
0x0032af48	UIGridLayoutInfo	instance	setHorizontal:	v12@0:4c8
0x0032af8c	UIGridLayoutInfo	instance	leftToRight	c8@0:4
0x0032afc8	UIGridLayoutInfo	instance	setLeftToRight:	v12@0:4c8
0x0032b00c	UIGridLayoutInfo	instance	contentSize	{CGSize=ff}8@0:4
0x0032b054	UIGridLayoutInfo	instance	setContentSize:	v16@0:4{CGSize=ff}8
0x0032b0a8	UIGridLayoutInfo	instance	.cxx_destruct	v8@0:4
0x0032b1c4	UIGridLayoutItem	instance	description	@8@0:4
0x0032b334	UIGridLayoutItem	instance	section	@8@0:4
0x0032b370	UIGridLayoutItem	instance	setSection:	v12@0:4@8
0x0032b3b4	UIGridLayoutItem	instance	rowObject	@8@0:4
0x0032b3f0	UIGridLayoutItem	instance	setRowObject:	v12@0:4@8
0x0032b434	UIGridLayoutItem	instance	itemFrame	{CGRect={CGPoint=ff}{CGSize=ff}}8@0:4
0x0032b48c	UIGridLayoutItem	instance	setItemFrame:	v24@0:4{CGRect={CGPoint=ff}{CGSize=ff}}8
0x0032b530	UIGridLayoutRow	instance	init	@8@0:4
0x0032b66c	UIGridLayoutRow	instance	description	@8@0:4
0x0032b848	UIGridLayoutRow	instance	invalidate	v8@0:4
0x0032b904	UIGridLayoutRow	instance	itemRects	@8@0:4
0x0032b958	UIGridLayoutRow	instance	layoutRow	v8@0:4
0x0032b9b8	UIGridLayoutRow	instance	layoutRowAndGenerateRectArray:	@12@0:4c8
0x0032cff4	UIGridLayoutRow	instance	addItem:	v12@0:4@8
0x0032d108	UIGridLayoutRow	instance	snapshot	@8@0:4
0x0032d580	UIGridLayoutRow	instance	copyFromSection:	@12@0:4@8
0x0032d5cc	UIGridLayoutRow	instance	itemCount	i8@0:4
0x0032d6d0	UIGridLayoutRow	instance	section	@8@0:4
0x0032d70c	UIGridLayoutRow	instance	setSection:	v12@0:4@8
0x0032d750	UIGridLayoutRow	instance	items	@8@0:4
0x0032d78c	UIGridLayoutRow	instance	setItems:	v12@0:4@8
0x0032d7e4	UIGridLayoutRow	instance	rowSize	{CGSize=ff}8@0:4
0x0032d82c	UIGridLayoutRow	instance	setRowSize:	v16@0:4{CGSize=ff}8
0x0032d880	UIGridLayoutRow	instance	rowFrame	{CGRect={CGPoint=ff}{CGSize=ff}}8@0:4
0x0032d8d8	UIGridLayoutRow	instance	setRowFrame:	v24@0:4{CGRect={CGPoint=ff}{CGSize=ff}}8
0x0032d94c	UIGridLayoutRow	instance	index	i8@0:4
0x0032d988	UIGridLayoutRow	instance	setIndex:	v12@0:4i8
0x0032d9cc	UIGridLayoutRow	instance	complete	c8@0:4
0x0032da08	UIGridLayoutRow	instance	setComplete:	v12@0:4c8
0x0032da4c	UIGridLayoutRow	instance	fixedItemSize	c8@0:4
0x0032da88	UIGridLayoutRow	instance	setFixedItemSize:	v12@0:4c8
0x0032dacc	UIGridLayoutRow	instance	setItemCount:	v12@0:4i8
0x0032db10	UIGridLayoutRow	instance	.cxx_destruct	v8@0:4
0x0032df98	UIGridLayoutSection	instance	init	@8@0:4
0x0032e130	UIGridLayoutSection	instance	description	@8@0:4
0x0032e324	UIGridLayoutSection	instance	invalidate	v8@0:4
0x0032e400	UIGridLayoutSection	instance	computeLayout	v8@0:4
0x0032ff7c	UIGridLayoutSection	instance	recomputeFromIndex:	v12@0:4i8
0x0032fff4	UIGridLayoutSection	instance	addItem	@8@0:4
0x003300bc	UIGridLayoutSection	instance	addRow	@8@0:4
0x00330184	UIGridLayoutSection	instance	snapshot	@8@0:4
0x00330e78	UIGridLayoutSection	instance	itemsCount	i8@0:4
0x00330fa8	UIGridLayoutSection	instance	items	@8@0:4
0x00330fe4	UIGridLayoutSection	instance	setItems:	v12@0:4@8
0x0033103c	UIGridLayoutSection	instance	rows	@8@0:4
0x00331078	UIGridLayoutSection	instance	setRows:	v12@0:4@8
0x003310d0	UIGridLayoutSection	instance	fixedItemSize	c8@0:4
0x0033110c	UIGridLayoutSection	instance	setFixedItemSize:	v12@0:4c8
0x00331150	UIGridLayoutSection	instance	itemSize	{CGSize=ff}8@0:4
0x00331198	UIGridLayoutSection	instance	setItemSize:	v16@0:4{CGSize=ff}8
0x003311ec	UIGridLayoutSection	instance	setItemsCount:	v12@0:4i8
0x00331230	UIGridLayoutSection	instance	verticalInterstice	f8@0:4
0x0033126c	UIGridLayoutSection	instance	setVerticalInterstice:	v12@0:4f8
0x003312b4	UIGridLayoutSection	instance	horizontalInterstice	f8@0:4
0x003312f0	UIGridLayoutSection	instance	setHorizontalInterstice:	v12@0:4f8
0x00331338	UIGridLayoutSection	instance	sectionMargins	{UIEdgeInsets=ffff}8@0:4
0x00331390	UIGridLayoutSection	instance	setSectionMargins:	v24@0:4{UIEdgeInsets=ffff}8
0x00331404	UIGridLayoutSection	instance	frame	{CGRect={CGPoint=ff}{CGSize=ff}}8@0:4
0x0033145c	UIGridLayoutSection	instance	setFrame:	v24@0:4{CGRect={CGPoint=ff}{CGSize=ff}}8
0x003314d0	UIGridLayoutSection	instance	headerFrame	{CGRect={CGPoint=ff}{CGSize=ff}}8@0:4
0x00331528	UIGridLayoutSection	instance	setHeaderFrame:	v24@0:4{CGRect={CGPoint=ff}{CGSize=ff}}8
0x0033159c	UIGridLayoutSection	instance	footerFrame	{CGRect={CGPoint=ff}{CGSize=ff}}8@0:4
0x003315f4	UIGridLayoutSection	instance	setFooterFrame:	v24@0:4{CGRect={CGPoint=ff}{CGSize=ff}}8
0x00331668	UIGridLayoutSection	instance	headerDimension	f8@0:4
0x003316a4	UIGridLayoutSection	instance	setHeaderDimension:	v12@0:4f8
0x003316ec	UIGridLayoutSection	instance	footerDimension	f8@0:4
0x00331728	UIGridLayoutSection	instance	setFooterDimension:	v12@0:4f8
0x00331770	UIGridLayoutSection	instance	layoutInfo	@8@0:4
0x003317ac	UIGridLayoutSection	instance	setLayoutInfo:	v12@0:4@8
0x003317f0	UIGridLayoutSection	instance	rowAlignmentOptions	@8@0:4
0x0033182c	UIGridLayoutSection	instance	setRowAlignmentOptions:	v12@0:4@8
0x00331884	UIGridLayoutSection	instance	otherMargin	f8@0:4
0x003318c0	UIGridLayoutSection	instance	setOtherMargin:	v12@0:4f8
0x00331908	UIGridLayoutSection	instance	beginMargin	f8@0:4
0x00331944	UIGridLayoutSection	instance	setBeginMargin:	v12@0:4f8
0x0033198c	UIGridLayoutSection	instance	endMargin	f8@0:4
0x003319c8	UIGridLayoutSection	instance	setEndMargin:	v12@0:4f8
0x00331a10	UIGridLayoutSection	instance	actualGap	f8@0:4
0x00331a4c	UIGridLayoutSection	instance	setActualGap:	v12@0:4f8
0x00331a94	UIGridLayoutSection	instance	lastRowBeginMargin	f8@0:4
0x00331ad0	UIGridLayoutSection	instance	setLastRowBeginMargin:	v12@0:4f8
0x00331b18	UIGridLayoutSection	instance	lastRowEndMargin	f8@0:4
0x00331b54	UIGridLayoutSection	instance	setLastRowEndMargin:	v12@0:4f8
0x00331b9c	UIGridLayoutSection	instance	lastRowActualGap	f8@0:4
0x00331bd8	UIGridLayoutSection	instance	setLastRowActualGap:	v12@0:4f8
0x00331c20	UIGridLayoutSection	instance	lastRowIncomplete	c8@0:4
0x00331c5c	UIGridLayoutSection	instance	setLastRowIncomplete:	v12@0:4c8
0x00331ca0	UIGridLayoutSection	instance	itemsByRowCount	i8@0:4
0x00331cdc	UIGridLayoutSection	instance	setItemsByRowCount:	v12@0:4i8
0x00331d20	UIGridLayoutSection	instance	indexOfIncompleteRow	i8@0:4
0x00331d5c	UIGridLayoutSection	instance	setIndexOfIncompleteRow:	v12@0:4i8
0x00331da0	UIGridLayoutSection	instance	.cxx_destruct	v8@0:4
0x00331e74	UIStoryboard	class	storyboardWithName:bundle:	@16@0:4@8@12
0x00332300	UIStoryboard	instance	initWithBundle:storyboardFileName:identifierToNibNameMap:designatedEntryPointIdentifier:	@24@0:4@8@12@16@20
0x00332828	UIStoryboard	instance	dealloc	v8@0:4
0x003329cc	UIStoryboard	instance	instantiateInitialViewController	@8@0:4
0x00332a84	UIStoryboard	instance	instantiateViewControllerWithIdentifier:	@12@0:4@8
0x00333060	UIStoryboard	instance	nibForViewControllerWithIdentifier:	@12@0:4@8
0x00333450	UIStoryboard	instance	nibForStoryboardNibNamed:	@12@0:4@8
0x00333754	UIStoryboard	instance	identifierForStringsFile	@8@0:4
0x00333824	UIStoryboard	instance	containsNibNamed:	c12@0:4@8
0x00333928	UIStoryboard	instance	name	@8@0:4
0x00333998	UIStoryboard	instance	identifierToUINibMap	@8@0:4
0x003339d4	UIStoryboard	instance	designatedEntryPointIdentifier	@8@0:4
0x00333a10	UIStoryboard	instance	identifierToNibNameMap	@8@0:4
0x00333a4c	UIStoryboard	instance	storyboardFileName	@8@0:4
0x00333a88	UIStoryboard	instance	bundle	@8@0:4
0x00333ca0	UIStoryboardSegue	class	segueWithIdentifier:source:destination:performHandler:	@24@0:4@8@12@16@?20
0x00333d74	UIStoryboardSegue	instance	initWithIdentifier:source:destination:performHandler:	@24@0:4@8@12@16@?20
0x00334184	UIStoryboardSegue	instance	dealloc	v8@0:4
0x003342f4	UIStoryboardSegue	instance	perform	v8@0:4
0x003344a8	UIStoryboardSegue	instance	identifier	@8@0:4
0x003344e4	UIStoryboardSegue	instance	sourceViewController	@8@0:4
0x00334520	UIStoryboardSegue	instance	destinationViewController	@8@0:4
0x0033455c	UIStoryboardSegue	instance	performHandler	@?8@0:4
0x00335f74	UIStoryboardPopoverSegue	instance	perform	v8@0:4
0x0033626c	UIStoryboardPopoverSegue	instance	dealloc	v8@0:4
0x003363dc	UIStoryboardPopoverSegue	instance	_anchorRect	{CGRect={CGPoint=ff}{CGSize=ff}}8@0:4
0x00336434	UIStoryboardPopoverSegue	instance	_setAnchorRect:	v24@0:4{CGRect={CGPoint=ff}{CGSize=ff}}8
0x003364a8	UIStoryboardPopoverSegue	instance	_anchorBarButtonItem	@8@0:4
0x003364e4	UIStoryboardPopoverSegue	instance	_setAnchorBarButtonItem:	v12@0:4@8
0x00336530	UIStoryboardPopoverSegue	instance	_anchorView	@8@0:4
0x0033656c	UIStoryboardPopoverSegue	instance	_setAnchorView:	v12@0:4@8
0x003365b8	UIStoryboardPopoverSegue	instance	_permittedArrowDirections	I8@0:4
0x003365f4	UIStoryboardPopoverSegue	instance	_setPermittedArrowDirections:	v12@0:4I8
0x00336638	UIStoryboardPopoverSegue	instance	_passthroughViews	@8@0:4
0x00336670	UIStoryboardPopoverSegue	instance	_setPassthroughViews:	v12@0:4@8
0x003366bc	UIStoryboardPopoverSegue	instance	popoverController	@8@0:4
0x0034af90	UIViewContext	instance	lockBitmapBufferWithWidth:height:	^v16@0:4i8i12
0x0034b164	UIViewContext	instance	unlockBitmapBuffer	v8@0:4
0x0034b258	UIViewContext	instance	initWithView:	@12@0:4@8
0x0034b33c	UIViewContext	class	pushForView:	@12@0:4@8
0x0034b9a8	UIViewContext	instance	pop	v8@0:4
0x0034baa4	UIViewContext	instance	dealloc	v8@0:4
0x0049134c	VerdePluginAlertDelegate	instance	initWithCallback:callbackArg:	@16@0:4^v8^v12
0x004913bc	VerdePluginAlertDelegate	instance	dismissed:	v12@0:4@8
0x00492f58	VerdeActivity	class	initializeJava	v8@0:4
0x00494a90	VerdeActivity	class	jActivity	^v8@0:4
0x00494b08	VerdeActivity	class	verdeActivity	@8@0:4
0x00495028	VerdeActivity	instance	copyWithZone:	@12@0:4^{_NSZone=}8
0x00495044	VerdeActivity	instance	retain	@8@0:4
0x0049505c	VerdeActivity	instance	retainCount	I8@0:4
0x00495078	VerdeActivity	instance	release	Vv8@0:4
0x0049508c	VerdeActivity	instance	autorelease	@8@0:4
0x004950a4	VerdeActivity	class	className	@8@0:4
0x004950d4	VerdeActivity	instance	setRequestedOrientation:	v12@0:4i8
0x004951a8	VerdeActivity	instance	hasSystemFeature:	c12@0:4@8
0x00495210	VerdeActivity	instance	delegate	@8@0:4
0x0049524c	VerdeActivity	instance	setDelegate:	v12@0:4@8
0x00495828	VerdeNotifications	class	initializeJava	v8@0:4
0x00495da8	VerdeNotifications	class	className	@8@0:4
0x00495e08	VerdeMainThread	class	initializeJava	v8@0:4
0x00495efc	VerdeMainThread	class	className	@8@0:4
0x00495f2c	VerdeMainThread	class	tick	v8@0:4
0x004960d0	AndroidReachability	class	load	v8@0:4
0x00496198	AndroidReachability	class	initializeJava	v8@0:4
0x00496530	AndroidReachability	class	className	@8@0:4
0x00496560	AndroidReachability	instance	init	@8@0:4
0x00496600	AndroidReachability	instance	stateChange:from:to:	v20@0:4i8i12i16
0x00496908	AndroidReachability	instance	didStart	v8@0:4
0x00496928	AndroidReachability	instance	stateChangeFinished	v8@0:4
0x00496a5c	AndroidUbiquitousKeyValueStoreProvider	class	load	v8@0:4
0x00496a98	AndroidUbiquitousKeyValueStoreProvider	class	sharedProvider	@8@0:4
0x00496ba8	AndroidUbiquitousKeyValueStoreProvider	instance	init	@8@0:4
0x00496d04	AndroidUbiquitousKeyValueStoreProvider	instance	dealloc	v8@0:4
0x00496e38	AndroidUbiquitousKeyValueStoreProvider	instance	editor	@8@0:4
0x00496f34	AndroidUbiquitousKeyValueStoreProvider	instance	count	I8@0:4
0x00496fc0	AndroidUbiquitousKeyValueStoreProvider	instance	objectForKey:	@12@0:4@8
0x00497060	AndroidUbiquitousKeyValueStoreProvider	instance	keyEnumerator	@8@0:4
0x004970ec	AndroidUbiquitousKeyValueStoreProvider	instance	setObject:forKey:	v16@0:4@8@12
0x00497174	AndroidUbiquitousKeyValueStoreProvider	instance	removeObjectForKey:	v12@0:4@8
0x004971f4	AndroidUbiquitousKeyValueStoreProvider	instance	synchronize	c8@0:4
0x0049730c	VerdeAccelerometer	class	initializeJava	v8@0:4
0x00497680	VerdeAccelerometer	class	className	@8@0:4
0x004976b0	VerdeAccelerometer	class	sharedAccelerometer	@8@0:4
0x0049781c	VerdeAccelerometer	instance	_onSensorChangedWithX:y:z:timestamp:	v28@0:4f8f12f16q20
0x00497ad0	GKLocalPlayer	instance	init	@8@0:4
0x00497c10	GKLocalPlayer	instance	dealloc	v8@0:4
0x00497cd4	GKLocalPlayer	class	localPlayer	@8@0:4
0x00497fec	GKLocalPlayer	instance	isAuthenticated	c8@0:4
0x00498070	GKLocalPlayer	instance	_becameActive	v8@0:4
0x004982a0	GKLocalPlayer	instance	authenticateWithCompletionHandler:	v12@0:4@?8
0x00498544	GKLocalPlayer	instance	setAuthenticateHandler:	v12@0:4@?8
0x00498790	GKLocalPlayer	instance	onUserUpdatedCallback:	v12@0:4@8
0x00498dec	GKLocalPlayer	instance	loadFriendsWithCompletionHandler:	v12@0:4@?8
0x00498eac	GKLocalPlayer	instance	connect	v8@0:4
0x00498f2c	GKLocalPlayer	instance	logout	v8@0:4
0x00499018	GKLocalPlayer	instance	OnDisconnected	v8@0:4
0x004990a0	GKLocalPlayer	instance	OnInvitationReceived:	v12@0:4@8
0x00499200	GKLocalPlayer	instance	friends	@8@0:4
0x0049923c	GKLocalPlayer	instance	isUnderage	c8@0:4
0x00499278	GKLocalPlayer	instance	logoutHandler	@?8@0:4
0x004992ac	GKLocalPlayer	instance	setLogoutHandler:	v12@0:4@?8
0x004992f8	GKLocalPlayer	instance	authenticateHandler	@?8@0:4
0x00499360	GKAchievement	instance	initWithIdentifier:	@12@0:4@8
0x00499488	GKAchievement	instance	initWithIdentifier:andPercentComplete:andCompleted:andHidden:	@28@0:4@8d12c20c24
0x004995f8	GKAchievement	instance	initWithCoder:	@12@0:4@8
0x00499920	GKAchievement	instance	dealloc	v8@0:4
0x00499a20	GKAchievement	instance	isCompleted	c8@0:4
0x00499aa4	GKAchievement	instance	setAchievementsCallbackBlock:	v12@0:4@?8
0x00499afc	GKAchievement	class	loadAchievementsWithCompletionHandler:	v12@0:4@?8
0x00499ce8	GKAchievement	class	resetAchievementsWithCompletionHandler:	v12@0:4@?8
0x00499ec4	GKAchievement	instance	resetAchievements	v8@0:4
0x00499ed8	GKAchievement	instance	onAchievementsLoaded:	v12@0:4@8
0x0049a4ac	GKAchievement	instance	reportAchievementWithCompletionHandler:	v12@0:4@?8
0x0049aa68	GKAchievement	class	reportAchievements:withCompletionHandler:	v16@0:4@8@?12
0x0049acf0	GKAchievement	instance	encodeWithCoder:	v12@0:4@8
0x0049af80	GKAchievement	instance	showsCompletionBanner	c8@0:4
0x0049afbc	GKAchievement	instance	setShowsCompletionBanner:	v12@0:4c8
0x0049b000	GKAchievement	instance	identifier	@8@0:4
0x0049b03c	GKAchievement	instance	setIdentifier:	v12@0:4@8
0x0049b088	GKAchievement	instance	percentComplete	d8@0:4
0x0049b0c4	GKAchievement	instance	setPercentComplete:	v16@0:4d8
0x0049b10c	GKAchievement	instance	isHidden	c8@0:4
0x0049b148	GKAchievement	instance	lastReportedDate	@8@0:4
0x0049b1b4	GKAchievementDescription	instance	dealloc	v8@0:4
0x0049b358	GKAchievementDescription	instance	setAchievementDescriptionsCallbackBlock:	v12@0:4@?8
0x0049b3b0	GKAchievementDescription	class	loadAchievementDescriptionsWithCompletionHandler:	v12@0:4@?8
0x0049b59c	GKAchievementDescription	instance	onAchievementDescriptionsLoaded:	v12@0:4@8
0x0049bc78	GKAchievementDescription	class	incompleteAchievementImage	@8@0:4
0x0049bc94	GKAchievementDescription	class	placeholderCompletedAchievementImage	@8@0:4
0x0049bcb0	GKAchievementDescription	instance	loadImageWithCompletionHandler:	v12@0:4@?8
0x0049bcc8	GKAchievementDescription	instance	identifier	@8@0:4
0x0049bd04	GKAchievementDescription	instance	setIdentifier:	v12@0:4@8
0x0049bd50	GKAchievementDescription	instance	title	@8@0:4
0x0049bd8c	GKAchievementDescription	instance	setTitle:	v12@0:4@8
0x0049bdd8	GKAchievementDescription	instance	achievedDescription	@8@0:4
0x0049be14	GKAchievementDescription	instance	setAchievedDescription:	v12@0:4@8
0x0049be60	GKAchievementDescription	instance	unachievedDescription	@8@0:4
0x0049be9c	GKAchievementDescription	instance	setUnachievedDescription:	v12@0:4@8
0x0049bee8	GKAchievementDescription	instance	maximumPoints	i8@0:4
0x0049bf24	GKAchievementDescription	instance	setMaximumPoints:	v12@0:4i8
0x0049bf68	GKAchievementDescription	instance	isHidden	c8@0:4
0x0049bfa4	GKAchievementDescription	instance	setHidden:	v12@0:4c8
0x0049bfe8	GKAchievementDescription	instance	image	@8@0:4
0x0049c024	GKAchievementDescription	instance	setImage:	v12@0:4@8
0x0049c0a0	GKPlayer	instance	dealloc	v8@0:4
0x0049c1a0	GKPlayer	instance	_setPlayerID:	v12@0:4@8
0x0049c214	GKPlayer	instance	_setAlias:	v12@0:4@8
0x0049c288	GKPlayer	class	loadPlayersForIdentifiers:withCompletionHandler:	v16@0:4@8@?12
0x0049c618	GKPlayer	instance	playerID	@8@0:4
0x0049c654	GKPlayer	instance	alias	@8@0:4
0x0049c68c	GKPlayer	instance	isFriend	c8@0:4
0x0049c6c8	GKPlayer	instance	displayName	@8@0:4
0x0049c734	GKAchievementViewController	instance	show	v8@0:4
0x0049caa4	GKAchievementViewController	instance	achievementDelegate	@8@0:4
0x0049cae0	GKAchievementViewController	instance	setAchievementDelegate:	v12@0:4@8
0x0049cb54	GKGameCenterViewController	instance	show	v8@0:4
0x0049d3a4	GKGameCenterViewController	instance	viewWillAppear:	v12@0:4c8
0x0049d4ec	GKGameCenterViewController	instance	viewDidAppear:	v12@0:4c8
0x0049d5b0	GKGameCenterViewController	instance	gameCenterDelegate	@8@0:4
0x0049d5ec	GKGameCenterViewController	instance	setGameCenterDelegate:	v12@0:4@8
0x0049d630	GKGameCenterViewController	instance	viewState	i8@0:4
0x0049d66c	GKGameCenterViewController	instance	setViewState:	v12@0:4i8
0x0049d6b0	GKGameCenterViewController	instance	leaderboardCategory	@8@0:4
0x0049d6ec	GKGameCenterViewController	instance	setLeaderboardCategory:	v12@0:4@8
0x0049d738	GKGameCenterViewController	instance	leaderboardTimeScope	i8@0:4
0x0049d774	GKGameCenterViewController	instance	setLeaderboardTimeScope:	v12@0:4i8
0x0049d7e8	GKScore	instance	initWithCategory:	@12@0:4@8
0x0049d8cc	GKScore	instance	initWithPlayerID:value:formattedValue:rank:date:	@32@0:4@8q12@20i24@28
0x0049dac0	GKScore	instance	initWithCoder:	@12@0:4@8
0x0049dd80	GKScore	instance	encodeWithCoder:	v12@0:4@8
0x0049dfc0	GKScore	instance	dealloc	v8@0:4
0x0049e1a4	GKScore	instance	setCategory:	v12@0:4@8
0x0049e250	GKScore	class	reportScores:withCompletionHandler:	v16@0:4@8@?12
0x0049e500	GKScore	instance	reportScoreWithCompletionHandler:	v12@0:4@?8
0x0049e5c0	GKScore	instance	value	q8@0:4
0x0049e604	GKScore	instance	setValue:	v16@0:4q8
0x0049e644	GKScore	instance	formattedValue	@8@0:4
0x0049e680	GKScore	instance	category	@8@0:4
0x0049e6bc	GKScore	instance	context	Q8@0:4
0x0049e700	GKScore	instance	setContext:	v16@0:4Q8
0x0049e740	GKScore	instance	date	@8@0:4
0x0049e77c	GKScore	instance	playerID	@8@0:4
0x0049e7b8	GKScore	instance	rank	i8@0:4
0x0049e7f4	GKScore	instance	shouldSetDefaultLeaderboard	c8@0:4
0x0049e830	GKScore	instance	setShouldSetDefaultLeaderboard:	v12@0:4c8
0x0049e8a4	GKLeaderboard	instance	init	@8@0:4
0x0049ea44	GKLeaderboard	instance	initWithPlayerIDs:	@12@0:4@8
0x0049eddc	GKLeaderboard	instance	dealloc	v8@0:4
0x0049f0c8	GKLeaderboard	class	loadCategoriesWithCompletionHandler:	v12@0:4@?8
0x0049f2b4	GKLeaderboard	instance	_onLeaderboardsLoaded:	v12@0:4@8
0x0049f858	GKLeaderboard	instance	_setLeaderboardsCallbackBlock:	v12@0:4@?8
0x0049f924	GKLeaderboard	class	setDefaultLeaderboard:withCompletionHandler:	v16@0:4@8@?12
0x0049fb5c	GKLeaderboard	instance	setCategory:	v12@0:4@8
0x0049fc08	GKLeaderboard	instance	loadScoresWithCompletionHandler:	v12@0:4@?8
0x004a00b8	GKLeaderboard	instance	_onScoresLoaded:	v12@0:4@8
0x004a0ac4	GKLeaderboard	instance	_setParentBoard:	v12@0:4@8
0x004a0b38	GKLeaderboard	instance	_setScoresCallbackBlock:	v12@0:4@?8
0x004a0c04	GKLeaderboard	instance	timeScope	i8@0:4
0x004a0c40	GKLeaderboard	instance	setTimeScope:	v12@0:4i8
0x004a0c84	GKLeaderboard	instance	playerScope	i8@0:4
0x004a0cc0	GKLeaderboard	instance	setPlayerScope:	v12@0:4i8
0x004a0d04	GKLeaderboard	instance	category	@8@0:4
0x004a0d40	GKLeaderboard	instance	title	@8@0:4
0x004a0d7c	GKLeaderboard	instance	range	{_NSRange=II}8@0:4
0x004a0dc4	GKLeaderboard	instance	setRange:	v16@0:4{_NSRange=II}8
0x004a0e18	GKLeaderboard	instance	scores	@8@0:4
0x004a0e54	GKLeaderboard	instance	maxRange	I8@0:4
0x004a0e90	GKLeaderboard	instance	localPlayerScore	@8@0:4
0x004a0ecc	GKLeaderboard	instance	setLocalPlayerScore:	v12@0:4@8
0x004a0f18	GKLeaderboard	instance	isLoading	c8@0:4
0x004a0f84	GKLeaderboardViewController	instance	show	v8@0:4
0x004a13fc	GKLeaderboardViewController	instance	leaderboardDelegate	@8@0:4
0x004a1438	GKLeaderboardViewController	instance	setLeaderboardDelegate:	v12@0:4@8
0x004a147c	GKLeaderboardViewController	instance	category	@8@0:4
0x004a14b8	GKLeaderboardViewController	instance	setCategory:	v12@0:4@8
0x004a1504	GKLeaderboardViewController	instance	timeScope	i8@0:4
0x004a1540	GKLeaderboardViewController	instance	setTimeScope:	v12@0:4i8
0x004a15b4	GKFriendRequestComposeViewController	instance	view	@8@0:4
0x004a15d0	GKFriendRequestComposeViewController	instance	composeViewDelegate	@8@0:4
0x004a160c	GKFriendRequestComposeViewController	instance	setComposeViewDelegate:	v12@0:4@8
0x004a1680	GKVoiceChat	instance	playerStateUpdateHandler	@?8@0:4
0x004a16b4	GKVoiceChat	instance	setPlayerStateUpdateHandler:	v12@0:4@?8
0x004a1700	GKVoiceChat	instance	name	@8@0:4
0x004a173c	GKVoiceChat	instance	isActive	c8@0:4
0x004a1778	GKVoiceChat	instance	setActive:	v12@0:4c8
0x004a17bc	GKVoiceChat	instance	volume	f8@0:4
0x004a17f8	GKVoiceChat	instance	setVolume:	v12@0:4f8
0x004a1840	GKVoiceChat	instance	playerIDs	@8@0:4
0x004a18ac	GKSession	instance	delegate	@8@0:4
0x004a18ec	GKSession	instance	setDelegate:	v12@0:4@8
0x004a192c	GKSession	instance	sessionID	@8@0:4
0x004a196c	GKSession	instance	displayName	@8@0:4
0x004a19ac	GKSession	instance	sessionMode	i8@0:4
0x004a19e4	GKSession	instance	peerID	@8@0:4
0x004a1a24	GKSession	instance	isAvailable	c8@0:4
0x004a1a60	GKSession	instance	setAvailable:	v12@0:4c8
0x004a1aa0	GKSession	instance	disconnectTimeout	d8@0:4
0x004a1b00	GKSession	instance	setDisconnectTimeout:	v16@0:4d8
0x004a1b9c	GKMatch	instance	init	@8@0:4
0x004a1c2c	GKMatch	instance	initWithPlayerIds:inRoom:	@16@0:4@8@12
0x004a1ec8	GKMatch	instance	dealloc	v8@0:4
0x004a20e4	GKMatch	instance	_setRoomId:	v12@0:4@8
0x004a2128	GKMatch	instance	_roomID	@8@0:4
0x004a2164	GKMatch	instance	_room	@8@0:4
0x004a21a0	GKMatch	instance	sendData:toPlayers:withDataMode:error:	c24@0:4@8@12i16^@20
0x004a2504	GKMatch	instance	sendDataToAllPlayers:withDataMode:error:	c20@0:4@8i12^@16
0x004a25a0	GKMatch	instance	disconnect	v8@0:4
0x004a2628	GKMatch	instance	OnRealTimeMessageReceived:fromSender:	v16@0:4@8@12
0x004a2960	GKMatch	instance	playerIDs	@8@0:4
0x004a299c	GKMatch	instance	delegate	@8@0:4
0x004a29d8	GKMatch	instance	setDelegate:	v12@0:4@8
0x004a2a1c	GKMatch	instance	expectedPlayerCount	I8@0:4
0x004a2a58	GKMatchRequest	instance	minPlayers	I8@0:4
0x004a2a94	GKMatchRequest	instance	setMinPlayers:	v12@0:4I8
0x004a2ad8	GKMatchRequest	instance	maxPlayers	I8@0:4
0x004a2b14	GKMatchRequest	instance	setMaxPlayers:	v12@0:4I8
0x004a2b58	GKMatchRequest	instance	playerGroup	I8@0:4
0x004a2b94	GKMatchRequest	instance	setPlayerGroup:	v12@0:4I8
0x004a2bd8	GKMatchRequest	instance	playerAttributes	I8@0:4
0x004a2c14	GKMatchRequest	instance	setPlayerAttributes:	v12@0:4I8
0x004a2c58	GKMatchRequest	instance	playersToInvite	@8@0:4
0x004a2c94	GKMatchRequest	instance	setPlayersToInvite:	v12@0:4@8
0x004a2ce0	GKMatchRequest	instance	defaultNumberOfPlayers	I8@0:4
0x004a2d1c	GKMatchRequest	instance	setDefaultNumberOfPlayers:	v12@0:4I8
0x004a2d60	GKMatchRequest	instance	inviteMessage	@8@0:4
0x004a2d94	GKMatchRequest	instance	setInviteMessage:	v12@0:4@8
0x004a2de0	GKMatchRequest	instance	inviteeResponseHandler	@?8@0:4
0x004a2e14	GKMatchRequest	instance	setInviteeResponseHandler:	v12@0:4@?8
0x004a2e60	GKInvite	instance	init	@8@0:4
0x004a2fa4	GKInvite	instance	setFromNotification:	v12@0:4c8
0x004a2fe8	GKInvite	instance	fromNotification	c8@0:4
0x004a3024	GKInvite	instance	setPlusGamesRoom:	v12@0:4@8
0x004a3068	GKInvite	instance	plusGamesRoom	@8@0:4
0x004a30a4	GKInvite	instance	setPlusGamesInvitation:	v12@0:4@8
0x004a3118	GKInvite	instance	plusGamesInvitation	@8@0:4
0x004a3154	GKInvite	instance	_setInviter:	v12@0:4@8
0x004a31c8	GKInvite	instance	dealloc	v8@0:4
0x004a32c8	GKInvite	instance	inviter	@8@0:4
0x004a3304	GKInvite	instance	isHosted	c8@0:4
0x004a3340	GKInvite	instance	playerAttributes	I8@0:4
0x004a337c	GKInvite	instance	playerGroup	I8@0:4
0x004a33b8	GKMatchmaker	instance	init	@8@0:4
0x004a3554	GKMatchmaker	instance	dealloc	v8@0:4
0x004a35c0	GKMatchmaker	class	sharedMatchmaker	@8@0:4
0x004a36d0	GKMatchmaker	instance	_currentMatch	@8@0:4
0x004a370c	GKMatchmaker	instance	findMatchForRequest:withCompletionHandler:	v16@0:4@8@?12
0x004a3918	GKMatchmaker	instance	SelectPlayersFailed:	v12@0:4i8
0x004a3a88	GKMatchmaker	instance	matchForInvite:completionHandler:	v16@0:4@8@?12
0x004a3bd4	GKMatchmaker	instance	onRoomConnected:withStatus:	v16@0:4@8i12
0x004a47c8	GKMatchmaker	instance	onPeerLeft:inRoom:	v16@0:4@8@12
0x004a4ad8	GKMatchmaker	instance	onPeersDisconnected:inRoom:	v16@0:4@8@12
0x004a4de8	GKMatchmaker	instance	onPeersConnected:inRoom:	v16@0:4@8@12
0x004a5100	GKMatchmaker	instance	onPeerJoined:inRoom:	v16@0:4@8@12
0x004a5418	GKMatchmaker	instance	cancel	v8@0:4
0x004a5794	GKMatchmaker	instance	_matchDisconnect:	v12@0:4@8
0x004a59b0	GKMatchmaker	instance	onDisconnectedFromRoom:	v12@0:4@8
0x004a5d48	GKMatchmaker	instance	onLeftRoom:withStatus:	v16@0:4@8i12
0x004a5fa4	GKMatchmaker	instance	OnInvitationReceived:	v12@0:4@8
0x004a6130	GKMatchmaker	instance	OnInvitationAccepted:	v12@0:4@8
0x004a63e0	GKMatchmaker	instance	WaitingRoomFailed:	v12@0:4i8
0x004a6520	GKMatchmaker	instance	inviteHandler	@?8@0:4
0x004a6554	GKMatchmaker	instance	setInviteHandler:	v12@0:4@?8
0x004a65a0	GKMatchmakerViewControllerPlaceholderView	instance	initWithMatchmakerViewController:	@12@0:4@8
0x004a6658	GKMatchmakerViewControllerPlaceholderView	instance	willMoveToSuperview:	v12@0:4@8
0x004a6670	GKMatchmakerViewController	instance	init	@8@0:4
0x004a6858	GKMatchmakerViewController	instance	initWithMatchRequest:	@12@0:4@8
0x004a6918	GKMatchmakerViewController	instance	initWithInvite:	@12@0:4@8
0x004a69d8	GKMatchmakerViewController	instance	navigationController:willShowViewController:animated:	v20@0:4@8@12c16
0x004a69fc	GKMatchmakerViewController	instance	viewDidAppear:	v12@0:4c8
0x004a6a14	GKMatchmakerViewController	instance	viewWillAppear:	v12@0:4c8
0x004a6a64	GKMatchmakerViewController	instance	viewWillDisappear:	v12@0:4c8
0x004a6a7c	GKMatchmakerViewController	instance	SelectPlayersFailed:	v12@0:4i8
0x004a6b0c	GKMatchmakerViewController	instance	WaitingRoomFailed:	v12@0:4i8
0x004a6c0c	GKMatchmakerViewController	instance	_findMatch	v8@0:4
0x004a70c8	GKMatchmakerViewController	instance	matchmakerDelegate	@8@0:4
0x004a7104	GKMatchmakerViewController	instance	setMatchmakerDelegate:	v12@0:4@8
0x004a7148	GKMatchmakerViewController	instance	matchRequest	@8@0:4
0x004a7184	GKMatchmakerViewController	instance	isHosted	c8@0:4
0x004a71c0	GKMatchmakerViewController	instance	setHosted:	v12@0:4c8
0x004a7204	GKMatchmakerViewController	instance	defaultInvitationMessage	@8@0:4
0x004a7238	GKMatchmakerViewController	instance	setDefaultInvitationMessage:	v12@0:4@8
0x004a7d88	HeyzapAdsDelegateShim	class	className	@8@0:4
0x004a7db8	HeyzapAdsDelegateShim	class	initializeJava	v8@0:4
0x004a7e8c	HeyzapAdsBridge	class	className	@8@0:4
0x004a7ebc	HeyzapAdsBridge	class	initializeJava	v8@0:4
0x004a8254	HeyzapAds	class	setThirdPartyVerboseLogging:	v12@0:4B8
0x004a82c8	HeyzapAds	class	setGdprConsent:	v12@0:4B8
0x004a838c	HeyzapAds	class	startWithPublisherID:	v12@0:4@8
0x004a84b4	HeyzapAds	class	presentMediationDebugViewController	v8@0:4
0x004a8a88	HeyzapAdsBannerBridge	class	className	@8@0:4
0x004a8ab8	HeyzapAdsBannerBridge	class	initializeJava	v8@0:4
0x004a8c64	HeyzapAdsSafeShowShimBridge	class	className	@8@0:4
0x004a8c94	HeyzapAdsSafeShowShimBridge	class	initializeJava	v8@0:4
0x004a8d98	HZAdBase	instance	init	@8@0:4
0x004a9218	HZAdBase	instance	willStartAudio:	v12@0:4@8
0x004a9308	HZAdBase	instance	didFinishAudio:	v12@0:4@8
0x004a93f8	HZAdBase	instance	didCompleteAd:	v12@0:4@8
0x004a955c	HZAdBase	instance	didFailToShowAd:	v12@0:4@8
0x004a9748	HZAdBase	instance	didFailToCompleteAd:	v12@0:4@8
0x004a98ac	HZAdBase	instance	didShowAd:	v12@0:4@8
0x004a9a30	HZAdBase	instance	didHideAd:	v12@0:4@8
0x004a9b90	HZAdBase	class	instance	@8@0:4
0x004a9bac	HZAdBase	class	setDelegate:	v12@0:4@8
0x004a9c28	HZAdBase	instance	delegate	@8@0:4
0x004a9c5c	HZAdBase	instance	setDelegate:	v12@0:4@8
0x004a9cd8	HZIncentivizedAdBridge	class	className	@8@0:4
0x004a9d08	HZIncentivizedAdBridge	class	initializeJava	v8@0:4
0x004aa178	HZIncentivizedAd	class	instance	@8@0:4
0x004aa32c	HZIncentivizedAd	class	show	v8@0:4
0x004aa3f8	HZIncentivizedAd	class	showForTag:	v12@0:4@8
0x004aa4b0	HZIncentivizedAd	class	fetch	v8@0:4
0x004aa508	HZIncentivizedAd	class	fetchForTag:	v12@0:4@8
0x004aa56c	HZIncentivizedAd	class	isAvailable	c8@0:4
0x004aa5f0	HZIncentivizedAd	class	isAvailableForTag:	c12@0:4@8
0x004aa67c	HZIncentivizedAd	class	setDelegate:	v12@0:4@8
0x004aa734	HZInterstitialAdBridge	class	className	@8@0:4
0x004aa764	HZInterstitialAdBridge	class	initializeJava	v8@0:4
0x004aabd4	HZInterstitialAd	class	instance	@8@0:4
0x004aad88	HZInterstitialAd	class	fetch	v8@0:4
0x004aade4	HZInterstitialAd	class	fetchForTag:	v12@0:4@8
0x004aae48	HZInterstitialAd	class	show	v8@0:4
0x004aaec8	HZInterstitialAd	class	showForTag:	v12@0:4@8
0x004aaf4c	HZInterstitialAd	class	isAvailable	c8@0:4
0x004aafd0	HZInterstitialAd	class	isAvailableForTag:	c12@0:4@8
0x004ab08c	HZVideoAdBridge	class	className	@8@0:4
0x004ab0bc	HZVideoAdBridge	class	initializeJava	v8@0:4
0x004ab52c	HZVideoAd	class	instance	@8@0:4
0x004ab6e0	HZVideoAd	class	show	v8@0:4
0x004ab7ac	HZVideoAd	class	showForTag:	v12@0:4@8
0x004ab864	HZVideoAd	class	fetch	v8@0:4
0x004ab8bc	HZVideoAd	class	fetchForTag:	v12@0:4@8
0x004ab920	HZVideoAd	class	isAvailable	c8@0:4
0x004ab9a4	HZVideoAd	class	isAvailableForTag:	c12@0:4@8
0x004aba60	HZBannerAd	class	placeBannerInView:position:options:success:failure:	v28@0:4@8I12@16@?20@?24
0x004abb7c	HZBannerAd	class	requestBannerWithOptions:success:failure:	v20@0:4@8@?12@?16
0x004abba0	HZBannerAd	instance	dimensionsDescription	@8@0:4
0x004abbd0	HZBannerAd	instance	setHidden:	v12@0:4c8
0x004abc90	HZBannerAd	instance	delegate	@8@0:4
0x004abccc	HZBannerAd	instance	setDelegate:	v12@0:4@8
0x004abd10	HZBannerAd	instance	options	@8@0:4
0x004abd44	HZBannerAd	instance	mediatedNetwork	@8@0:4
0x004abdb0	HZBannerAdOptions	instance	facebookBannerSize	I8@0:4
0x004abdec	HZBannerAdOptions	instance	setFacebookBannerSize:	v12@0:4I8
0x004abe30	HZBannerAdOptions	instance	admobBannerSize	I8@0:4
0x004abe6c	HZBannerAdOptions	instance	setAdmobBannerSize:	v12@0:4I8
0x004abeb0	HZBannerAdOptions	instance	heyzapExchangeBannerSize	{CGSize=ff}8@0:4
0x004abef8	HZBannerAdOptions	instance	setHeyzapExchangeBannerSize:	v16@0:4{CGSize=ff}8
0x004abf4c	HZBannerAdOptions	instance	inMobiBannerSize	{CGSize=ff}8@0:4
0x004abf94	HZBannerAdOptions	instance	setInMobiBannerSize:	v16@0:4{CGSize=ff}8
0x004abfe8	HZBannerAdOptions	instance	presentingViewController	@8@0:4
0x004ac024	HZBannerAdOptions	instance	setPresentingViewController:	v12@0:4@8
0x004ac068	HZBannerAdOptions	instance	tag	@8@0:4
0x004ac0a4	HZBannerAdOptions	instance	setTag:	v12@0:4@8
0x004ac0f0	HZBannerAdOptions	instance	fetchTimeout	d8@0:4
0x004ac12c	HZBannerAdOptions	instance	setFetchTimeout:	v16@0:4d8
0x004ac174	JavaCreativeType	class	className	@8@0:4
0x004ac1a4	JavaCreativeType	class	initializeJava	v8@0:4
0x004ac59c	NNCreative	class	className	@8@0:4
0x004ac5cc	NNCreative	class	initializeJava	v8@0:4
0x004acb18	NNCreative	instance	type	I8@0:4
0x004acd50	NNNativeCreative	instance	initWithDictionary:	@12@0:4@8
0x004ad128	NNNativeCreative	instance	viewed:	v12@0:4c8
0x004ad25c	NNNativeCreative	instance	identifier	i8@0:4
0x004ad294	NNNativeCreative	instance	type	I8@0:4
0x004ad2cc	NNNativeCreative	instance	branded	c8@0:4
0x004ad308	NNNativeCreative	instance	persistent	c8@0:4
0x004ad344	NNNativeCreative	instance	positiveAction	@8@0:4
0x004ad384	NNNativeCreative	instance	positiveText	@8@0:4
0x004ad3c4	NNNativeCreative	instance	negativeText	@8@0:4
0x004ad404	NNNativeCreative	instance	order	I8@0:4
0x004ad43c	NNNativeCreative	instance	contents	@8@0:4
0x004ad47c	NoodleNewsClientJavaDelegate	class	className	@8@0:4
0x004ad4ac	NoodleNewsClientBridge	class	initializeJava	v8@0:4
0x004ae26c	NoodleNewsClientBridge	class	availableCampaignCount	i8@0:4
0x004ae2dc	NoodleNewsClientBridge	class	className	@8@0:4
0x004ae30c	NoodleNewsClientDebug	class	initializeJava	v8@0:4
0x004ae3ec	NoodleNewsClientDebug	class	className	@8@0:4
0x004ae41c	NNSupportResponse	instance	init	@8@0:4
0x004ae580	NNSupportResponse	instance	initWithId:skus:	@16@0:4i8@12
0x004ae738	NNSupportResponse	instance	supportId	i8@0:4
0x004ae770	NNSupportResponse	instance	setSupportId:	v12@0:4i8
0x004ae7b0	NNSupportResponse	instance	message	@8@0:4
0x004ae7e4	NNSupportResponse	instance	setMessage:	v12@0:4@8
0x004ae830	NNSupportResponse	instance	identifiers	@8@0:4
0x004ae864	NNSupportResponse	instance	setIdentifiers:	v12@0:4@8
0x004ae8b0	NoodleNewsClientInstance	class	instance	@8@0:4
0x004ae9c0	NoodleNewsClientInstance	instance	init	@8@0:4
0x004aedc4	NoodleNewsClientInstance	instance	startSession:gdpr:	v16@0:4@8c12
0x004aef00	NoodleNewsClientInstance	instance	setDebugLoggingEnabled:	v12@0:4c8
0x004aef64	NoodleNewsClientInstance	instance	getNativeCreative	@8@0:4
0x004aefb8	NoodleNewsClientInstance	instance	getNativeCreativeExplicit:	@12@0:4c8
0x004af190	NoodleNewsClientInstance	instance	getAllSupportResponseIDs	@8@0:4
0x004af4e0	NoodleNewsClientInstance	instance	getSupportResponses	@8@0:4
0x004af824	NoodleNewsClientInstance	instance	acknowledgeSupportResponse:	v12@0:4@8
0x004af8c8	NoodleNewsClientInstance	instance	willShowCreative:	v12@0:4@8
0x004afae8	NoodleNewsClientInstance	instance	didDismissCreative:	v12@0:4@8
0x004afd08	NoodleNewsClientInstance	instance	onNewIntent:	v12@0:4@8
0x004afde8	NoodleNewsClientInstance	instance	delegate	@8@0:4
0x004afe1c	NoodleNewsClientInstance	instance	setDelegate:	v12@0:4@8
0x004afe68	NoodleNewsClient	class	startSession:platform:gdpr:	v20@0:4@8@12c16
0x004aff10	NoodleNewsClient	class	setDelegate:	v12@0:4@8
0x004aff98	NoodleNewsClient	class	setDebugLoggingEnabled:	v12@0:4c8
0x004b0030	NoodleNewsClient	class	changeViewController:	v12@0:4@8
0x004b0048	NoodleNewsClient	class	availableCampaignCount	i8@0:4
0x004b00a0	NoodleNewsClient	class	hasPendingCreative	c8@0:4
0x004b00fc	NoodleNewsClient	class	hasPendingCreativeExplicit:	c12@0:4c8
0x004b0170	NoodleNewsClient	class	hasPendingCreative:	c12@0:4I8
0x004b01d0	NoodleNewsClient	class	hasPendingCreative:explicitRequest:	c16@0:4I8c12
0x004b03b8	NoodleNewsClient	class	showCreative	v8@0:4
0x004b0410	NoodleNewsClient	class	showCreativeExplicit:	v12@0:4c8
0x004b0480	NoodleNewsClient	class	getNativeCreative	@8@0:4
0x004b0500	NoodleNewsClient	class	getNativeCreativeExplicit:	@12@0:4c8
0x004b0598	NoodleNewsClient	class	showMoreGames	v8@0:4
0x004b0764	NoodleNewsClient	class	getSupportIdentifier	@8@0:4
0x004b07bc	NoodleNewsClient	class	getSupportResponses	@8@0:4
0x004b083c	NoodleNewsClient	class	acknowledgeSupportResponse:	v12@0:4@8
0x004b08c4	NoodleNewsClient	class	debug	@8@0:4
0x004b0940	NoodleNewsClient	instance	setDelegate:	v12@0:4@8
0x004b09c8	NoodleNewsClient	instance	delegate	@8@0:4
0x004b0a48	NoodleNewsClient	instance	resetCreativeViews	v8@0:4
0x004b0aa0	NoodleNewsClient	class	setNotificationToken:	v12@0:4@8
0x004b0b1c	NoodleNewsClient	class	notificationToken	@8@0:4
0x004b0ba0	NoodleNewsClient	class	launchedWithNotification:	c12@0:4@8
0x004b0c2c	NoodleNewsClient	class	clearApplicationIconBadge	v8@0:4
0x004b0ca4	NoodleNewsClient	class	hasPushCampaign	c8@0:4
0x004b0d2c	NoodleNewsClient	class	showPushCampaign	c8@0:4
0x004b1534	NoodleWebView	class	initializeJava	v8@0:4
0x004b16fc	NoodleWebView	class	className	@8@0:4
0x004b175c	NoodleBackHandler	class	sharedHandler	@8@0:4
0x004b1910	NoodleBackHandler	instance	init	@8@0:4
0x004b1c54	NoodleBackHandler	instance	backPressed	c8@0:4
0x004b1e08	NoodleBackHandler	instance	setHandler:forState:	v16@0:4@?8I12
0x004b1ec4	NoodleBackHandler	instance	setHandler:forStateNumber:	v16@0:4@?8@12
0x004b1fcc	NoodleBackHandler	instance	setState:	v12@0:4I8
0x004b2074	NoodleBackHandler	instance	setStateNumber:	v12@0:4@8
0x004b2290	NoodleBackHandler	instance	enterExitingMode	v8@0:4
0x004b23ac	NoodleBackHandler	instance	toastConfirmExitFromState:	v12@0:4@8
0x004b2560	NoodleBackHandler	instance	exitMessage	@8@0:4
0x004b2594	NoodleBackHandler	instance	setExitMessage:	v12@0:4@8
0x004b25e0	NoodleBackHandler	instance	handlers	@8@0:4
0x004b261c	NoodleBackHandler	instance	setHandlers:	v12@0:4@8
0x004b2668	NoodleBackHandler	instance	currentState	@8@0:4
0x004b26a4	NoodleBackHandler	instance	setCurrentState:	v12@0:4@8
0x004b2718	NoodleGPSignInManager	class	sharedManager	@8@0:4
0x004b2854	NoodleGPSignInManager	instance	listenForSignInChanges	v8@0:4
0x004b29a4	NoodleGPSignInManager	instance	setSignInCallback:	v12@0:4@?8
0x004b29fc	NoodleGPSignInManager	instance	signedIn	c8@0:4
0x004b2a64	NoodleGPSignInManager	instance	signOut	v8@0:4
0x004b2af8	NoodleGPSignInManager	instance	shouldSignIn	c8@0:4
0x004b2c48	NoodleGPSignInManager	instance	setShouldSignIn:	v12@0:4c8
0x004b2d50	NoodleGPSignInManager	instance	onUserUpdatedCallback:	v12@0:4@8
0x004b30ac	NoodlePermissionGranter	class	className	@8@0:4
0x004b30d8	NoodlePermissionGranter	class	initializeJava	v8@0:4
0x004b3678	NoodlePermissionGranter	instance	init	@8@0:4
0x004b380c	NoodlePermissionGranter	class	instance	@8@0:4
0x004b39a8	NoodlePermissionGranter	instance	permissionRequestResult:	v12@0:4@8
0x004b3ca8	NoodlePermissionGranter	instance	setPrivateDelegate:	v12@0:4@8
0x004b3d1c	NoodlePermissionGranter	instance	privateDelegate	@8@0:4
0x004b3d50	NoodlePermissionGranter	class	requestPermission:	v12@0:4i8
0x004b3e40	NoodlePermissionGranter	class	requestPermission:withRationaleMessage:	v16@0:4i8@12
0x004b3f44	NoodlePermissionGranter	class	isPermissionGranted:	c12@0:4i8
0x004b4024	NoodlePermissionGranter	class	setDelegate:	v12@0:4@8
0x004b40ec	NoodlePermissionGranter	instance	.cxx_destruct	v8@0:4
0x004b4a20	Torch	instance	initSubDerivedItems	v8@0:4
0x004b4e98	Torch	instance	getLightRGB	{Vector=[4f]}8@0:4
0x004b5300	Torch	instance	initWithWorld:dynamicWorld:atPosition:cache:type:dataA:dataB:saveDict:placedByClient:	@48@0:4@8@12{?=ii}16@24i28S32S36@40@44
0x004b5c1c	Torch	instance	objectType	i8@0:4
0x004b5c38	Torch	instance	freeblockCreationItemType	i8@0:4
0x004b5c74	Torch	instance	freeBlockCreationSaveDict	@8@0:4
0x004b5cc0	Torch	instance	freeBlockCreationDataA	S8@0:4
0x004b5cfc	Torch	instance	freeBlockCreationDataB	S8@0:4
0x004b5d38	Torch	instance	initWithWorld:dynamicWorld:saveDict:cache:	@24@0:4@8@12@16@20
0x004b6230	Torch	instance	initWithWorld:dynamicWorld:cache:netData:	@24@0:4@8@12@16@20
0x004b65b8	Torch	instance	getSaveDict	@8@0:4
0x004b69e0	Torch	instance	updateNetDataForClient:	@12@0:4@8
0x004b6a34	Torch	instance	creationNetDataForClient:	@12@0:4@8
0x004b6ed0	Torch	instance	dealloc	v8@0:4
0x004b6ff4	Torch	instance	removeFromMacroBlock	v8@0:4
0x004b71d8	Torch	instance	draw:projectionMatrix:modelViewMatrix:cameraMinXWorld:cameraMaxXWorld:cameraMinYWorld:cameraMaxYWorld:	v156@0:4f8(_GLKMatrix4={?=ffffffffffffffff}[16f])12(_GLKMatrix4={?=ffffffffffffffff}[16f])76i140i144i148i152
0x004b77d0	Torch	instance	remoteUpdate:	v12@0:4@8
0x004b78bc	Torch	instance	waterContentChanged:	v12@0:4^{vector<intpair, std::__1::allocator<intpair> >=^{?}^{?}{__compressed_pair<intpair *, std::__1::allocator<intpair> >=^{?}}}8
0x004b7bd4	Torch	instance	worldContentsChanged:	v12@0:4^{vector<intpair, std::__1::allocator<intpair> >=^{?}^{?}{__compressed_pair<intpair *, std::__1::allocator<intpair> >=^{?}}}8
0x004b8b50	Torch	instance	worldChanged:	v12@0:4^{vector<intpair, std::__1::allocator<intpair> >=^{?}^{?}{__compressed_pair<intpair *, std::__1::allocator<intpair> >=^{?}}}8
0x004b8be8	Torch	instance	setNeedsRemoved:	v12@0:4c8
0x004b8cd0	Torch	instance	renderImageIndex	i8@0:4
0x004b8fa8	Torch	instance	staticGeometryDrawQuadCountForMacroPos:	i16@0:4{?=ii}8
0x004b8fd0	Torch	instance	addDrawQuadData:fromIndex:forMacroPos:	i24@0:4^f8i12{?=ii}16
0x004be0d4	Torch	instance	lightPos	{Vector=[4f]}8@0:4
0x004bed90	Torch	instance	lightGlowQuadCount	i8@0:4
0x004bedec	Torch	instance	isDownlight	c8@0:4
0x004bee3c	Torch	instance	isUplight	c8@0:4
0x004bee90	Torch	instance	occupiesForegroundContents	c8@0:4
0x004beeac	Torch	instance	addArtificialLightContributionForPhysicalBlockLoadedAtXPos:yPos:	v16@0:4i8i12
0x004bef20	Torch	instance	dataA	S8@0:4
0x004bef5c	Torch	instance	setDataA:	v12@0:4S8
0x004befa4	Torch	instance	dataB	S8@0:4
0x004befe0	Torch	instance	setDataB:	v12@0:4S8
0x004c0320	Tree	instance	removeFromMacroBlock	v8@0:4
0x004c03d4	Tree	instance	initStaticTreeWithWorld:dynamicWorld:atPosition:cache:treeDensityNoiseFunction:seasonOffsetNoiseFunction:	@36@0:4@8@12{?=ii}16@24@28@32
0x004c0638	Tree	instance	initWithWorld:dynamicWorld:atPosition:cache:maxHeight:growthRate:treeDensityNoiseFunction:seasonOffsetNoiseFunction:adultTree:adultMaxAge:	@52@0:4@8@12{?=ii}16@24s28s32@36@40c44f48
0x004c1f84	Tree	instance	isGrowingInCompost	c8@0:4
0x004c205c	Tree	instance	fruitItemType	i8@0:4
0x004c2078	Tree	instance	shouldAddFallenFruits	c8@0:4
0x004c2094	Tree	instance	fruitShouldFallInSeason:	c12@0:4i8
0x004c20b4	Tree	instance	addFallenFruits	v8@0:4
0x004c2568	Tree	instance	growInTimeSinceSaved:	v16@0:4d8
0x004c2df0	Tree	instance	loadSaveDictValues:	v12@0:4@8
0x004c39a0	Tree	instance	initWithWorld:dynamicWorld:saveDict:cache:treeDensityNoiseFunction:seasonOffsetNoiseFunction:	@32@0:4@8@12@16@20@24@28
0x004c3be8	Tree	instance	dealloc	v8@0:4
0x004c3cac	Tree	instance	getSaveDict	@8@0:4
0x004c4974	Tree	instance	worldChanged:	v12@0:4^{vector<intpair, std::__1::allocator<intpair> >=^{?}^{?}{__compressed_pair<intpair *, std::__1::allocator<intpair> >=^{?}}}8
0x004c576c	Tree	instance	incrementHeight	v8@0:4
0x004c57b0	Tree	instance	update:accurateDT:isSimulation:	v20@0:4f8f12c16
0x004c6898	Tree	instance	updateGrowth:	v12@0:4c8
0x004c68b0	Tree	instance	tileIsKindOfSelf:	c12@0:4^{Tile=CCCCCCCCCCCCCSSSsCISSSSSQ[8S]}8
0x004c68d0	Tree	instance	makeTileDead:	v12@0:4^{Tile=CCCCCCCCCCCCCSSSsCISSSSSQ[8S]}8
0x004c68e8	Tree	instance	killAllOwnedTiles	v8@0:4
0x004c6b50	Tree	instance	checkIfDeadTilesNeedRemoved	v8@0:4
0x004c7008	Tree	instance	killAllOwnedTilesAboveY:	v12@0:4i8
0x004c7354	Tree	instance	removeAllOwnedTiles:	v12@0:4c8
0x004c76d8	Tree	instance	updateAllOwnedTilesToNewIDSize	v8@0:4
0x004c78dc	Tree	instance	isRequiredSoilType:	c12@0:4i8
0x004c7978	Tree	instance	treeType	i8@0:4
0x004c7994	Tree	instance	maxHeightGeneVariation	S8@0:4
0x004c7a44	Tree	instance	growthRateGeneVariation	S8@0:4
0x004c7af4	Tree	instance	height	i8@0:4
0x004c7b30	Tree	instance	isStaticTree	c8@0:4
0x004c7b4c	Tree	instance	occupiesNormalContents	c8@0:4
0x004c7df4	CraftProgressUI	instance	loadResources	v8@0:4
0x004c89cc	CraftProgressUI	instance	initWithWorld:windowInfo:cache:	@20@0:4@8^{WindowInfo=ffffffff}12@16
0x004c8b04	CraftProgressUI	instance	dealloc	v8@0:4
0x004c8e14	CraftProgressUI	instance	setUnableToReachServerWithFailure:	v12@0:4c8
0x004c8fe8	CraftProgressUI	instance	setCraftingTimeRemaining:fractionComplete:totalCraftTime:remainingNumberToCraft:	v24@0:4i8f12i16i20
0x004ca210	CraftProgressUI	instance	reloadVideoButtonsUI	v8@0:4
0x004ca734	CraftProgressUI	instance	setCraftingItem:craftingObject:blockhead:count:	v24@0:4@8@12@16i20
0x004cc380	CraftProgressUI	instance	windowInfoChanged:	v12@0:4^{WindowInfo=ffffffff}8
0x004cc4a4	CraftProgressUI	instance	render:translation:pinchScale:	v24@0:4f8{Vector2=[2f]}12f20
0x004d2af4	CraftProgressUI	instance	touchIsInUI:	c16@0:4{CGPoint=ff}8
0x004d301c	CraftProgressUI	instance	touchIsInViewAtAll:	c16@0:4{CGPoint=ff}8
0x004d3200	CraftProgressUI	instance	startTouch:tapCount:	c20@0:4{CGPoint=ff}8i16
0x004d3744	CraftProgressUI	instance	moveTouch:	v16@0:4{CGPoint=ff}8
0x004d3b70	CraftProgressUI	instance	endTouch:	v16@0:4{CGPoint=ff}8
0x004d3f9c	CraftProgressUI	instance	abortCraft	v8@0:4
0x004d4000	CraftProgressUI	instance	closeButton:	v12@0:4@8
0x004d4018	CraftProgressUI	instance	abortButton:	v12@0:4@8
0x004d4068	CraftProgressUI	instance	completeButton:	v12@0:4@8
0x004d43d0	CraftProgressUI	instance	collectButton:	v12@0:4@8
0x004d4498	CraftProgressUI	instance	startVideo	v8@0:4
0x004d4550	CraftProgressUI	instance	videoAdButton:	v12@0:4@8
0x004d4b24	CraftProgressUI	instance	incentivizedVideoViewComplete:	v12@0:4c8
0x004d4b74	CraftProgressUI	instance	fuelButton:	v12@0:4@8
0x004d4f5c	CraftProgressUI	instance	center:	{Vector2=[2f]}12@0:4f8
0x004d50c0	CraftProgressUI	instance	canDismiss	c8@0:4
0x004d50dc	CraftProgressUI	instance	craftingObject	@8@0:4
0x004d5120	CraftProgressUI	instance	.cxx_construct	@8@0:4
0x004dff4c	CustomGameRulesUI	instance	initWithWorld:windowInfo:cache:parentUI:	@24@0:4@8^{WindowInfo=ffffffff}12@16@20
0x004e0b4c	CustomGameRulesUI	instance	dismissAlertViews	v8@0:4
0x004e0b60	CustomGameRulesUI	instance	dealloc	v8@0:4
0x004e0e60	CustomGameRulesUI	instance	windowInfoChanged:	v12@0:4^{WindowInfo=ffffffff}8
0x004e0f84	CustomGameRulesUI	instance	render:	v12@0:4f8
0x004e2a50	CustomGameRulesUI	instance	touchIsInViewAtAll:	c16@0:4{CGPoint=ff}8
0x004e2ad0	CustomGameRulesUI	instance	touchIsInUI:	c16@0:4{CGPoint=ff}8
0x004e2b50	CustomGameRulesUI	instance	startTouch:tapCount:	c20@0:4{CGPoint=ff}8i16
0x004e3054	CustomGameRulesUI	instance	moveTouch:	v16@0:4{CGPoint=ff}8
0x004e351c	CustomGameRulesUI	instance	endTouch:	v16@0:4{CGPoint=ff}8
0x004e39e4	CustomGameRulesUI	instance	OKButton:	v12@0:4@8
0x004e3a4c	CustomGameRulesUI	instance	optionsForTableView:	@12@0:4@8
0x004e6ee0	CustomGameRulesUI	instance	selectedStringValueForOptionAtIndex:forTableView:	@16@0:4i8@12
0x004e79a0	CustomGameRulesUI	instance	selectionForTableView:	i12@0:4@8
0x004e808c	CustomGameRulesUI	instance	updateBackButtonAndHeaderWithButtonTitle:headerTitle:	v16@0:4@8@12
0x004e8450	CustomGameRulesUI	instance	itemSelected:forTableView:	v16@0:4i8@12
0x004ea0c8	CustomGameRulesUI	instance	optionIsTextEntryWithTitle:forTableView:	c16@0:4@8@12
0x004ea0ec	CustomGameRulesUI	instance	optionIsSliderWithTitle:forTableView:	c16@0:4@8@12
0x004ea1b8	CustomGameRulesUI	instance	optionIsDisabledWithTitle:forTableView:	c16@0:4@8@12
0x004ea4c0	CustomGameRulesUI	instance	sliderValueForOptionWithTitle:forTableView:	i16@0:4@8@12
0x004ea63c	CustomGameRulesUI	instance	sliderMinForOptionWithTitle:forTableView:	i16@0:4@8@12
0x004ea6a8	CustomGameRulesUI	instance	sliderMaxForOptionWithTitle:forTableView:	i16@0:4@8@12
0x004ea714	CustomGameRulesUI	instance	sliderShouldDisplayFractionForOptionWithTitle:forTableView:	c16@0:4@8@12
0x004ea780	CustomGameRulesUI	instance	setSliderValue:forOptionAtIndex:forTableView:	v20@0:4i8i12@16
0x004ea95c	CustomGameRulesUI	instance	textEntryStringValueForOptionAtIndex:forTableView:	@16@0:4i8@12
0x004ea980	CustomGameRulesUI	instance	setStringValue:forOptionAtIndex:forTableView:	v20@0:4@8i12@16
0x004ea9a4	CustomGameRulesUI	instance	hasSubMenuForOptionAtIndex:forTableView:	c16@0:4i8@12
0x004eab24	CustomGameRulesUI	instance	menuBackButton:	v12@0:4@8
0x004eb864	CustomGameRulesUI	instance	colorPickerChanged:	v12@0:4@8
0x004eb948	CustomGameRulesUI	instance	.cxx_construct	@8@0:4
0x004edab4	MultiplayerWorldOptionsUI	instance	initWithWorld:windowInfo:cache:optionsUI:	@24@0:4@8^{WindowInfo=ffffffff}12@16@20
0x004f07cc	MultiplayerWorldOptionsUI	instance	dismissAlertViews	v8@0:4
0x004f0a2c	MultiplayerWorldOptionsUI	instance	dealloc	v8@0:4
0x004f0dc8	MultiplayerWorldOptionsUI	instance	windowInfoChanged:	v12@0:4^{WindowInfo=ffffffff}8
0x004f0f7c	MultiplayerWorldOptionsUI	instance	render:	v12@0:4f8
0x004f287c	MultiplayerWorldOptionsUI	instance	touchIsInViewAtAll:	c16@0:4{CGPoint=ff}8
0x004f28fc	MultiplayerWorldOptionsUI	instance	touchIsInUI:	c16@0:4{CGPoint=ff}8
0x004f297c	MultiplayerWorldOptionsUI	instance	startTouch:tapCount:	c20@0:4{CGPoint=ff}8i16
0x004f2df4	MultiplayerWorldOptionsUI	instance	moveTouch:	v16@0:4{CGPoint=ff}8
0x004f31b0	MultiplayerWorldOptionsUI	instance	endTouch:	v16@0:4{CGPoint=ff}8
0x004f356c	MultiplayerWorldOptionsUI	instance	OKButton:	v12@0:4@8
0x004f35d4	MultiplayerWorldOptionsUI	instance	pvpButton:	v12@0:4@8
0x004f3718	MultiplayerWorldOptionsUI	instance	serverWelcomeButton:	v12@0:4@8
0x004f3780	MultiplayerWorldOptionsUI	instance	privacyControl:	v12@0:4@8
0x004f3b58	MultiplayerWorldOptionsUI	instance	textField:shouldChangeCharactersInRange:replacementString:	c24@0:4@8{_NSRange=II}12@20
0x004f3c10	MultiplayerWorldOptionsUI	instance	alertView:didDismissWithButtonIndex:	v16@0:4@8i12
0x004f3f88	MultiplayerWorldOptionsUI	instance	textFieldShouldReturn:	c12@0:4@8
0x004f400c	MultiplayerWorldOptionsUI	instance	displayPasswordEntry	v8@0:4
0x004f4400	MultiplayerWorldOptionsUI	instance	passwordToggleButton:	v12@0:4@8
0x004f46e8	MultiplayerWorldOptionsUI	instance	passwordSetButton:	v12@0:4@8
0x004f4738	MultiplayerWorldOptionsUI	instance	addCreditButton:	v12@0:4@8
0x004f4a44	MultiplayerWorldOptionsUI	instance	dismissAddCreditUI	v8@0:4
0x004f4b00	MultiplayerWorldOptionsUI	instance	isPauseMenu	c8@0:4
0x004f4b1c	MultiplayerWorldOptionsUI	instance	selectAddCreditOption:	v12@0:4c8
0x004f4c68	MultiplayerWorldOptionsUI	instance	ownerPortalButton:	v12@0:4@8
0x004f5264	MultiplayerWorldOptionsUI	instance	customRulesButton:	v12@0:4@8
0x004f53c0	MultiplayerWorldOptionsUI	instance	dismissCustomRules	v8@0:4
0x004f5484	MultiplayerWorldOptionsUI	instance	IAPForWorldTopupSucceeeded:transactionID:	v16@0:4@8@12
0x004f54f8	MultiplayerWorldOptionsUI	instance	cloudTopupSucceeded:	v12@0:4f8
0x004f5578	MultiplayerWorldOptionsUI	instance	cloudTopupFailed:	v12@0:4i8
0x004f55e4	MultiplayerWorldOptionsUI	instance	iapStarted	v8@0:4
0x004f5648	MultiplayerWorldOptionsUI	instance	cloudInterface	@8@0:4
0x004f56ac	MultiplayerWorldOptionsUI	instance	appDatabase	@8@0:4
0x004f5710	MultiplayerWorldOptionsUI	instance	iapCancelled	v8@0:4
0x004f5774	MultiplayerWorldOptionsUI	instance	.cxx_construct	@8@0:4
0x004f58ec	VinePlant	instance	objectType	i8@0:4
0x004f5908	VinePlant	instance	initSubDerivedItems	v8@0:4
0x004f5cb4	VinePlant	instance	initWithWorld:dynamicWorld:atPosition:cache:maxAgeGene:growthRateGene:treeDensityNoiseFunction:seasonOffsetNoiseFunction:adultPlant:	@48@0:4@8@12{?=ii}16@24S28S32@36@40c44
0x004f68a0	VinePlant	instance	initWithWorld:dynamicWorld:saveDict:cache:treeDensityNoiseFunction:seasonOffsetNoiseFunction:	@32@0:4@8@12@16@20@24@28
0x004f7344	VinePlant	instance	initWithWorld:dynamicWorld:cache:netData:	@24@0:4@8@12@16@20
0x004f74c4	VinePlant	instance	getSaveDict	@8@0:4
0x004f7744	VinePlant	instance	remoteUpdate:	v12@0:4@8
0x004f7b20	VinePlant	instance	dealloc	v8@0:4
0x004f7b8c	VinePlant	instance	plantCreationNetData	{PlantCreationNetData={DynamicObjectNetData=QIIC[7C]}SSSSsC[5C]}8@0:4
0x004f7c18	VinePlant	instance	isGrowingInCompost	c8@0:4
0x004f7cf0	VinePlant	instance	update:accurateDT:isSimulation:	v20@0:4f8f12c16
0x004f86a8	VinePlant	instance	dieOfOldAge	v8@0:4
0x004f8a6c	VinePlant	instance	tileIsKindOfSelf:	c12@0:4^{Tile=CCCCCCCCCCCCCSSSsCISSSSSQ[8S]}8
0x004f8aa0	VinePlant	instance	plantType	i8@0:4
0x004f8abc	VinePlant	instance	isRequiredSoilType:	c12@0:4i8
0x004f8b58	VinePlant	instance	gatherProgressForTile:	i16@0:4{?=ii}8
0x004f8c64	VinePlant	instance	tileHarvested:removeBlockhead:correctToolMultiplier:	i24@0:4{?=ii}8@16i20
0x004f956c	VinePlant	instance	setGatherProgress:forTile:	v20@0:4i8{?=ii}12
0x004f96c0	VinePlant	instance	numberOfOccupiedTilesBelow	i8@0:4
0x004f96fc	VinePlant	instance	setNeedsRemoved:	v12@0:4c8
0x004f9788	VinePlant	instance	droppedItemType	i8@0:4
0x004f97a4	VinePlant	instance	staticGeometryForegroundDrawQuadCountForMacroPos:	i16@0:4{?=ii}8
0x004f9a78	VinePlant	instance	addForegroundDrawQuadData:fromIndex:forMacroPos:	i24@0:4^f8i12{?=ii}16
0x004fa3d4	VinePlant	instance	removeFromMacroBlock	v8@0:4
0x004fa570	VinePlant	instance	availableFood	f8@0:4
0x004fa5b8	VinePlant	instance	setAvailableFood:	v12@0:4f8
0x004fa764	NetPlayerUI	instance	initWithWindowInfo:netPlayerButton:cache:localPlayerIsMod:showReportButton:	@28@0:4^{WindowInfo=ffffffff}8@12@16c20c24
0x004fd454	NetPlayerUI	instance	dealloc	v8@0:4
0x004fd71c	NetPlayerUI	instance	windowInfoChanged:	v12@0:4^{WindowInfo=ffffffff}8
0x00500290	NetPlayerUI	instance	renderFrame:projectionMatrix:	v76@0:4f8(_GLKMatrix4={?=ffffffffffffffff}[16f])12
0x00501d2c	NetPlayerUI	instance	touchIsInUI:	c16@0:4{CGPoint=ff}8
0x00501f8c	NetPlayerUI	instance	startTouch:	c16@0:4{CGPoint=ff}8
0x005022e0	NetPlayerUI	instance	moveTouch:	v16@0:4{CGPoint=ff}8
0x005024ec	NetPlayerUI	instance	endTouch:	v16@0:4{CGPoint=ff}8
0x005026f8	NetPlayerUI	instance	textToggleButton:	v12@0:4@8
0x00502760	NetPlayerUI	instance	muteButton:	v12@0:4@8
0x005027c8	NetPlayerUI	instance	banButton:	v12@0:4@8
0x00502830	NetPlayerUI	instance	kickButton:	v12@0:4@8
0x00502898	NetPlayerUI	instance	reportButton:	v12@0:4@8
0x00502900	NetPlayerUI	instance	setDisableBanButtons:	v12@0:4c8
0x00502a70	NetPlayerUI	instance	.cxx_construct	@8@0:4
0x005032f0	CreateCustomOptionsUI	instance	initWithFrame:cache:windowInfo:	@32@0:4{CGRect={CGPoint=ff}{CGSize=ff}}8@24^{WindowInfo=ffffffff}28
0x00503bc0	CreateCustomOptionsUI	instance	dealloc	v8@0:4
0x00503d64	CreateCustomOptionsUI	instance	setFrame:	v24@0:4{CGRect={CGPoint=ff}{CGSize=ff}}8
0x00504178	CreateCustomOptionsUI	instance	renderFrame:projectionMatrix:	v76@0:4f8(_GLKMatrix4={?=ffffffffffffffff}[16f])12
0x00505074	CreateCustomOptionsUI	instance	optionsForTableView:	@12@0:4@8
0x005051e8	CreateCustomOptionsUI	instance	selectionForTableView:	i12@0:4@8
0x005055d4	CreateCustomOptionsUI	instance	itemSelected:forTableView:	v16@0:4i8@12
0x00505f6c	CreateCustomOptionsUI	instance	optionIsTextEntryWithTitle:forTableView:	c16@0:4@8@12
0x005062a8	CreateCustomOptionsUI	instance	optionIsSliderWithTitle:forTableView:	c16@0:4@8@12
0x005062cc	CreateCustomOptionsUI	instance	sliderValueForOptionWithTitle:forTableView:	i16@0:4@8@12
0x005062f0	CreateCustomOptionsUI	instance	setSliderValue:forOptionAtIndex:forTableView:	v20@0:4i8i12@16
0x00506314	CreateCustomOptionsUI	instance	optionIsDisabledWithTitle:forTableView:	c16@0:4@8@12
0x00506338	CreateCustomOptionsUI	instance	sliderMinForOptionWithTitle:forTableView:	i16@0:4@8@12
0x0050635c	CreateCustomOptionsUI	instance	sliderMaxForOptionWithTitle:forTableView:	i16@0:4@8@12
0x00506380	CreateCustomOptionsUI	instance	sliderShouldDisplayFractionForOptionWithTitle:forTableView:	c16@0:4@8@12
0x005063a4	CreateCustomOptionsUI	instance	selectedStringValueForOptionAtIndex:forTableView:	@16@0:4i8@12
0x00506628	CreateCustomOptionsUI	instance	textEntryStringValueForOptionAtIndex:forTableView:	@16@0:4i8@12
0x005067f0	CreateCustomOptionsUI	instance	setStringValue:forOptionAtIndex:forTableView:	v20@0:4@8i12@16
0x00506a9c	CreateCustomOptionsUI	instance	hasSubMenuForOptionAtIndex:forTableView:	c16@0:4i8@12
0x00506b08	CreateCustomOptionsUI	instance	menuBackButton:	v12@0:4@8
0x00506c70	CreateCustomOptionsUI	instance	touchIsInUI:	c16@0:4{CGPoint=ff}8
0x00506eb8	CreateCustomOptionsUI	instance	startTouch:	c16@0:4{CGPoint=ff}8
0x00507094	CreateCustomOptionsUI	instance	moveTouch:	v16@0:4{CGPoint=ff}8
0x005071c8	CreateCustomOptionsUI	instance	endTouch:	v16@0:4{CGPoint=ff}8
0x005072fc	CreateCustomOptionsUI	instance	shouldHideMainNavigationButtons	c8@0:4
0x00507350	CreateCustomOptionsUI	instance	selectedOptions	@8@0:4
0x0051bc80	MJProgressBar	instance	initWithFrame:cache:windowInfo:	@32@0:4{CGRect={CGPoint=ff}{CGSize=ff}}8@24^{WindowInfo=ffffffff}28
0x0051bf0c	MJProgressBar	instance	setProgress:	v12@0:4f8
0x0051bfcc	MJProgressBar	instance	setCheckMarkCount:	v12@0:4i8
0x0051c294	MJProgressBar	instance	renderFrame:projectionMatrix:	v76@0:4f8(_GLKMatrix4={?=ffffffffffffffff}[16f])12
0x0051d3e8	MJProgressBar	instance	red	c8@0:4
0x0051d424	MJProgressBar	instance	setRed:	v12@0:4c8
0x0051d4e4	WorldImageExporter	class	getColorForTile:r:g:b:	v24@0:4^{Tile=CCCCCCCCCCCCCSSSsCISSSSSQ[8S]}8*12*16*20
0x0051e2c8	WorldImageExporter	class	exportWorldWithTileLoader:world:	v16@0:4@8@12
0x0052605c	MJTextView	instance	initWithFrame:cache:windowInfo:string:horizontalAlignment:font:color:	@60@0:4{CGRect={CGPoint=ff}{CGSize=ff}}8@24^{WindowInfo=ffffffff}28@32i36@40{MJColor=ffff}44
0x0052642c	MJTextView	instance	dealloc	v8@0:4
0x00526560	MJTextView	instance	setString:	v12@0:4@8
0x005267dc	MJTextView	instance	string	@8@0:4
0x00526818	MJTextView	instance	renderFrame:projectionMatrix:	v76@0:4f8(_GLKMatrix4={?=ffffffffffffffff}[16f])12
0x00526e70	MJTextView	instance	actualDimensions	{CGSize=ff}8@0:4
0x00526f10	MJTextView	instance	setColor:	v24@0:4{MJColor=ffff}8
0x0052702c	MJTextView	instance	setFrame:	v24@0:4{CGRect={CGPoint=ff}{CGSize=ff}}8
0x0052733c	MJTextView	instance	setAlignment:	v12@0:4i8
0x005275b4	GemTree	instance	objectType	i8@0:4
0x005275d0	GemTree	instance	fruitItemType	i8@0:4
0x00527620	GemTree	instance	fruitShouldFallInSeason:	c12@0:4i8
0x0052772c	GemTree	instance	shouldAddFallenFruits	c8@0:4
0x00527748	GemTree	instance	initWithWorld:dynamicWorld:atPosition:cache:treeDensityNoiseFunction:seasonOffsetNoiseFunction:gemTreeType:	@40@0:4@8@12{?=ii}16@24@28@32i36
0x00529134	GemTree	instance	initWithWorld:dynamicWorld:saveDict:cache:treeDensityNoiseFunction:seasonOffsetNoiseFunction:	@32@0:4@8@12@16@20@24@28
0x0052922c	GemTree	instance	getSaveDict	@8@0:4
0x005293ec	GemTree	instance	loadSaveDictValues:	v12@0:4@8
0x00529578	GemTree	instance	updateGrowth:	v12@0:4c8
0x00529590	GemTree	instance	bushContentsType	i8@0:4
0x00529648	GemTree	instance	trunkContentsType	i8@0:4
0x00529700	GemTree	instance	trunkBushContentsType	i8@0:4
0x005297b8	GemTree	instance	makeTileDead:	v12@0:4^{Tile=CCCCCCCCCCCCCSSSsCISSSSSQ[8S]}8
0x005298e0	GemTree	instance	update:accurateDT:isSimulation:	v20@0:4f8f12c16
0x0052a078	GemTree	instance	worldChanged:	v12@0:4^{vector<intpair, std::__1::allocator<intpair> >=^{?}^{?}{__compressed_pair<intpair *, std::__1::allocator<intpair> >=^{?}}}8
0x0052b750	GemTree	instance	recursivelyAddOwnedTile:toPositions:	v20@0:4{?=ii}8^{unordered_set<int, std::__1::hash<int>, std::__1::equal_to<int>, std::__1::allocator<int> >={__hash_table<int, std::__1::hash<int>, std::__1::equal_to<int>, std::__1::allocator<int> >={unique_ptr<std::__1::__hash_node<int, void *> *[], std::__1::__bucket_list_deallocator<std::__1::allocator<std::__1::__hash_node<int, void *> *> > >={__compressed_pair<std::__1::__hash_node<int, void *> **, std::__1::__bucket_list_deallocator<std::__1::allocator<std::__1::__hash_node<int, void *> *> > >=^^{__hash_node<int, void *>}{__bucket_list_deallocator<std::__1::allocator<std::__1::__hash_node<int, void *> *> >={__compressed_pair<unsigned long, std::__1::allocator<std::__1::__hash_node<int, void *> *> >=L}}}}{__compressed_pair<std::__1::__hash_node_base<std::__1::__hash_node<int, void *> *>, std::__1::allocator<std::__1::__hash_node<int, void *> > >={__hash_node_base<std::__1::__hash_node<int, void *> *>=^{__hash_node<int, void *>}}}{__compressed_pair<unsigned long, std::__1::hash<int> >=L}{__compressed_pair<float, std::__1::equal_to<int> >=f}}}16
0x0052bae4	GemTree	instance	treeType	i8@0:4
0x0052bb20	GemTree	instance	gemItemType	i8@0:4
0x0052bbdc	GemTree	instance	tileIsKindOfSelf:	c12@0:4^{Tile=CCCCCCCCCCCCCSSSsCISSSSSQ[8S]}8
0x0052be44	GemTree	instance	isStaticTree	c8@0:4
0x0052eb80	BHServer	instance	initWithDelegate:match:netNodeType:saveID:maxPlayers:	@28@0:4@8@12i16@20i24
0x00531370	BHServer	instance	clientDisconnected:wasKick:	v16@0:4@8c12
0x00531444	BHServer	instance	delayedDisconnectPlayerDueToKickWithID:	v12@0:4@8
0x005317e0	BHServer	instance	bootPlayer:wasBan:	v16@0:4@8c12
0x005319f4	BHServer	instance	delayedDisconnectPlayerDueToNoCreditWithID:	v12@0:4@8
0x00531d90	BHServer	instance	bootAllClientsDueToNoCredit	v8@0:4
0x005322f4	BHServer	instance	bootPlayerNamed:wasBan:	v16@0:4@8c12
0x0053294c	BHServer	instance	saveAllPlayersArray	v8@0:4
0x00532a18	BHServer	instance	saveResetList	v8@0:4
0x00532cb8	BHServer	instance	dealloc	v8@0:4
0x00533064	BHServer	instance	setWorld:	v12@0:4@8
0x00533678	BHServer	instance	match:didFailWithError:	v16@0:4@8@12
0x005336cc	BHServer	instance	cleanup	v8@0:4
0x00533a58	BHServer	instance	match:connectionWithPlayerFailed:withError:	v20@0:4@8@12@16
0x00533cbc	BHServer	instance	addPlayerDictToAllPlayersEver:	v12@0:4@8
0x00534188	BHServer	instance	match:player:didChangeState:	v20@0:4@8@12i16
0x00534ec0	BHServer	instance	full	c8@0:4
0x00535014	BHServer	instance	fullPlayerInformationNowAvailableForPlayer:	v12@0:4@8
0x00535720	BHServer	instance	infoArrived:forPlayer:	v16@0:4@8@12
0x00535808	BHServer	instance	playerIsBlackListedWithInfo:	c12@0:4@8
0x00535d90	BHServer	instance	savedPlayerInfoDataForPlayer:	@12@0:4@8
0x00536160	BHServer	instance	playerIsBannedWithID:	c12@0:4@8
0x0053655c	BHServer	instance	playerIsWhiteListedWithInfo:	c12@0:4@8
0x00536930	BHServer	instance	playerIsOwnerWithAlias:	c12@0:4@8
0x00536ae4	BHServer	instance	playerIsCloudWideAdminWithAlias:	c12@0:4@8
0x00536d40	BHServer	instance	playerIsCloudWideInvisibleAdminWithAlias:	c12@0:4@8
0x00536f68	BHServer	instance	playerIsAdminWithID:	c12@0:4@8
0x00537044	BHServer	instance	playerIsAdminWithAlias:	c12@0:4@8
0x00537304	BHServer	instance	playerIsModWithAlias:	c12@0:4@8
0x00537560	BHServer	instance	updatePlayer:	v12@0:4@8
0x00537614	BHServer	instance	updatePlayers	v8@0:4
0x0053788c	BHServer	instance	playerIsConnectedWithInfo:	c12@0:4@8
0x005379e8	BHServer	instance	match:didReceiveData:fromPlayer:	v20@0:4@8@12@16
0x00542d70	BHServer	instance	sendNetworkData:toPeers:reliable:	v20@0:4@8@12c16
0x00542f3c	BHServer	instance	match:shouldReinvitePlayer:	c16@0:4@8@12
0x00542f60	BHServer	instance	sendChatMessage:displayNotification:sendToClients:	v20@0:4@8c12@16
0x00543a4c	BHServer	instance	clientFinishedAwaySimulation:	v12@0:4@8
0x00543d40	BHServer	instance	playerListToSendIncludingPhotosForClients:sendClient:	@16@0:4@8@12
0x00544964	BHServer	instance	sendInitialPlayerListToClient:	v12@0:4@8
0x00544b70	BHServer	instance	sendUpdatedPlayerListToClients	v8@0:4
0x00544c00	BHServer	instance	delayedSendUpdatedPlayerListToClients	v8@0:4
0x005450e4	BHServer	instance	reloadLists	v8@0:4
0x00547acc	BHServer	instance	clearList:	v12@0:4i8
0x00547ee0	BHServer	instance	modifyListForPlayerOrIP:isAdded:listType:	@20@0:4@8c12i16
0x00547f74	BHServer	instance	modifyListForPlayerOrIP:isAdded:listType:banUDID:	@24@0:4@8c12i16c20
0x00549af0	BHServer	instance	replaceCurseWordsForMessage:client:	@16@0:4@8@12
0x0054a0a4	BHServer	instance	removeCurseWordsFromBlockheadName:	@12@0:4@8
0x0054a448	BHServer	instance	handleCommand:issueClient:	v16@0:4@8@12
0x0054fe7c	BHServer	instance	getDebugLog	@8@0:4
0x00550020	BHServer	instance	isCloudMatch	c8@0:4
0x00550088	BHServer	instance	credit	f8@0:4
0x00550154	BHServer	instance	updateCredit:	v12@0:4f8
0x00550258	BHServer	instance	playerNameForPlayerWithIDIncludingOldPlayers:	@12@0:4@8
0x005503e4	BHServer	instance	serverPlayerID	@8@0:4
0x00550430	BHServer	instance	privacyString	@8@0:4
0x005505e4	BHServer	instance	isWaitingForMultiPartCommandResponse	c8@0:4
0x00550600	BHServer	instance	sendPlayerChangedNotifcationToDelegate	v8@0:4
0x00550664	BHServer	instance	getRecentPlayerNamesForOwnershipSign	@8@0:4
0x005512b8	BHServer	instance	sendPortalChestAcknowledgementIfNeededForClient:	v12@0:4@8
0x0055172c	BHServer	instance	startBulkTransaction	v8@0:4
0x00551794	BHServer	instance	finishBulkTransaction	c8@0:4
0x005517fc	BHServer	instance	doRepairForTileAtPos:	v16@0:4{?=ii}8
0x0055186c	BHServer	instance	recentPlayers	@8@0:4
0x005518b0	BHServer	instance	blackList	@8@0:4
0x005518f4	BHServer	instance	whiteList	@8@0:4
0x00551938	BHServer	instance	adminList	@8@0:4
0x0055197c	BHServer	instance	modList	@8@0:4
0x005519c0	BHServer	instance	playerUpdate	@8@0:4
0x00551a04	BHServer	instance	serverDatabase	@8@0:4
0x00551a48	BHServer	instance	connectedClientIDs	@8@0:4
0x00551b88	ColorPicker	instance	initWithFrame:cache:windowInfo:delegate:color:	@52@0:4{CGRect={CGPoint=ff}{CGSize=ff}}8@24^{WindowInfo=ffffffff}28@32{MJColor=ffff}36
0x005524a0	ColorPicker	instance	dealloc	v8@0:4
0x005525a0	ColorPicker	instance	renderFrame:projectionMatrix:	v76@0:4f8(_GLKMatrix4={?=ffffffffffffffff}[16f])12
0x00552850	ColorPicker	instance	slider:	v12@0:4@8
0x00552ab8	ColorPicker	instance	colorPickerControl:	v12@0:4@8
0x00552cc4	ColorPicker	instance	.cxx_construct	@8@0:4
0x00552d58	World	instance	connected	c8@0:4
0x00552e28	World	instance	startPinchOrPan	v8@0:4
0x00552ec0	World	instance	updateTranslationDueToPinchOrPan:	v16@0:4{Vector2=[2f]}8
0x005531d0	World	instance	setTranslation:	v16@0:4{Vector2=[2f]}8
0x005536a4	World	instance	translation	{Vector2=[2f]}8@0:4
0x005536ec	World	instance	summaryNetDataForAdmin:mod:owner:cloudMode:	@24@0:4c8c12c16i20
0x005547f8	World	instance	heartbeatData	@8@0:4
0x00554cfc	World	instance	sendHeartbeatData	v8@0:4
0x00554f04	World	instance	heartbeatDataRecieved:fromPeer:	v16@0:4@8@12
0x0055555c	World	instance	worldInfoForiCloudSave	@8@0:4
0x00555a84	World	instance	saveAll	v8@0:4
0x00557bd4	World	instance	fileWriteFailed:	v12@0:4@8
0x00557c40	World	instance	loadGame	c8@0:4
0x0055b2e8	World	instance	loadDefaultGame	v8@0:4
0x0055b698	World	instance	initializeDatabases	v8@0:4
0x0055bac8	World	instance	incrementalLoad	v8@0:4
0x00563604	World	instance	initWithWindowInfo:cache:delegate:saveID:name:client:server:multiplayerWorldData:serverHostData:saveDelay:worldWidthMacro:customRules:expertMode:	@60@0:4^{WindowInfo=ffffffff}8@12@16@20@24@28@32@36@40i44i48@52c56
0x00564c64	World	instance	setServer:	v12@0:4@8
0x00564f2c	World	instance	deleteTimers	v8@0:4
0x005650d8	World	instance	dealloc	v8@0:4
0x00566948	World	instance	startObservingMotionEvents	v8@0:4
0x00566c14	World	instance	stopObservingMotionEvents	v8@0:4
0x00566e64	World	instance	startSimulatingIfNeeded	c8@0:4
0x0056783c	World	instance	isSimulating	c8@0:4
0x00567878	World	instance	addSimulationEventOfType:forBlockhead:extraData:	v20@0:4i8@12@16
0x0056884c	World	instance	continueSimulate	c8@0:4
0x0056b278	World	instance	finishSimulating	v8@0:4
0x0056b674	World	instance	welcomeBackMessageForInfoDict:	@12@0:4@8
0x0056dbd8	World	instance	welcomeBackEventsMessageForClientID:	@12@0:4@8
0x0056dc8c	World	instance	setNetEventsMessageToDisplayOnceLoaded:	v12@0:4@8
0x0056dd38	World	instance	simulationProgress	f8@0:4
0x0056dd78	World	instance	update:accurateDT:pinchScale:dragInProgress:	v28@0:4f8f12d16c24
0x005751f8	World	instance	decommisionAllBlocksBlockToSavePhyscialBlock:	v12@0:4c8
0x005759bc	World	instance	removeAnyBackgroundContentsForTile:atPos:removeBlockhead:	v24@0:4^{Tile=CCCCCCCCCCCCCSSSsCISSSSSQ[8S]}8{?=ii}12@20
0x00575ac8	World	instance	remoteRemoveBackWallRequest:fromClient:	I16@0:4@8@12
0x00575d44	World	instance	remoteRemoveRequest:fromClient:	I16@0:4@8@12
0x00576120	World	instance	removeTileAtWorldX:worldY:createContentsFreeblockCount:createForegroundContentsFreeblockCount:removeBlockhead:	v28@0:4i8i12i16i20@24
0x005761e0	World	instance	removeTileAtWorldX:worldY:createContentsFreeblockCount:createForegroundContentsFreeblockCount:removeBlockhead:onlyRemoveCOntents:onlyRemoveForegroundContents:	v36@0:4i8i12i16i20@24c28c32
0x005762c8	World	instance	shouldBeCrystalBlockAtPos:	c16@0:4{?=ii}8
0x00576518	World	instance	removeBackWallAtPos:removeBlockhead:	v20@0:4{?=ii}8@16
0x00576878	World	instance	removeTileAtWorldX:worldY:createContentsFreeblockCount:createForegroundContentsFreeblockCount:removeBlockhead:onlyRemoveCOntents:onlyRemoveForegroundContents:sendWorldChangedNotifcation:dontRemoveContents:	v44@0:4i8i12i16i20@24c28c32c36c40
0x00578430	World	instance	removeWaterTileAtPos:	v16@0:4{?=ii}8
0x00578a20	World	instance	updateTileGraphicForWorkbenchOfType:atPos:level:	v24@0:4i8{?=ii}12i20
0x00578c94	World	instance	remotePlaceWorkbenchRequest:fromPeer:	v16@0:4@8@12
0x00579074	World	instance	placeWorkbenchOfType:atPos:saveDict:placedByClient:placedByBlockhead:placedByClientName:	v36@0:4i8{?=ii}12@20@24@28@32
0x00579d58	World	instance	remotePlaceInteractionObjectRequest:fromPeer:	v16@0:4@8@12
0x0057a30c	World	instance	placeInteractionObjectWithItem:atPos:saveDict:placedByClient:placedByBlockhead:placedByClientName:	@36@0:4@8{?=ii}12@20@24@28@32
0x0057b700	World	instance	remoteFillRequest:placedByClient:	I16@0:4@8@12
0x0057bd70	World	instance	remotePaintRequest:fromClient:	v16@0:4@8@12
0x0057bf90	World	instance	fillTile:atPos:withType:	v24@0:4^{Tile=CCCCCCCCCCCCCSSSsCISSSSSQ[8S]}8{?=ii}12i20
0x0057c034	World	instance	fillTile:atPos:withType:dataA:dataB:placedByClient:saveDict:placedByClientName:	v44@0:4^{Tile=CCCCCCCCCCCCCSSSsCISSSSSQ[8S]}8{?=ii}12i20S24S28@32@36@40
0x0057c11c	World	instance	fillTile:atPos:withType:dataA:dataB:placedByClient:saveDict:placedByBlockhead:placedByClientName:	v48@0:4^{Tile=CCCCCCCCCCCCCSSSsCISSSSSQ[8S]}8{?=ii}12i20S24S28@32@36@40@44
0x00580f88	World	instance	sendGatherNotificationForTile:atPos:	v20@0:4^{Tile=CCCCCCCCCCCCCSSSsCISSSSSQ[8S]}8{?=ii}12
0x0058122c	World	instance	remoteGatherRequest:	v12@0:4@8
0x00581a38	World	instance	paintTile:atPos:colorIndex:faceIndex:paintBlockhead:	v32@0:4^{Tile=CCCCCCCCCCCCCSSSsCISSSSSQ[8S]}8{?=ii}12S20C24@28
0x00582364	World	instance	removePaintAtTile:atPos:faceIndex:paintBlockhead:	v28@0:4^{Tile=CCCCCCCCCCCCCSSSsCISSSSSQ[8S]}8{?=ii}12C20@24
0x00582408	World	instance	getWeatherFractionForPos:atWorldTime:	f24@0:4{?=ii}8d16
0x00582488	World	instance	getWeatherFractionForPos:atWorldTime:ignoreSandFraction:	f28@0:4{?=ii}8d16c24
0x00582a50	World	instance	getWeatherFractionForPos:	f16@0:4{?=ii}8
0x00582ad8	World	instance	getDayNightFractionForX:atWorldTime:	f20@0:4f8d12
0x00583578	World	instance	dayColorForPosition:	{Vector=[4f]}16@0:4{?=ii}8
0x00583c50	World	instance	preRenderUpdate:fastSlowDT:cameraZ:projectionMatrix:	v84@0:4f8f12f16(_GLKMatrix4={?=ffffffffffffffff}[16f])20
0x0058c350	World	instance	lightPositionTop	{Vector=[4f]}8@0:4
0x0058c408	World	instance	lightPositionFront	{Vector=[4f]}8@0:4
0x0058c558	World	instance	lightPositionRight	{Vector=[4f]}8@0:4
0x0058c6b8	World	instance	lightPositionLeft	{Vector=[4f]}8@0:4
0x0058c7f8	World	instance	render:cameraZ:projectionMatrix:pinchScale:	v84@0:4f8f12(_GLKMatrix4={?=ffffffffffffffff}[16f])16f80
0x005aa5c8	World	instance	zoomUIToOnscreen:dimensions:	v24@0:4{Vector2=[2f]}8{Vector2=[2f]}16
0x005ab1ac	World	instance	cancelAllActionsAtPos:orWithInteractionObjectID:	v24@0:4{?=ii}8Q16
0x005ab274	World	instance	queueBlockheadAIActionToTile:atPos:forBlockhead:	v24@0:4^{Tile=CCCCCCCCCCCCCSSSsCISSSSSQ[8S]}8{?=ii}12@20
0x005ab5bc	World	instance	scrollToTap:	v16@0:4{CGPoint=ff}8
0x005ac1a4	World	instance	pauseUpdates	v8@0:4
0x005ac350	World	instance	resetPauseIdleTimer	v8@0:4
0x005ac3a0	World	instance	tap:	v16@0:4{CGPoint=ff}8
0x005b30c8	World	instance	touchIsInUI:	c16@0:4{CGPoint=ff}8
0x005b31b8	World	instance	startTouch:tapCount:index:	c24@0:4{CGPoint=ff}8i16i20
0x005b3278	World	instance	moveTouch:index:	v20@0:4{CGPoint=ff}8i16
0x005b3308	World	instance	doEndTouch:wasCancelled:index:	v24@0:4{CGPoint=ff}8c16i20
0x005b33ac	World	instance	cancelTouch:index:	v20@0:4{CGPoint=ff}8i16
0x005b3430	World	instance	endTouch:index:	v20@0:4{CGPoint=ff}8i16
0x005b34b4	World	instance	swipeGesture	v8@0:4
0x005b3540	World	instance	unmodifiedGroundLevelForX:	i12@0:4i8
0x005b3644	World	instance	savePhysicalBlockForMacroTile:sendReliably:dontSend:onlySaveIfClientsNeedIt:	c24@0:4^{MacroTile=CCC^{PhysicalBlock}^{DrawBlock}@f}8c12c16c20
0x005b3b70	World	instance	decommisionBlock:blockToSavePhyscialBlock:	v16@0:4^{MacroTile=CCC^{PhysicalBlock}^{DrawBlock}@f}8c12
0x005b3e78	World	instance	loadDynamicObjectsIfNotAlreadyLoadedForMacroTile:includeSurfaceBlocks:	v16@0:4^{MacroTile=CCC^{PhysicalBlock}^{DrawBlock}@f}8c12
0x005b3fb0	World	instance	loadLightBlockForClientLightBlockIndex:intoPhysicalBlock:	v16@0:4i8^{PhysicalBlock=ii^{Tile}cCdII[32*][32C]}12
0x005b4304	World	instance	saveLightBlockForClientLightBlockIndex:physicalBlock:sendNow:	v20@0:4i8^{PhysicalBlock=ii^{Tile}cCdII[32*][32C]}12c16
0x005b466c	World	instance	physicalBlockToLoadByClientTileLoaderForMacroTile:	^{PhysicalBlock=ii^{Tile}cCdII[32*][32C]}12@0:4^{MacroTile=CCC^{PhysicalBlock}^{DrawBlock}@f}8
0x005b4a00	World	instance	loadPhysicalBlockForMacroTile:atX:y:loadSurroundingBlocks:createIfNotCreated:	v28@0:4^{MacroTile=CCC^{PhysicalBlock}^{DrawBlock}@f}8i12i16c20c24
0x005b59f8	World	instance	setWindowInfo:	v12@0:4^{WindowInfo=ffffffff}8
0x005b5b54	World	instance	timeCrystalButtonTapped	v8@0:4
0x005b6368	World	instance	pauseButtonTapped	v8@0:4
0x005b6410	World	instance	pauseResumeButtonTapped	v8@0:4
0x005b65bc	World	instance	pauseExitToMenuButtonTapped	v8@0:4
0x005b6698	World	instance	fullyLoadAndUpdateIfNeededForMacroBlock:includingPos:clientLightBlockIndex:forBlockhead:	v28@0:4^{MacroTile=CCC^{PhysicalBlock}^{DrawBlock}@f}8{?=ii}12i20@24
0x005b6820	World	instance	fullyLoadIfNeededAroundPos:clientLightBlockIndex:forBlockhead:	v24@0:4{?=ii}8i16@20
0x005b6fa8	World	instance	craftItemFinished:atWorkbench:allFinished:blockhead:	v24@0:4@8@12c16@20
0x005b82b0	World	instance	craftAbortedForWorkbench:withBlockhead:	v16@0:4@8@12
0x005b83d0	World	instance	craftItem:atWorkbench:withBlockhead:count:	v24@0:4@8@12@16i20
0x005b88f8	World	instance	craftOrConfigureItem:atWorkbench:withBlockhead:count:	v24@0:4@8@12@16i20
0x005b90c0	World	instance	blockheadReachedInteractionObjectDestination:pathExtraData:	v16@0:4@8@12
0x005b9368	World	instance	useDynamicObjectTappedAtDynamicObject:selectedOption:	v16@0:4@8i12
0x005b9e10	World	instance	requestUniqueIDFromServerWithDict:	v12@0:4@8
0x005ba014	World	instance	uniqueIDReturnedFromServer:	v16@0:4Q8
0x005bb634	World	instance	teleportToWorkbench:withBlockhead:craftableItemObject:	v20@0:4@8@12@16
0x005bbdd0	World	instance	warpInBlockhead:atWorkbench:withBlockhead:	v20@0:4@8@12@16
0x005bd68c	World	instance	removeDynamicObjectTappedAtDynamicObject:withBlockhead:	v16@0:4@8@12
0x005bdb14	World	instance	addFuelTappedAtInteractionObject:withBlockhead:	v16@0:4@8@12
0x005bdd70	World	instance	distanceOrderedFoodTypes	^i8@0:4
0x005bddac	World	instance	worldUIDragging	c8@0:4
0x005bde3c	World	instance	stopFollowingOrTranslatingToGoal	v8@0:4
0x005bde9c	World	instance	updateIdleTimerDisabled	v8@0:4
0x005be2cc	World	instance	saveSunlightChangedAtPos:	v16@0:4{?=ii}8
0x005be378	World	instance	endCalibration	v8@0:4
0x005be998	World	instance	acceleration:	v24@0:4{Vector=[4f]}8
0x005bf528	World	instance	motionUpdatePingAccelerometer	v8@0:4
0x005bf738	World	instance	motionUpdatePingDeviceMotion	v8@0:4
0x005bf880	World	instance	allowsRotation	c8@0:4
0x005bf968	World	instance	requiresSwipeEvents	c8@0:4
0x005bf9f8	World	instance	allowsPanning	c8@0:4
0x005bfb5c	World	instance	requiresDirectionalSwipes	c8@0:4
0x005bfc14	World	instance	directionalSwipe:	v16@0:4{Vector2=[2f]}8
0x005bfcb0	World	instance	clientConnected:	c12@0:4@8
0x005c01a4	World	instance	clientDisconnected:wasKick:	v16@0:4@8c12
0x005c0570	World	instance	requestForBlock:fromClient:	v20@0:4{ClientMacroBlockRequest=iC[3C]}8@16
0x005c0698	World	instance	remoteBlockRemoved:byClient:	v16@0:4i8@12
0x005c07c0	World	instance	peersInterestedInMacroIndex:	@12@0:4i8
0x005c0b4c	World	instance	remoteCreate:forObjectsOfType:clientID:	v20@0:4@8i12@16
0x005c0f54	World	instance	remoteUpdate:forObjectsOfType:fromClient:	v20@0:4@8i12@16
0x005c1298	World	instance	remoteCreationDataUpdate:forObjectsOfType:fromClient:	v20@0:4@8i12@16
0x005c15dc	World	instance	remoteRemove:forObjectsOfType:fromClient:	v20@0:4@8i12@16
0x005c1920	World	instance	connectionToServerLost	v8@0:4
0x005c19b4	World	instance	currentTipText	@8@0:4
0x005c1b58	World	instance	currentTipColor	{Vector=[4f]}8@0:4
0x005c1cd0	World	instance	abortInProgressPathIfForBlockhead:	v12@0:4@8
0x005c1ddc	World	instance	waterMovedFrom:fromTile:to:toTile:amount:	v36@0:4{?=ii}8^{Tile=CCCCCCCCCCCCCSSSsCISSSSSQ[8S]}16{?=ii}20^{Tile=CCCCCCCCCCCCCSSSsCISSSSSQ[8S]}28i32
0x005c2790	World	instance	iapStarted	v8@0:4
0x005c27f4	World	instance	startIncentivizedVideo	v8@0:4
0x005c2858	World	instance	doubleTimePurchaseTapped	v8@0:4
0x005c28e4	World	instance	doubleTimeRestoreTapped	v8@0:4
0x005c29c0	World	instance	doPortalScreenshot	v8@0:4
0x005c3278	World	instance	doCameraScreenshot	v8@0:4
0x005c3800	World	instance	exportCurrentFrame	v8@0:4
0x005c3d24	World	instance	startUsingCamera	v8@0:4
0x005c3e10	World	instance	takePhotoButtonTapped	v8@0:4
0x005c3ebc	World	instance	cancelTakePhotoButtonTapped	v8@0:4
0x005c4030	World	instance	takingPhoto	c8@0:4
0x005c40b4	World	instance	sharePhotoFinished	v8@0:4
0x005c4228	World	instance	purchaseDoubleTime	v8@0:4
0x005c44a0	World	instance	crystalsPurchased	v8@0:4
0x005c47b8	World	instance	reportAchievementWithIdentifier:	v12@0:4@8
0x005c4b60	World	instance	achievementsButtonTapped	v8@0:4
0x005c4bc4	World	instance	instructionsButtonTapped	v8@0:4
0x005c4c28	World	instance	zoomToActiveNetBlockheadForPlayer:	v12@0:4@8
0x005c55f4	World	instance	getBlockheadZoomPosForClient:requesterClient:cycleIndex:	{?=ii}20@0:4@8@12i16
0x005c5c0c	World	instance	remoteZoomRequestReturnedWithSuccess:point:	v20@0:4c8{?=ii}12
0x005c5ce0	World	instance	zoomToPoint:	v16@0:4{Vector2=[2f]}8
0x005c5fa8	World	instance	zoomToPos:pinchZoom:	v20@0:4{?=ii}8c16
0x005c60ac	World	instance	activeBlockheadPos	{?=ii}8@0:4
0x005c61d4	World	instance	serverFillReply:	v12@0:4@8
0x005c6414	World	instance	markCircumNavigateX:	v12@0:4i8
0x005c6898	World	instance	showDoubleTimePromptIfGoodTime	v8@0:4
0x005c6eb0	World	instance	highestPoint	{?=ii}8@0:4
0x005c6ef8	World	instance	decommissionOldBlocks	v8@0:4
0x005c78c4	World	instance	preUpdate:	v12@0:4f8
0x005c8094	World	instance	showBlockheadAvailablePrompt:forBlockhead:	v16@0:4i8@12
0x005c8284	World	instance	blockheadAvailablePromptDismissedWithToThePortal	v8@0:4
0x005c85fc	World	instance	chatButton	v8@0:4
0x005c8660	World	instance	currentTotalBlockheadCountIncludingNet	i8@0:4
0x005c86ec	World	instance	isControllingBlockheadsForClientPlayer:	c12@0:4@8
0x005c875c	World	instance	playersChanged	v8@0:4
0x005c8844	World	instance	updatePhysicalBlockToLatestVersion:	v12@0:4^{PhysicalBlock=ii^{Tile}cCdII[32*][32C]}8
0x005c88b0	World	instance	tileIsLitForClient:atPos:tile:	c24@0:4@8{?=ii}12^{Tile=CCCCCCCCCCCCCSSSsCISSSSSQ[8S]}20
0x005c8d28	World	instance	mapVisible	c8@0:4
0x005c8d90	World	instance	incentivizedVideoViewComplete:	v12@0:4c8
0x005c8e98	World	instance	zoomToPortalAtPosition:	v16@0:4{?=ii}8
0x005c937c	World	instance	fireProjectileFrom:to:at:fireItemType:firer:	v36@0:4{Vector2=[2f]}8{Vector2=[2f]}16@24i28@32
0x005c96f0	World	instance	remoteProjectileRequest:	v12@0:4@8
0x005c97dc	World	instance	sendDamage:forNetBlockhead:recoil:	v20@0:4f8@12c16
0x005c9b54	World	instance	remoteBlockheadDamageRequest:requestedByClientName:	v16@0:4@8@12
0x005ca058	World	instance	sendNetDataForElectricityParticlePathIfRequired:size:ignoreClient:	v28@0:4{vector<ElectrictyParticlePathIndex, std::__1::allocator<ElectrictyParticlePathIndex> >=^{ElectrictyParticlePathIndex}^{ElectrictyParticlePathIndex}{__compressed_pair<ElectrictyParticlePathIndex *, std::__1::allocator<ElectrictyParticlePathIndex> >=^{ElectrictyParticlePathIndex}}}8f20@24
0x005ca9c4	World	instance	electricityPathDataRecieved:fromClient:	v16@0:4@8@12
0x005cb08c	World	instance	sendAndDisplayAirTimeTipWithDistance:	v12@0:4f8
0x005cb550	World	instance	setPVPEnabled:displayNotifciation:	v16@0:4c8c12
0x005cb930	World	instance	sendSetPVPEnabledToServer:	v12@0:4c8
0x005cba90	World	instance	remoteTipNotification:	v12@0:4@8
0x005cbc30	World	instance	updateTradePricesIfNeeded	v8@0:4
0x005cc73c	World	instance	connection:didReceiveResponse:	v16@0:4@8@12
0x005cc864	World	instance	connection:didReceiveData:	v16@0:4@8@12
0x005cc994	World	instance	connection:didFailWithError:	v16@0:4@8@12
0x005ccc88	World	instance	connectionDidFinishLoading:	v12@0:4@8
0x005cd6a8	World	instance	updatePriceForItemBoughtOrSoldOfTypeKey:soldCount:	v16@0:4@8f12
0x005cdfbc	World	instance	tutorialAlertDismissedWithContinue:	v12@0:4c8
0x005ce174	World	instance	showTutorialPopupWithTitle:message:	v16@0:4@8@12
0x005ce260	World	instance	transactionDataRecieved:fromClient:	v16@0:4@8@12
0x005ceb18	World	instance	worldPriceOffsetsRecievedFromServer:	v12@0:4@8
0x005cedac	World	instance	tutorialActive	c8@0:4
0x005cee00	World	instance	showDieConfirmationForBlockhead:	v12@0:4@8
0x005cee6c	World	instance	dieConfirmationConfirmed:	v12@0:4@8
0x005ceebc	World	instance	startImagePickerWithDelegate:forRect:cropSize:	v36@0:4@8{CGRect={CGPoint=ff}{CGSize=ff}}12{CGSize=ff}28
0x005cf010	World	instance	imagePickerFinishedWithImage:	v12@0:4@8
0x005cf1b8	World	instance	appendDebugLog:	v12@0:4@8
0x005cf334	World	instance	pvpEnabled	c8@0:4
0x005cf370	World	instance	welcomeMessageDictRecieved:fromClient:	v16@0:4@8@12
0x005cf470	World	instance	viewOrEditWelcomeMessage	v8@0:4
0x005cf6f0	World	instance	setNewWelcomeMessage:	v12@0:4@8
0x005cf858	World	instance	welcomeMessageRecievedFromServer:	v12@0:4@8
0x005cfa4c	World	instance	welcomeMessage	@8@0:4
0x005cfa88	World	instance	initMuteList	v8@0:4
0x005cfe00	World	instance	playerIsMuted:	c12@0:4@8
0x005cfea4	World	instance	setPlayerMuted:withID:	v16@0:4c8@12
0x005d0410	World	instance	kickOrBanPlayerFromButtonIsBan:withName:	v16@0:4c8@12
0x005d0c5c	World	instance	banPlayerWithNameFromPlayerButton:	v12@0:4@8
0x005d0cc4	World	instance	kickPlayerWithNameFromPlayerButton:	v12@0:4@8
0x005d0d2c	World	instance	isCloudGame	c8@0:4
0x005d0e54	World	instance	reportUserWithName:reporterName:reporterMessage:reportedAvatarImagePath:	v24@0:4@8@12@16@20
0x005d13d8	World	instance	newServerPasswordSet:	v12@0:4@8
0x005d1484	World	instance	sendNewPasswordToServer:	v12@0:4@8
0x005d1724	World	instance	serverPassword	@8@0:4
0x005d1760	World	instance	clientPassword	@8@0:4
0x005d179c	World	instance	sendNewPrivacySettingToServer:	v12@0:4I8
0x005d1a68	World	instance	serverPrivacySetting	I8@0:4
0x005d1aa4	World	instance	alertView:didDismissWithButtonIndex:	v16@0:4@8i12
0x005d2098	World	instance	textFieldShouldReturn:	c12@0:4@8
0x005d218c	World	instance	reportButtonTappedForPlayer:	v12@0:4@8
0x005d2ab8	World	instance	canAddWorldCredit	c8@0:4
0x005d2b90	World	instance	showWorldCreditUI	v8@0:4
0x005d2c7c	World	instance	getCurrentCreditTimeString	@8@0:4
0x005d3158	World	instance	cloudTopupSucceeded:	v12@0:4f8
0x005d3248	World	instance	cloudTopupFailed:	v12@0:4i8
0x005d3260	World	instance	startCloudTopup	v8@0:4
0x005d32ac	World	instance	IAPForWorldTopupSucceeeded:transactionID:	v16@0:4@8@12
0x005d3348	World	instance	shareURL:message:fromRect:	v32@0:4@8@12{CGRect={CGPoint=ff}{CGSize=ff}}16
0x005d3410	World	instance	worldUI	@8@0:4
0x005d3474	World	instance	openOwnerPortal	v8@0:4
0x005d3538	World	instance	signOwnershipPlayerListRecievedFromServer:	v12@0:4@8
0x005d35cc	World	instance	updateLocalOwnershipSignsDueToSignPlacedOrChangedAtPos:withLandOwner:widthRadius:heightRadius:wasRemoved:	v32@0:4{?=ii}8@16i20i24c28
0x005d3e08	World	instance	signOwnershipModificationRecievedFromServer:	v12@0:4@8
0x005d4144	World	instance	ownershipSignWasPlacedOrChangedAtPos:withLandOwner:widthRadius:heightRadius:wasRemoved:	v32@0:4{?=ii}8@16i20i24c28
0x005d4718	World	instance	tileIsProtectedAtPos:againstClient:	c20@0:4{?=ii}8@16
0x005d5308	World	instance	tileIsProtectedAtPos:againstBlockhead:	c20@0:4{?=ii}8@16
0x005d53b0	World	instance	displayOwnershipAreas	v8@0:4
0x005d5534	World	instance	renderingTeaserFrames	c8@0:4
0x005d5584	World	instance	customRules	{CustomRules=CcccIcccccccccccccccc[8c][8S]cccccc[3C]cccccc}8@0:4
0x005d55d0	World	instance	customRulesDict	@8@0:4
0x005d560c	World	instance	customRuleForOptionNamed:	@12@0:4@8
0x005d5684	World	instance	customRulesChanged	v8@0:4
0x005d5710	World	instance	setCustomRule:forOptionNamed:	v16@0:4@8@12
0x005d5b10	World	instance	customRuleDictRecievedFromNet:	v12@0:4@8
0x005d5f80	World	instance	setCustomSlotAtIndex:toItemType:count:	v20@0:4i8i12i16
0x005d6590	World	instance	setSunColorRule:	v24@0:4{MJColor=ffff}8
0x005d6910	World	instance	sendUpdatedSunColor	v8@0:4
0x005d6cb8	World	instance	sendUpdatedCustomSlots	v8@0:4
0x005d6fc8	World	instance	sandFractionForPos:	f16@0:4{?=ii}8
0x005d704c	World	instance	hasRewardedVideoAvailable	c8@0:4
0x005d70b4	World	instance	verifyClientCustomRulesData:	c12@0:4@8
0x005d790c	World	instance	timeCrystalCloseButtonTapped	v8@0:4
0x005d7970	World	instance	windStrength	f8@0:4
0x005d79c8	World	instance	setDpadControl:	v12@0:4c8
0x005d7b60	World	instance	dpadControl	c8@0:4
0x005d7b9c	World	instance	setDpadDirectControlDisabled:	v12@0:4c8
0x005d7cac	World	instance	dpadDirectControlDisabled	c8@0:4
0x005d7ce8	World	instance	addItemsFromServerFoundItemsList:	v12@0:4@8
0x005d7d54	World	instance	sendUpdatedFoundItemsListToServer	v8@0:4
0x005d7f2c	World	instance	privateAddItemToFoundList:addBasketContents:	c16@0:4@8c12
0x005d848c	World	instance	addItemToFoundList:	v12@0:4@8
0x005d855c	World	instance	addChestItemsToFoundList:	v12@0:4@8
0x005d8974	World	instance	addDodoEggToFoundListWithBreed:	v12@0:4i8
0x005d89ec	World	instance	foundListContainsEggWithDodoBreed:	c12@0:4i8
0x005d8a68	World	instance	hideChatView	v8@0:4
0x005d8acc	World	instance	blockheadFilesReturnedFromServer:	v12@0:4@8
0x005d8d3c	World	instance	startBulkDatabaseUpdate	v8@0:4
0x005d8da4	World	instance	finishBulkDatabaseUpdate	c8@0:4
0x005d8e58	World	instance	usedPhysicalBlocks	^{unordered_set<PhysicalBlock *, std::__1::hash<PhysicalBlock *>, std::__1::equal_to<PhysicalBlock *>, std::__1::allocator<PhysicalBlock *> >={__hash_table<PhysicalBlock *, std::__1::hash<PhysicalBlock *>, std::__1::equal_to<PhysicalBlock *>, std::__1::allocator<PhysicalBlock *> >={unique_ptr<std::__1::__hash_node<PhysicalBlock *, void *> *[], std::__1::__bucket_list_deallocator<std::__1::allocator<std::__1::__hash_node<PhysicalBlock *, void *> *> > >={__compressed_pair<std::__1::__hash_node<PhysicalBlock *, void *> **, std::__1::__bucket_list_deallocator<std::__1::allocator<std::__1::__hash_node<PhysicalBlock *, void *> *> > >=^^{__hash_node<PhysicalBlock *, void *>}{__bucket_list_deallocator<std::__1::allocator<std::__1::__hash_node<PhysicalBlock *, void *> *> >={__compressed_pair<unsigned long, std::__1::allocator<std::__1::__hash_node<PhysicalBlock *, void *> *> >=L}}}}{__compressed_pair<std::__1::__hash_node_base<std::__1::__hash_node<PhysicalBlock *, void *> *>, std::__1::allocator<std::__1::__hash_node<PhysicalBlock *, void *> > >={__hash_node_base<std::__1::__hash_node<PhysicalBlock *, void *> *>=^{__hash_node<PhysicalBlock *, void *>}}}{__compressed_pair<unsigned long, std::__1::hash<PhysicalBlock *> >=L}{__compressed_pair<float, std::__1::equal_to<PhysicalBlock *> >=f}}}8@0:4
0x005d8e90	World	instance	doPortalShotNextFrame	v8@0:4
0x005d8ed0	World	instance	hasFinishedDatabaseMigrationTo17	c8@0:4
0x005d8f0c	World	instance	archiveLightBlocksForClient:	v12@0:4@8
0x005d8f78	World	instance	doRepairForTileAtPos:	v16@0:4{?=ii}8
0x005d971c	World	instance	setRepairMode:	v12@0:4c8
0x005d9784	World	instance	repairMode	c8@0:4
0x005d97c0	World	instance	appDatabase	@8@0:4
0x005d9824	World	instance	worldWidthMacro	i8@0:4
0x005d9860	World	instance	expertMode	c8@0:4
0x005d989c	World	instance	macroTiles	^{MacroTile=CCC^{PhysicalBlock}^{DrawBlock}@f}8@0:4
0x005d98e0	World	instance	dynamicWorld	@8@0:4
0x005d9924	World	instance	saveID	@8@0:4
0x005d9968	World	instance	randomSeed	I8@0:4
0x005d99a4	World	instance	worldTime	d8@0:4
0x005d9a08	World	instance	sunDirection	{Vector=[4f]}8@0:4
0x005d9a68	World	instance	timeOfDayFraction	f8@0:4
0x005d9ab0	World	instance	weatherFraction	f8@0:4
0x005d9af8	World	instance	rainFraction	f8@0:4
0x005d9b40	World	instance	rainFractionNotIncludingSnow	f8@0:4
0x005d9b88	World	instance	dayColor	{Vector=[4f]}8@0:4
0x005d9be8	World	instance	translatingToGoal	c8@0:4
0x005d9c24	World	instance	setTranslatingToGoal:	v12@0:4c8
0x005d9c68	World	instance	loadComplete	c8@0:4
0x005d9ca4	World	instance	incrementalLoadCount	i8@0:4
0x005d9ce0	World	instance	windowInfo	^{WindowInfo=ffffffff}8@0:4
0x005d9d24	World	instance	startPortalPos	{?=ii}8@0:4
0x005d9d84	World	instance	serverClients	@8@0:4
0x005d9dc8	World	instance	server	@8@0:4
0x005d9e0c	World	instance	client	@8@0:4
0x005d9e50	World	instance	fastForward	c8@0:4
0x005d9e8c	World	instance	doubleTimeUnlocked	c8@0:4
0x005d9ec8	World	instance	worldName	@8@0:4
0x005d9f0c	World	instance	isAdmin	c8@0:4
0x005d9f48	World	instance	setIsAdmin:	v12@0:4c8
0x005d9f8c	World	instance	isMod	c8@0:4
0x005d9fc8	World	instance	setIsMod:	v12@0:4c8
0x005da00c	World	instance	isOwner	c8@0:4
0x005da048	World	instance	setIsOwner:	v12@0:4c8
0x005da08c	World	instance	cloudMode	i8@0:4
0x005da0c8	World	instance	setCloudMode:	v12@0:4i8
0x005da10c	World	instance	globalPrices	@8@0:4
0x005da150	World	instance	worldPriceMultipliers	@8@0:4
0x005da194	World	instance	serverMinorVersion	i8@0:4
0x005da1d0	World	instance	portalChestManager	@8@0:4
0x005da214	World	instance	followingBlockhead	c8@0:4
0x005da250	World	instance	setFollowingBlockhead:	v12@0:4c8
0x005da294	World	instance	tutorial	@8@0:4
0x005da2d8	World	instance	pinchScale	d8@0:4
0x005da33c	World	instance	setPinchScale:	v16@0:4d8
0x005da3a8	World	instance	dragInProgress	c8@0:4
0x005da3e4	World	instance	roundedTranslation	{Vector2=[2f]}8@0:4
0x005da444	World	instance	isHeadingTowardsMIdday	c8@0:4
0x005da480	World	instance	cloudInterface	@8@0:4
0x005da4c4	World	instance	setCloudInterface:	v12@0:4@8
0x005da508	World	instance	saveDisabled	c8@0:4
0x005da544	World	instance	setSaveDisabled:	v12@0:4c8
0x005da588	World	instance	slowAnimationIndex	i8@0:4
0x005da5c4	World	instance	waterAnimationIndex	i8@0:4
0x005da600	World	instance	hasJustTakenPhoto	c8@0:4
0x005da63c	World	instance	uiManager	@8@0:4
0x005da680	World	instance	foundItemsList	@8@0:4
0x005da6c4	World	instance	delegate	@8@0:4
0x005da704	World	instance	setDelegate:	v12@0:4@8
0x005da744	World	instance	workbenchChoiceUIDisplayed	c8@0:4
0x005da780	World	instance	newBlockheadUIDisplayed	c8@0:4
0x005da7bc	World	instance	paintMixUIDisplayed	c8@0:4
0x005da7f8	World	instance	addFuelUIDisplayed	c8@0:4
0x005da834	World	instance	jetPackUIDisplayed	c8@0:4
0x005da870	World	instance	sleepProgressUIDisplayed	c8@0:4
0x005da8ac	World	instance	regenerateUIDisplayed	c8@0:4
0x005da8e8	World	instance	hungerUIDisplayed	c8@0:4
0x005da924	World	instance	wearUIDisplayed	c8@0:4
0x005da960	World	instance	popUpUIDisplayed	c8@0:4
0x005da99c	World	instance	tradingPostSellUIDisplayed	c8@0:4
0x005da9d8	World	instance	tradingPostBuyUIDisplayed	c8@0:4
0x005daa14	World	instance	ownershipSignUIDisplayed	c8@0:4
0x005daa50	World	instance	workbenchProgressBarUIDisplayed	c8@0:4
0x005daa8c	World	instance	.cxx_destruct	v8@0:4
0x005dab64	World	instance	.cxx_construct	@8@0:4
0x005e48f8	TradingPost	instance	objectType	i8@0:4
0x005e4914	TradingPost	instance	initSlotsWithSaveDict:	v12@0:4@8
0x005e4ce0	TradingPost	instance	initSubDerivedItems	v8@0:4
0x005e52bc	TradingPost	instance	initWithWorld:dynamicWorld:atPosition:cache:item:flipped:saveDict:placedByClient:clientName:	@48@0:4@8@12{?=ii}16@24@28c32@36@40@44
0x005e5718	TradingPost	instance	initWithWorld:dynamicWorld:saveDict:cache:	@24@0:4@8@12@16@20
0x005e5a94	TradingPost	instance	initWithWorld:dynamicWorld:cache:netData:	@24@0:4@8@12@16@20
0x005e60c8	TradingPost	instance	updateNetDataForClient:	@12@0:4@8
0x005e6938	TradingPost	instance	creationNetDataForClient:	@12@0:4@8
0x005e69ac	TradingPost	instance	dealloc	v8@0:4
0x005e6b08	TradingPost	instance	getSaveDict	@8@0:4
0x005e7024	TradingPost	instance	interactionObjectType	S8@0:4
0x005e7040	TradingPost	instance	remoteUpdate:	v12@0:4@8
0x005e7748	TradingPost	instance	draw:projectionMatrix:modelViewMatrix:cameraMinXWorld:cameraMaxXWorld:cameraMinYWorld:cameraMaxYWorld:	v156@0:4f8(_GLKMatrix4={?=ffffffffffffffff}[16f])12(_GLKMatrix4={?=ffffffffffffffff}[16f])76i140i144i148i152
0x005ea85c	TradingPost	instance	moveInventoryItemsToSellSlotFromArray:count:	i16@0:4@8i12
0x005ebbe4	TradingPost	instance	contentsDidChange	v8@0:4
0x005ebe98	TradingPost	instance	update:accurateDT:isSimulation:	v20@0:4f8f12c16
0x005ebf70	TradingPost	instance	updateBitmapString	v8@0:4
0x005ece18	TradingPost	instance	worldChanged:	v12@0:4^{vector<intpair, std::__1::allocator<intpair> >=^{?}^{?}{__compressed_pair<intpair *, std::__1::allocator<intpair> >=^{?}}}8
0x005ed6ec	TradingPost	instance	worldContentsChanged:	v12@0:4^{vector<intpair, std::__1::allocator<intpair> >=^{?}^{?}{__compressed_pair<intpair *, std::__1::allocator<intpair> >=^{?}}}8
0x005ed704	TradingPost	instance	freeblockCreationItemType	i8@0:4
0x005ed720	TradingPost	instance	freeBlockCreationSaveDict	@8@0:4
0x005ed76c	TradingPost	instance	freeBlockCreationDataA	S8@0:4
0x005ed788	TradingPost	instance	freeBlockCreationDataB	S8@0:4
0x005ed7a4	TradingPost	instance	remove:	v12@0:4@8
0x005edaec	TradingPost	instance	destroyItemType	i8@0:4
0x005edb08	TradingPost	instance	title	@8@0:4
0x005edb38	TradingPost	instance	actionTitle	@8@0:4
0x005edbec	TradingPost	instance	requiresHumanInteraction	c8@0:4
0x005edc08	TradingPost	instance	blockheadIsSeller:	c12@0:4@8
0x005ede48	TradingPost	instance	price	i8@0:4
0x005edeb4	TradingPost	instance	priceTier	i8@0:4
0x005edef0	TradingPost	instance	setPriceTier:	v12@0:4i8
0x005ee188	TradingPost	instance	currentBlockheadCash	i8@0:4
0x005ee238	TradingPost	instance	buyButtonTappedWithQuantity:	v12@0:4i8
0x005ee8b0	TradingPost	instance	sellTitle	@8@0:4
0x005ee9fc	TradingPost	instance	staticGeometryDrawCubeCount	i8@0:4
0x005eeb18	TradingPost	instance	addDrawCubeData:fromIndex:	i16@0:4^f8i12
0x005f08e4	TradingPost	instance	staticGeometryDrawQuadCountForMacroPos:	i16@0:4{?=ii}8
0x005f0908	TradingPost	instance	addDrawQuadData:fromIndex:forMacroPos:	i24@0:4^f8i12{?=ii}16
0x005f0cdc	TradingPost	instance	staticGeometryDrawItemQuadCount	i8@0:4
0x005f0f9c	TradingPost	instance	addDrawItemQuadData:fromIndex:	i16@0:4^f8i12
0x005f20e0	TradingPost	instance	staticGeometryDodoEggCount	i8@0:4
0x005f2224	TradingPost	instance	addDodoEggDrawQuadData:fromIndex:	i16@0:4^f8i12
0x005f25e8	TradingPost	instance	removeFromMacroBlock	v8@0:4
0x005f2834	TradingPost	instance	interactionRenderItemType	i8@0:4
0x005f2850	TradingPost	instance	paint:	v12@0:4S8
0x005f2994	TradingPost	instance	isPaintable	c8@0:4
0x005f29b0	TradingPost	instance	occupiesNormalContents	c8@0:4
0x005f29cc	TradingPost	instance	sellSlot	@8@0:4
0x005f2a10	TradingPost	instance	coinCount	i8@0:4
0x005f2a4c	TradingPost	instance	setCoinCount:	v12@0:4i8
0x005f4218	InteractionObject	instance	objectType	i8@0:4
0x005f4234	InteractionObject	instance	initWithWorld:dynamicWorld:atPosition:cache:item:flipped:saveDict:placedByClient:clientName:	@48@0:4@8@12{?=ii}16@24@28c32@36@40@44
0x005f4634	InteractionObject	instance	initWithWorld:dynamicWorld:saveDict:cache:	@24@0:4@8@12@16@20
0x005f4bb4	InteractionObject	instance	initWithWorld:dynamicWorld:cache:netData:	@24@0:4@8@12@16@20
0x005f4d4c	InteractionObject	instance	blockheadsLoaded	v8@0:4
0x005f50b8	InteractionObject	instance	getSaveDict	@8@0:4
0x005f58c0	InteractionObject	instance	interactionObjectCreationNetData	{InteractionObjectCreationNetData={DynamicObjectNetData=QIIC[7C]}QSCCS[2C]}8@0:4
0x005f5b10	InteractionObject	instance	updateNetDataForClient:	@12@0:4@8
0x005f5bf0	InteractionObject	instance	creationNetDataForClient:	@12@0:4@8
0x005f5c44	InteractionObject	instance	dealloc	v8@0:4
0x005f5dc8	InteractionObject	instance	requiresPhysicalBlock	c8@0:4
0x005f5de4	InteractionObject	instance	update:accurateDT:isSimulation:	v20@0:4f8f12c16
0x005f6394	InteractionObject	instance	startInteractionWithBlockhead:	v12@0:4@8
0x005f6604	InteractionObject	instance	isDoubleHeight	c8@0:4
0x005f6620	InteractionObject	instance	destroyItemType	i8@0:4
0x005f663c	InteractionObject	instance	twoBlocksWide	c8@0:4
0x005f6658	InteractionObject	instance	interactionRenderItemType	i8@0:4
0x005f6674	InteractionObject	instance	remove:	v12@0:4@8
0x005f66ec	InteractionObject	instance	interactionObjectType	S8@0:4
0x005f6708	InteractionObject	instance	title	@8@0:4
0x005f6738	InteractionObject	instance	actionTitle	@8@0:4
0x005f6784	InteractionObject	instance	remoteUpdate:	v12@0:4@8
0x005f6de4	InteractionObject	instance	remoteBlockheadRemovedWithID:	v16@0:4Q8
0x005f6f28	InteractionObject	instance	requiresHumanInteraction	c8@0:4
0x005f6f44	InteractionObject	instance	canBeUsedByBlockhead:	c12@0:4@8
0x005f6fe0	InteractionObject	instance	canBeUsedInExpertModeWhenNotOwned	c8@0:4
0x005f6ffc	InteractionObject	instance	blockheadWouldLikeToTakeOwnership:withSaveDict:	v16@0:4@8@12
0x005f7314	InteractionObject	instance	setPaused:	v12@0:4c8
0x005f732c	InteractionObject	instance	shouldAddToMacroBlock	c8@0:4
0x005f7384	InteractionObject	instance	setProxyObjectOwner:	v12@0:4@8
0x005f741c	InteractionObject	instance	blockheadUnloaded:	v12@0:4@8
0x005f7594	InteractionObject	instance	isPaintable	c8@0:4
0x005f75b0	InteractionObject	instance	paint:	v12@0:4S8
0x005f75f4	InteractionObject	instance	currentBlockhead	@8@0:4
0x005f7638	InteractionObject	instance	isInUse	c8@0:4
0x005f7674	InteractionObject	instance	flipped	c8@0:4
0x005f76b0	InteractionObject	instance	ownerName	@8@0:4
0x005f9ae4	Sign	instance	objectType	i8@0:4
0x005f9b00	Sign	instance	initSubDerivedItems	v8@0:4
0x005fa1b8	Sign	instance	initWithWorld:dynamicWorld:atPosition:cache:item:flipped:saveDict:placedByClient:clientName:	@48@0:4@8@12{?=ii}16@24@28c32@36@40@44
0x005fa5e8	Sign	instance	interactionObjectType	S8@0:4
0x005fa604	Sign	instance	initWithWorld:dynamicWorld:saveDict:cache:	@24@0:4@8@12@16@20
0x005fa89c	Sign	instance	initWithWorld:dynamicWorld:cache:netData:	@24@0:4@8@12@16@20
0x005fae98	Sign	instance	isSignSubclass	c8@0:4
0x005faeb4	Sign	instance	getSaveDict	@8@0:4
0x005fb214	Sign	instance	updateNetDataForClient:	@12@0:4@8
0x005fb268	Sign	instance	netDataExtraDataDict	@8@0:4
0x005fb474	Sign	instance	creationNetDataForClient:	@12@0:4@8
0x005fb7ec	Sign	instance	dealloc	v8@0:4
0x005fb8ec	Sign	instance	removeFromMacroBlock	v8@0:4
0x005fb958	Sign	instance	updateBitmapString	v8@0:4
0x005fc3e8	Sign	instance	setText:	v12@0:4@8
0x005fc568	Sign	instance	text	@8@0:4
0x005fc5a4	Sign	instance	loadRemoteUpdateDataDict:	v12@0:4@8
0x005fc784	Sign	instance	remoteUpdate:	v12@0:4@8
0x005fca18	Sign	instance	update:accurateDT:isSimulation:	v20@0:4f8f12c16
0x005fcaf0	Sign	instance	draw:projectionMatrix:modelViewMatrix:cameraMinXWorld:cameraMaxXWorld:cameraMinYWorld:cameraMaxYWorld:	v156@0:4f8(_GLKMatrix4={?=ffffffffffffffff}[16f])12(_GLKMatrix4={?=ffffffffffffffff}[16f])76i140i144i148i152
0x005ffb58	Sign	instance	worldChanged:	v12@0:4^{vector<intpair, std::__1::allocator<intpair> >=^{?}^{?}{__compressed_pair<intpair *, std::__1::allocator<intpair> >=^{?}}}8
0x006004a8	Sign	instance	freeblockCreationItemType	i8@0:4
0x006004f4	Sign	instance	freeBlockCreationSaveDict	@8@0:4
0x00600540	Sign	instance	freeBlockCreationDataA	S8@0:4
0x0060055c	Sign	instance	freeBlockCreationDataB	S8@0:4
0x00600578	Sign	instance	remove:	v12@0:4@8
0x00600b48	Sign	instance	destroyItemType	i8@0:4
0x00600b64	Sign	instance	title	@8@0:4
0x00600b94	Sign	instance	actionTitle	@8@0:4
0x00600bc4	Sign	instance	requiresHumanInteraction	c8@0:4
0x00600be0	Sign	instance	setNeedsRemoved:	v12@0:4c8
0x00600eb8	Sign	instance	twoBlocksWide	c8@0:4
0x00600f08	Sign	instance	requiresSingleLineTextEditing	c8@0:4
0x00600f24	Sign	instance	canBeUsedByBlockhead:	c12@0:4@8
0x00601104	Sign	instance	interactionRenderItemType	i8@0:4
0x00601120	Sign	instance	paint:	v12@0:4S8
0x00601264	Sign	instance	isPaintable	c8@0:4
0x00601280	Sign	instance	occupiesForegroundContents	c8@0:4
0x0060129c	Sign	instance	offsetType	i8@0:4
0x006012d8	Sign	instance	connectionType	i8@0:4
0x00601af0	JoinWorldUI	instance	initWithDelegate:windowInfo:cache:cloudInterface:	@24@0:4@8^{WindowInfo=ffffffff}12@16@20
0x00602fac	JoinWorldUI	instance	gameLaunchedWithUrlToJoinHost:port:	v16@0:4@8@12
0x00603134	JoinWorldUI	instance	gameLaunchedWithUrlToJoinCloudWorldWithID:name:	v16@0:4@8@12
0x006034e4	JoinWorldUI	instance	startNewSession	v8@0:4
0x00603b24	JoinWorldUI	instance	dismissAlertViews	v8@0:4
0x00603b38	JoinWorldUI	instance	dealloc	v8@0:4
0x00604210	JoinWorldUI	instance	windowInfoChanged:	v12@0:4^{WindowInfo=ffffffff}8
0x0060a798	JoinWorldUI	instance	renderFrame:projectionMatrix:	v76@0:4f8(_GLKMatrix4={?=ffffffffffffffff}[16f])12
0x00610e58	JoinWorldUI	instance	initFinalButtons	v8@0:4
0x00611bec	JoinWorldUI	instance	initNickAndPicButtons:	v12@0:4c8
0x0061499c	JoinWorldUI	instance	joinRandomButton:	v12@0:4@8
0x00615360	JoinWorldUI	instance	searchOptionsButton:	v12@0:4@8
0x00618744	JoinWorldUI	instance	pvpControl:	v12@0:4@8
0x006188d4	JoinWorldUI	instance	customControl:	v12@0:4@8
0x00618a64	JoinWorldUI	instance	expertControl:	v12@0:4@8
0x00618bf4	JoinWorldUI	instance	finalCancelButton:	v12@0:4@8
0x006194e4	JoinWorldUI	instance	finalJoinButton:	v12@0:4@8
0x00619bc8	JoinWorldUI	instance	searchWorldSelected	v8@0:4
0x0061b710	JoinWorldUI	instance	advancedButton:	v12@0:4@8
0x0061c704	JoinWorldUI	instance	advancedCancelButton:	v12@0:4@8
0x0061c74c	JoinWorldUI	instance	advancedLocalNetworkButton:	v12@0:4@8
0x0061c8c0	JoinWorldUI	instance	advancedOnlineButton:	v12@0:4@8
0x0061e398	JoinWorldUI	instance	textField:shouldChangeCharactersInRange:replacementString:	c24@0:4@8{_NSRange=II}12@20
0x0061e690	JoinWorldUI	instance	startSearch	v8@0:4
0x0061e914	JoinWorldUI	instance	alertView:didDismissWithButtonIndex:	v16@0:4@8i12
0x0061f1d8	JoinWorldUI	instance	textFieldShouldReturn:	c12@0:4@8
0x0061f25c	JoinWorldUI	instance	nickNameButton:	v12@0:4@8
0x0061f580	JoinWorldUI	instance	customHostButton:	v12@0:4@8
0x0061f940	JoinWorldUI	instance	customPortButton:	v12@0:4@8
0x0061fd00	JoinWorldUI	instance	advancedSearchButton:	v12@0:4@8
0x0062191c	JoinWorldUI	instance	searchButton:	v12@0:4@8
0x00621ccc	JoinWorldUI	instance	searchResultsSelectionChanged	v8@0:4
0x00621da4	JoinWorldUI	instance	searchResultsReturned:	v12@0:4@8
0x00622018	JoinWorldUI	instance	cloudConnectionFailed:presentTopupUI:	v16@0:4i8c12
0x006221fc	JoinWorldUI	instance	cloudConnectionCancelled	v8@0:4
0x00622260	JoinWorldUI	instance	cloudConnectionRequestSucceededWithHost:port:key:	v20@0:4@8@12@16
0x00622330	JoinWorldUI	instance	searchFailed:	v12@0:4i8
0x00622430	JoinWorldUI	instance	searchCancelled	v8@0:4
0x00622444	JoinWorldUI	instance	shouldDisplayAlertOnSearchFail	c8@0:4
0x00622460	JoinWorldUI	instance	picButton:	v12@0:4@8
0x006225cc	JoinWorldUI	instance	imageWithImage:scaledToSize:	@20@0:4@8{CGSize=ff}12
0x0062279c	JoinWorldUI	instance	imagePickerFinishedWithImage:	v12@0:4@8
0x00622bfc	JoinWorldUI	instance	startTouch:	c16@0:4{CGPoint=ff}8
0x00623e20	JoinWorldUI	instance	moveTouch:	v16@0:4{CGPoint=ff}8
0x00624918	JoinWorldUI	instance	endTouch:	v16@0:4{CGPoint=ff}8
0x00625410	JoinWorldUI	instance	userName	@8@0:4
0x00625454	JoinWorldUI	instance	userPhoto	@8@0:4
0x00625498	JoinWorldUI	instance	customHost	@8@0:4
0x006254dc	JoinWorldUI	instance	customPort	@8@0:4
0x00625520	JoinWorldUI	instance	state	i8@0:4
0x00625658	MJToggleButton	instance	initWithFrame:cache:windowInfo:	@32@0:4{CGRect={CGPoint=ff}{CGSize=ff}}8@24^{WindowInfo=ffffffff}28
0x006257cc	MJToggleButton	instance	on	c8@0:4
0x00625808	MJToggleButton	instance	updateTexturesAndText	v8@0:4
0x00625b80	MJToggleButton	instance	setOn:	v12@0:4c8
0x00625c90	FreeBlock	instance	initSubDerivedObjects	v8@0:4
0x00625fe8	FreeBlock	instance	objectType	i8@0:4
0x00626004	FreeBlock	instance	initWithWorld:dynamicWorld:atPosition:ofType:dataA:dataB:subItems:dynamicObjectSaveDict:cache:hovers:priorityBlockhead:	@56@0:4@8@12{?=ii}16i24S28S32@36@40@44c48@52
0x00626940	FreeBlock	instance	updatePosition:	v16@0:4{?=ii}8
0x00626a68	FreeBlock	instance	initWithWorld:dynamicWorld:saveDict:cache:	@24@0:4@8@12@16@20
0x00627f74	FreeBlock	instance	initWithWorld:dynamicWorld:cache:netData:	@24@0:4@8@12@16@20
0x006280cc	FreeBlock	instance	initWithWorld:dynamicWorld:cache:netData:avoidFreeblockDupeObjectIds:	@28@0:4@8@12@16@20^{list<unsigned long long, std::__1::allocator<unsigned long long> >={__list_node_base<unsigned long long, void *>=^{__list_node<unsigned long long, void *>}^{__list_node<unsigned long long, void *>}}{__compressed_pair<unsigned long, std::__1::allocator<std::__1::__list_node<unsigned long long, void *> > >=L}}24
0x00629500	FreeBlock	instance	dealloc	v8@0:4
0x00629670	FreeBlock	instance	removeFromMacroBlock	v8@0:4
0x00629804	FreeBlock	instance	getSaveDict	@8@0:4
0x0062a4bc	FreeBlock	instance	updateNetDataForClient:	@12@0:4@8
0x0062a6f0	FreeBlock	instance	creationNetDataForClient:	@12@0:4@8
0x0062b260	FreeBlock	class	creationNetDataForFreeblockAtPosition:ofType:dataA:dataB:subItems:dynamicObjectSaveDict:hovers:priorityBlockhead:soundType:creationSoundPlayTime:	@52@0:4{?=ii}8i16S20S24@28@32c36@40i44f48
0x0062ba94	FreeBlock	instance	remoteUpdate:	v12@0:4@8
0x0062bcd8	FreeBlock	instance	hitLava	v8@0:4
0x0062bfe8	FreeBlock	instance	update:accurateDT:isSimulation:	v20@0:4f8f12c16
0x0062f868	FreeBlock	instance	draw:projectionMatrix:modelViewMatrix:cameraMinXWorld:cameraMaxXWorld:cameraMinYWorld:cameraMaxYWorld:	v156@0:4f8(_GLKMatrix4={?=ffffffffffffffff}[16f])12(_GLKMatrix4={?=ffffffffffffffff}[16f])76i140i144i148i152
0x006343f4	FreeBlock	instance	falling	c8@0:4
0x0063451c	FreeBlock	instance	priorityBlockheadCannotPickup	v8@0:4
0x00634624	FreeBlock	instance	shouldSaveEveryChangeInPosition	c8@0:4
0x00634640	FreeBlock	instance	itemType	i8@0:4
0x0063467c	FreeBlock	instance	setItemType:	v12@0:4i8
0x006346c0	FreeBlock	instance	dataA	S8@0:4
0x006346fc	FreeBlock	instance	setDataA:	v12@0:4S8
0x00634744	FreeBlock	instance	dataB	S8@0:4
0x00634780	FreeBlock	instance	setDataB:	v12@0:4S8
0x006347c8	FreeBlock	instance	subItems	@8@0:4
0x0063480c	FreeBlock	instance	priorityBlockhead	@8@0:4
0x00634850	FreeBlock	instance	dynamicObjectSaveDict	@8@0:4
0x00634894	FreeBlock	instance	hovers	c8@0:4
0x006348d0	FreeBlock	instance	setHovers:	v12@0:4c8
0x00634914	FreeBlock	instance	creationSoundPlayTime	f8@0:4
0x0063495c	FreeBlock	instance	setCreationSoundPlayTime:	v12@0:4f8
0x006349a8	FreeBlock	instance	soundType	i8@0:4
0x006349e4	FreeBlock	instance	setSoundType:	v12@0:4i8
0x00637460	HungerUI	instance	loadResources	v8@0:4
0x00638114	HungerUI	instance	initWithWorld:windowInfo:cache:	@20@0:4@8^{WindowInfo=ffffffff}12@16
0x0063824c	HungerUI	instance	dealloc	v8@0:4
0x0063848c	HungerUI	instance	updateFoodTypeAndCount	v8@0:4
0x0063a414	HungerUI	instance	setBlockhead:	v12@0:4@8
0x0063a578	HungerUI	instance	blockhead	@8@0:4
0x0063a5b4	HungerUI	instance	windowInfoChanged:	v12@0:4^{WindowInfo=ffffffff}8
0x0063a6d8	HungerUI	instance	render:translation:pinchScale:	v24@0:4f8{Vector2=[2f]}12f20
0x0063d524	HungerUI	instance	touchIsInViewAtAll:	c16@0:4{CGPoint=ff}8
0x0063d6a0	HungerUI	instance	touchIsInUI:	c16@0:4{CGPoint=ff}8
0x0063d7b4	HungerUI	instance	startTouch:tapCount:	c20@0:4{CGPoint=ff}8i16
0x0063d928	HungerUI	instance	moveTouch:	v16@0:4{CGPoint=ff}8
0x0063da38	HungerUI	instance	endTouch:	v16@0:4{CGPoint=ff}8
0x0063db48	HungerUI	instance	center:	{Vector2=[2f]}12@0:4f8
0x0063dc68	HungerUI	instance	dimensions	{Vector2=[2f]}8@0:4
0x0063dd00	HungerUI	instance	eatButton:	v12@0:4@8
0x0063dd6c	HungerUI	instance	buttonEnabled	c8@0:4
0x0063ddd4	HungerUI	instance	buttonTitle	@8@0:4
0x0063de38	HungerUI	instance	useButtonTapped	v8@0:4
0x0063de8c	HungerUI	instance	hideDpadWhenVisible	c8@0:4
0x0063dea8	HungerUI	instance	.cxx_construct	@8@0:4
0x0063dff4	TradePortalGraph	instance	connected	c8@0:4
0x0063e0c8	TradePortalGraph	instance	initWithFrame:cache:windowInfo:tradePortalUI:world:tradePortal:itemType:	@48@0:4{CGRect={CGPoint=ff}{CGSize=ff}}8@24^{WindowInfo=ffffffff}28@32@36@40i44
0x006415dc	TradePortalGraph	instance	dealloc	v8@0:4
0x00641860	TradePortalGraph	instance	renderFrame:projectionMatrix:translationOffset:	v84@0:4f8(_GLKMatrix4={?=ffffffffffffffff}[16f])12{Vector2=[2f]}76
0x00642bc0	TradePortalGraph	instance	touchIsInUI:	c16@0:4{CGPoint=ff}8
0x00642e08	TradePortalGraph	instance	startTouch:	c16@0:4{CGPoint=ff}8
0x00642ee8	TradePortalGraph	instance	endTouch:	v16@0:4{CGPoint=ff}8
0x0064302c	TradePortalGraph	instance	connection:didReceiveResponse:	v16@0:4@8@12
0x006430d8	TradePortalGraph	instance	connection:didReceiveData:	v16@0:4@8@12
0x00643188	TradePortalGraph	instance	connection:didFailWithError:	v16@0:4@8@12
0x0064331c	TradePortalGraph	instance	connectionDidFinishLoading:	v12@0:4@8
0x00643a68	NPC	instance	npcType	i8@0:4
0x00643a84	NPC	instance	maxAge	f8@0:4
0x00643ab4	NPC	instance	diesOfOldAge	c8@0:4
0x00643ad0	NPC	instance	minFullness	f8@0:4
0x00643b04	NPC	instance	diesOfLowFullness	c8@0:4
0x00643b20	NPC	instance	loadValuesFromSaveDict:	v12@0:4@8
0x0064448c	NPC	instance	setAdultCreationStartValues	v8@0:4
0x006445e8	NPC	instance	setBabyCreationStartValues	v8@0:4
0x00644704	NPC	instance	createItemDropsForDeath	v8@0:4
0x00644718	NPC	instance	initWithWorld:dynamicWorld:atPosition:cache:saveDict:isAdult:wasPlaced:placedByClient:	@44@0:4@8@12{?=ii}16@24@28c32c36@40
0x00644b24	NPC	instance	initWithWorld:dynamicWorld:saveDict:cache:	@24@0:4@8@12@16@20
0x00644ca0	NPC	instance	initWithWorld:dynamicWorld:cache:netData:	@24@0:4@8@12@16@20
0x00644e94	NPC	instance	npcCreationNetDataForClient:	{NPCCreationNetData={DynamicObjectNetData=QIIC[7C]}QQQSSCCCCssSsC[7C]}12@0:4@8
0x006455d4	NPC	instance	npcUpdateNetDataForClient:	{NPCUpdateNetData={DynamicObjectNetData=QIIC[7C]}}12@0:4@8
0x0064567c	NPC	instance	appendNPCCreationDataToData:	@12@0:4@8
0x0064589c	NPC	instance	creationNetDataForClient:	@12@0:4@8
0x006459c0	NPC	instance	updateNetDataForClient:	@12@0:4@8
0x00645aac	NPC	instance	getSaveDict	@8@0:4
0x00646738	NPC	instance	dealloc	v8@0:4
0x006468d0	NPC	instance	update:accurateDT:isSimulation:	v20@0:4f8f12c16
0x00647c84	NPC	instance	remoteUpdate:	v12@0:4@8
0x00647cf8	NPC	instance	remoteCreationDataUpdate:	v12@0:4@8
0x00649358	NPC	instance	creationDataStructSize	L8@0:4
0x00649374	NPC	instance	maxHealth	S8@0:4
0x00649390	NPC	instance	healthFraction	f8@0:4
0x00649428	NPC	instance	fullnessFraction	f8@0:4
0x0064952c	NPC	instance	tapIsWithinBodyRadius:	c16@0:4{Vector2=[2f]}8
0x00649550	NPC	instance	objectType	i8@0:4
0x00649670	NPC	instance	die:	v12@0:4@8
0x00649880	NPC	instance	reactToBeingHit	v8@0:4
0x00649894	NPC	instance	hitWithForce:blockhead:	v16@0:4i8@12
0x00649e20	NPC	instance	willDieIfHitByForce:	c12@0:4i8
0x00649ebc	NPC	instance	renderPos	{Vector2=[2f]}8@0:4
0x00649f04	NPC	instance	center	{Vector2=[2f]}8@0:4
0x00649f8c	NPC	instance	isVisible	c8@0:4
0x00649fc8	NPC	instance	blockheadCanRide:usingItem:	c16@0:4@8i12
0x00649fec	NPC	instance	blockheadUnloaded:	v12@0:4@8
0x0064a208	NPC	instance	inspectionStopped	v8@0:4
0x0064a268	NPC	instance	speciesName	@8@0:4
0x0064a298	NPC	instance	foodItemType	i8@0:4
0x0064a2b4	NPC	instance	capturedItemType	i8@0:4
0x0064a2d0	NPC	instance	captureRequiredItemType	i8@0:4
0x0064a2f0	NPC	instance	canBeFedByBlockhead:	c12@0:4@8
0x0064a49c	NPC	instance	cantBeFedTipStringForBlockhead:	@12@0:4@8
0x0064a554	NPC	instance	canBeMilkedByBlockhead:	c12@0:4@8
0x0064a574	NPC	instance	cantBeMilkedTipStringForBlockhead:	@12@0:4@8
0x0064a62c	NPC	instance	milkByBlockhead:	c12@0:4@8
0x0064a64c	NPC	instance	canBeShavedByBlockhead:	c12@0:4@8
0x0064a66c	NPC	instance	cantBeShavedTipStringForBlockhead:	@12@0:4@8
0x0064a724	NPC	instance	shaveByBlockhead:	c12@0:4@8
0x0064a744	NPC	instance	canBeCapturedByBlockhead:withItemType:	c16@0:4@8i12
0x0064a768	NPC	instance	cantBeCapturedTipStringForBlockhead:withItemType:	@16@0:4@8i12
0x0064a78c	NPC	instance	actionTitle	@8@0:4
0x0064a7c8	NPC	instance	isDoubleHeight	c8@0:4
0x0064a7e4	NPC	instance	canBeRemovedByBlockhead:	c12@0:4@8
0x0064a83c	NPC	instance	minRidableAge	f8@0:4
0x0064a86c	NPC	instance	secondOptionTitle	@8@0:4
0x0064a98c	NPC	instance	removeTitle	@8@0:4
0x0064a9bc	NPC	instance	removeIsRed	c8@0:4
0x0064a9d8	NPC	instance	secondChoiceIsBlue	c8@0:4
0x0064a9f8	NPC	instance	generateNewName	v8@0:4
0x0064acf8	NPC	instance	getNamesArray	^@8@0:4
0x0064ad14	NPC	instance	getNamesArrayCount	i8@0:4
0x0064ad30	NPC	instance	breedString	@8@0:4
0x0064ad80	NPC	instance	successfulTame	v8@0:4
0x0064b398	NPC	instance	feedByBlockhead:	c12@0:4@8
0x0064bf30	NPC	instance	drawName:modelViewMatrix:pinchScale:cameraMinXWorld:cameraMaxXWorld:cameraMinYWorld:cameraMaxYWorld:	v156@0:4(_GLKMatrix4={?=ffffffffffffffff}[16f])8(_GLKMatrix4={?=ffffffffffffffff}[16f])72f136i140i144i148i152
0x0064e5c8	NPC	instance	name	@8@0:4
0x0064e604	NPC	instance	changeName:	v12@0:4@8
0x0064e81c	NPC	instance	tamed	c8@0:4
0x0064e8d8	NPC	instance	belongsToPlayerWithBlockhead:	c12@0:4@8
0x0064eb64	NPC	instance	belongsToLocalPlayer	c8@0:4
0x0064ed9c	NPC	instance	beginBlockheadInspection:	v12@0:4@8
0x0064ee04	NPC	instance	blockheadIsComingToInspect:	v12@0:4@8
0x0064ee48	NPC	instance	canMate	c8@0:4
0x0064ef20	NPC	instance	mateWithNPC:	c12@0:4@8
0x0064f124	NPC	instance	setFreeByBlockhead:	v12@0:4@8
0x0064f444	NPC	instance	captureByBlockhead:withItemType:	c16@0:4@8i12
0x0064f6c8	NPC	instance	addRider:	v12@0:4@8
0x0064f9a0	NPC	instance	removeRider:	v12@0:4@8
0x0064fbf0	NPC	instance	swipeUpGesture	v8@0:4
0x0064fc04	NPC	instance	riderBodyYRotationForBlockhead:	f12@0:4@8
0x0064fc34	NPC	instance	riderBodyZRotationForBlockhead:	f12@0:4@8
0x0064fc64	NPC	instance	cameraPosForBlockhead:	{Vector2=[2f]}12@0:4@8
0x0064fcf0	NPC	instance	jumpsOnSwipe	c8@0:4
0x0064fd0c	NPC	instance	rideDirection	i8@0:4
0x0064fd28	NPC	instance	requiresFuel	c8@0:4
0x0064fd44	NPC	instance	actsAsInteractionObject	@8@0:4
0x0064fd60	NPC	instance	blockheadsLoaded	v8@0:4
0x006500c0	NPC	instance	riderPosForBlockhead:	{Vector=[4f]}12@0:4@8
0x00650180	NPC	instance	setTargetVelocity:	v16@0:4{Vector2=[2f]}8
0x0065019c	NPC	instance	riderDPadShouldGiveDiscreteValues	c8@0:4
0x006501b8	NPC	instance	requiresPhysicalBlock	c8@0:4
0x00650218	NPC	instance	checkCurrentPositionForFood	v8@0:4
0x0065096c	NPC	instance	reactToBeingFed	v8@0:4
0x00650980	NPC	instance	namePos	{Vector2=[2f]}8@0:4
0x00650a2c	NPC	instance	riderDPadShouldAllowUpDown	c8@0:4
0x00650a48	NPC	instance	suffersDamageAtHighTemperatures	c8@0:4
0x00650a64	NPC	instance	ridableWhenTamed	c8@0:4
0x00650a80	NPC	instance	clientIDForSavingSeperatelyAndOnlyLoadingWhilePlayerOnline	@8@0:4
0x00650abc	NPC	instance	shouldSaveEveryChangeInPosition	c8@0:4
0x00650b10	NPC	instance	updatePosition:	v16@0:4{?=ii}8
0x00651314	NPC	instance	age	f8@0:4
0x0065135c	NPC	instance	setAge:	v12@0:4f8
0x006513a8	NPC	instance	breed	S8@0:4
0x006513e4	NPC	instance	setBreed:	v12@0:4S8
0x0065158c	ScrollingNetPlayerButtons	instance	initWithFrame:cache:windowInfo:worldUI:world:	@40@0:4{CGRect={CGPoint=ff}{CGSize=ff}}8@24^{WindowInfo=ffffffff}28@32@36
0x00651708	ScrollingNetPlayerButtons	instance	dealloc	v8@0:4
0x00651844	ScrollingNetPlayerButtons	instance	windowInfoChanged:extraPadding:	v16@0:4^{WindowInfo=ffffffff}8i12
0x006527ec	ScrollingNetPlayerButtons	instance	updatePlayerButtons:extraPadding:audioChatSupported:audioChatEnabled:	v24@0:4@8i12c16c20
0x00654178	ScrollingNetPlayerButtons	instance	renderFrame:projectionMatrix:animationTimer:	v80@0:4f8(_GLKMatrix4={?=ffffffffffffffff}[16f])12f76
0x00655ad0	ScrollingNetPlayerButtons	instance	touchIsInUI:	c16@0:4{CGPoint=ff}8
0x00655e3c	ScrollingNetPlayerButtons	instance	startTouch:	c16@0:4{CGPoint=ff}8
0x00656350	ScrollingNetPlayerButtons	instance	moveTouch:	v16@0:4{CGPoint=ff}8
0x00656da4	ScrollingNetPlayerButtons	instance	endTouch:	v16@0:4{CGPoint=ff}8
0x00657124	ScrollingNetPlayerButtons	instance	button:	v12@0:4@8
0x0065737c	ScrollingNetPlayerButtons	instance	playerUIIsDisplayed	c8@0:4
0x0065759c	ScrollingNetPlayerButtons	instance	scrollInProgress	c8@0:4
0x006575d8	ScrollingNetPlayerButtons	instance	scroll	f8@0:4
0x00657620	ScrollingNetPlayerButtons	instance	setScroll:	v12@0:4f8
0x0065766c	ScrollingNetPlayerButtons	instance	playerButtons	@8@0:4
0x00657810	BlockheadButton	instance	initWithFrame:cache:windowInfo:textFrame:alignment:world:	@56@0:4{CGRect={CGPoint=ff}{CGSize=ff}}8@24^{WindowInfo=ffffffff}28{CGRect={CGPoint=ff}{CGSize=ff}}32i48@52
0x0065813c	BlockheadButton	instance	dealloc	v8@0:4
0x0065823c	BlockheadButton	instance	updateName	v8@0:4
0x006582f4	BlockheadButton	instance	setBlockhead:	v12@0:4@8
0x006583f8	BlockheadButton	instance	setFrame:alignment:windowInfo:	v32@0:4{CGRect={CGPoint=ff}{CGSize=ff}}8i24^{WindowInfo=ffffffff}28
0x006588e0	BlockheadButton	instance	renderFrame:projectionMatrix:	v76@0:4f8(_GLKMatrix4={?=ffffffffffffffff}[16f])12
0x0065cf3c	BlockheadButton	instance	renderBackgroundItems:projectionMatrix:	v76@0:4f8(_GLKMatrix4={?=ffffffffffffffff}[16f])12
0x00660928	MJView	instance	setHidden:	v12@0:4c8
0x00660b70	MJView	instance	hidden	c8@0:4
0x00660bac	MJView	instance	initWithFrame:cache:windowInfo:	@32@0:4{CGRect={CGPoint=ff}{CGSize=ff}}8@24^{WindowInfo=ffffffff}28
0x00660e7c	MJView	instance	renderFrame:projectionMatrix:	v76@0:4f8(_GLKMatrix4={?=ffffffffffffffff}[16f])12
0x006612b8	MJView	instance	addSubview:	v12@0:4@8
0x00661330	MJView	instance	removeSubview:	v12@0:4@8
0x006613a8	MJView	instance	dealloc	v8@0:4
0x006614a8	MJView	instance	touchIsInUI:	c16@0:4{CGPoint=ff}8
0x00661768	MJView	instance	startTouch:	c16@0:4{CGPoint=ff}8
0x00661a28	MJView	instance	moveTouch:	v16@0:4{CGPoint=ff}8
0x00661c98	MJView	instance	endTouch:	v16@0:4{CGPoint=ff}8
0x00661f08	MJView	instance	hoverMove:	v16@0:4{CGPoint=ff}8
0x00662178	MJView	instance	setAlpha:	v12@0:4f8
0x006623a4	MJView	instance	alpha	f8@0:4
0x006623e4	MJView	instance	setWindowInfo:	v12@0:4^{WindowInfo=ffffffff}8
0x00662428	MJView	instance	frame	{CGRect={CGPoint=ff}{CGSize=ff}}8@0:4
0x00662488	MJView	instance	setFrame:	v24@0:4{CGRect={CGPoint=ff}{CGSize=ff}}8
0x00662508	MJView	instance	color	{MJColor=ffff}8@0:4
0x00662568	MJView	instance	setColor:	v24@0:4{MJColor=ffff}8
0x006625e8	MJView	instance	ignoreEvents	c8@0:4
0x00662624	MJView	instance	setIgnoreEvents:	v12@0:4c8
0x00662668	MJView	instance	.cxx_construct	@8@0:4
0x00662680	DatabaseEnvironment	instance	initWithPath:maxDatabases:maxMapSizeInMB:	@20@0:4@8i12L16
0x00662d44	DatabaseEnvironment	instance	dealloc	v8@0:4
0x00662e68	DatabaseEnvironment	instance	startBulkTransaction	c8@0:4
0x00663044	DatabaseEnvironment	instance	finishBulkTransaction	c8@0:4
0x00663168	DatabaseEnvironment	instance	env	^{MDB_env=}8@0:4
0x006631ac	DatabaseEnvironment	instance	bulkTransaction	^{MDB_txn=}8@0:4
0x0066326c	PaintMixUI	instance	loadResources	v8@0:4
0x00663f30	PaintMixUI	instance	initWithWorld:windowInfo:cache:	@20@0:4@8^{WindowInfo=ffffffff}12@16
0x00664048	PaintMixUI	instance	dealloc	v8@0:4
0x006642d0	PaintMixUI	instance	updateMix	v8@0:4
0x0066972c	PaintMixUI	instance	setWorkbench:blockhead:craftableItemObject:	v20@0:4@8@12@16
0x0066ced4	PaintMixUI	instance	blockheadInventoryChanged	v8@0:4
0x0066d09c	PaintMixUI	instance	windowInfoChanged:	v12@0:4^{WindowInfo=ffffffff}8
0x0066d1c0	PaintMixUI	instance	render:translation:pinchScale:	v24@0:4f8{Vector2=[2f]}12f20
0x006723e8	PaintMixUI	instance	touchIsInViewAtAll:	c16@0:4{CGPoint=ff}8
0x00672564	PaintMixUI	instance	touchIsInUI:	c16@0:4{CGPoint=ff}8
0x00672960	PaintMixUI	instance	startTouch:tapCount:	c20@0:4{CGPoint=ff}8i16
0x00672d70	PaintMixUI	instance	moveTouch:	v16@0:4{CGPoint=ff}8
0x0067307c	PaintMixUI	instance	endTouch:	v16@0:4{CGPoint=ff}8
0x00673388	PaintMixUI	instance	craftButton:	v12@0:4@8
0x00673b48	PaintMixUI	instance	countSlider:	v12@0:4@8
0x006740a4	PaintMixUI	instance	center:	{Vector2=[2f]}12@0:4f8
0x006741c8	PaintMixUI	instance	pigmentSlectionChanged:	v12@0:4@8
0x00674218	PaintMixUI	instance	workbench	@8@0:4
0x0067425c	PaintMixUI	instance	.cxx_construct	@8@0:4
0x0067440c	FireObject	instance	initSubDerivedItems	v8@0:4
0x00674688	FireObject	instance	objectType	i8@0:4
0x006746a4	FireObject	instance	getLightRGB	{Vector=[4f]}8@0:4
0x00674704	FireObject	instance	initWithWorld:dynamicWorld:atPosition:cache:	@28@0:4@8@12{?=ii}16@24
0x00674af4	FireObject	instance	initWithWorld:dynamicWorld:saveDict:cache:	@24@0:4@8@12@16@20
0x00674f00	FireObject	instance	initWithWorld:dynamicWorld:cache:netData:	@24@0:4@8@12@16@20
0x0067501c	FireObject	instance	getSaveDict	@8@0:4
0x006753ec	FireObject	instance	updateNetDataForClient:	@12@0:4@8
0x00675440	FireObject	instance	creationNetDataForClient:	@12@0:4@8
0x00675560	FireObject	instance	dealloc	v8@0:4
0x00675648	FireObject	instance	setNeedsRemoved:	v12@0:4c8
0x00675730	FireObject	instance	removeFromMacroBlock	v8@0:4
0x00675cd4	FireObject	instance	requiresPhysicalBlock	c8@0:4
0x00675d30	FireObject	instance	update:accurateDT:isSimulation:	v20@0:4f8f12c16
0x00676800	FireObject	instance	draw:projectionMatrix:modelViewMatrix:cameraMinXWorld:cameraMaxXWorld:cameraMinYWorld:cameraMaxYWorld:	v156@0:4f8(_GLKMatrix4={?=ffffffffffffffff}[16f])12(_GLKMatrix4={?=ffffffffffffffff}[16f])76i140i144i148i152
0x00679a48	FireObject	instance	worldChanged:	v12@0:4^{vector<intpair, std::__1::allocator<intpair> >=^{?}^{?}{__compressed_pair<intpair *, std::__1::allocator<intpair> >=^{?}}}8
0x00679ab4	FireObject	instance	addArtificialLightContributionForPhysicalBlockLoadedAtXPos:yPos:	v16@0:4i8i12
0x00679e28	ScrollingButtonsTradePortal	instance	initWithFrame:cache:windowInfo:tradePortalUI:world:	@40@0:4{CGRect={CGPoint=ff}{CGSize=ff}}8@24^{WindowInfo=ffffffff}28@32@36
0x0067a928	ScrollingButtonsTradePortal	instance	dealloc	v8@0:4
0x0067aa5c	ScrollingButtonsTradePortal	instance	selectedButtonIndex	i8@0:4
0x0067aa98	ScrollingButtonsTradePortal	instance	setTradePortal:blockhead:	v16@0:4@8@12
0x0067c008	ScrollingButtonsTradePortal	instance	renderFrame:projectionMatrix:translationOffset:scale:	v88@0:4f8(_GLKMatrix4={?=ffffffffffffffff}[16f])12{Vector2=[2f]}76f84
0x00681b44	ScrollingButtonsTradePortal	instance	touchIsInUI:	c16@0:4{CGPoint=ff}8
0x00681d8c	ScrollingButtonsTradePortal	instance	startTouch:	c16@0:4{CGPoint=ff}8
0x006821cc	ScrollingButtonsTradePortal	instance	moveTouch:	v16@0:4{CGPoint=ff}8
0x0068292c	ScrollingButtonsTradePortal	instance	endTouch:	v16@0:4{CGPoint=ff}8
0x00682bd0	ScrollingButtonsTradePortal	instance	button:	v12@0:4@8
0x00682f7c	ScrollingButtonsTradePortal	instance	buttonCount	i8@0:4
0x006854cc	BHNetNode	instance	initWithDelegate:match:netNodeType:	@20@0:4@8@12i16
0x00685ac0	BHNetNode	instance	updateMatch:	v12@0:4@8
0x00686040	BHNetNode	instance	loadInfoForPlayer:	c12@0:4@8
0x00686648	BHNetNode	instance	infoArrived:forPlayer:	v16@0:4@8@12
0x00686b98	BHNetNode	instance	updatePlayerList:	v12@0:4@8
0x00687554	BHNetNode	instance	purgeChatPicCache	v8@0:4
0x00687568	BHNetNode	instance	cleanup	v8@0:4
0x00687910	BHNetNode	instance	playerInfoForPeerID:	@12@0:4@8
0x00687d14	BHNetNode	instance	serverPlayerID	@8@0:4
0x00687d44	BHNetNode	instance	match:player:didChangeState:	v20@0:4@8@12i16
0x006880dc	BHNetNode	instance	match:connectionWithPlayerFailed:withError:	v20@0:4@8@12@16
0x006883b4	BHNetNode	instance	match:didReceiveData:fromPlayer:	v20@0:4@8@12@16
0x006883d8	BHNetNode	instance	startVoiceChat	v8@0:4
0x00688d20	BHNetNode	instance	toggleAudioSessionActive	v8@0:4
0x00688fac	BHNetNode	instance	endVoiceChat	v8@0:4
0x0068911c	BHNetNode	instance	match:didFailWithError:	v16@0:4@8@12
0x00689170	BHNetNode	instance	voiceChatActive	c8@0:4
0x006891c4	BHNetNode	instance	sendChatMessage:sendToClients:	v16@0:4@8@12
0x00689238	BHNetNode	instance	sendChatMessage:displayNotification:sendToClients:	v20@0:4@8c12@16
0x0068925c	BHNetNode	instance	localPlayerID	@8@0:4
0x006892c0	BHNetNode	instance	localPlayerName	@8@0:4
0x00689324	BHNetNode	instance	audioChatSupported	c8@0:4
0x0068938c	BHNetNode	instance	notifyPlayersChanged	v8@0:4
0x00689460	BHNetNode	instance	livePlayerInfos	@8@0:4
0x006894a4	BHNetNode	instance	match	@8@0:4
0x006894e8	BHNetNode	instance	netNodeType	i8@0:4
0x00689620	TradePortalItem	instance	initWithScrollingListTradePortal:world:tradePortal:cache:windowInfo:itemType:currentLevel:yPos:	@40@0:4@8@12@16@20^{WindowInfo=ffffffff}24i28i32i36
0x0068dc1c	TradePortalItem	instance	dealloc	v8@0:4
0x0068de28	TradePortalItem	instance	update	v8@0:4
0x00690758	TradePortalItem	instance	renderFrame:mvpMatrix:translationOffset:scale:lineMax:yScroll:	v96@0:4f8(_GLKMatrix4={?=ffffffffffffffff}[16f])12{Vector2=[2f]}76f84i88f92
0x0069590c	TradePortalItem	instance	startTouch:	c16@0:4{CGPoint=ff}8
0x00695a60	TradePortalItem	instance	moveTouch:	v16@0:4{CGPoint=ff}8
0x00695b64	TradePortalItem	instance	endTouch:	v16@0:4{CGPoint=ff}8
0x00695c68	TradePortalItem	instance	graphButton:	v12@0:4@8
0x006984d4	BHNetServerMatch	instance	setPrivacyByString:	v12@0:4@8
0x00698694	BHNetServerMatch	instance	initWithPort:userName:photo:hasLocalPLayer:worldName:credit:cloudSalt:ownerName:privacy:	@44@0:4@8@12@16c20@24f28@32@36@40
0x006991c8	BHNetServerMatch	instance	setCredit:	v12@0:4f8
0x00699214	BHNetServerMatch	instance	credit	f8@0:4
0x00699258	BHNetServerMatch	instance	setOwner:	v12@0:4@8
0x00699370	BHNetServerMatch	instance	owned	c8@0:4
0x006993c4	BHNetServerMatch	instance	setCloudSalt:	v12@0:4@8
0x00699478	BHNetServerMatch	instance	disconnectPlayer:	v12@0:4@8
0x006995b4	BHNetServerMatch	instance	disconnect	v8@0:4
0x00699e60	BHNetServerMatch	instance	dealloc	v8@0:4
0x0069a1cc	BHNetServerMatch	instance	localPlayerID	@8@0:4
0x0069a254	BHNetServerMatch	instance	localPlayerName	@8@0:4
0x0069a2b8	BHNetServerMatch	instance	playerIDs	@8@0:4
0x0069a31c	BHNetServerMatch	instance	ownerName	@8@0:4
0x0069a358	BHNetServerMatch	instance	cloudSalt	@8@0:4
0x0069a394	BHNetServerMatch	instance	isCloudMatch	c8@0:4
0x0069a3e8	BHNetServerMatch	instance	sendData:toPlayers:withDataMode:error:	c24@0:4@8@12i16^@20
0x0069a944	BHNetServerMatch	instance	loadInfoForPlayer:	@12@0:4@8
0x0069aba4	BHNetServerMatch	instance	clientPlayerInformationRecieved:fromPeer:	@16@0:4@8@12
0x0069bdd4	BHNetServerMatch	instance	clientApprovedWithInfo:	v12@0:4@8
0x0069c158	BHNetServerMatch	instance	pollNetEvents	v8@0:4
0x0069ca20	BHNetServerMatch	instance	removeClient:	v12@0:4@8
0x0069cce0	BHNetServerMatch	instance	startServer	c8@0:4
0x0069d820	BHNetServerMatch	instance	netService:didNotPublish:	v16@0:4@8@12
0x0069d868	BHNetServerMatch	instance	netService:didNotResolve:	v16@0:4@8@12
0x0069d8ac	BHNetServerMatch	instance	netServiceDidResolveAddress:	v12@0:4@8
0x0069d8ec	BHNetServerMatch	instance	persistentIDForNetID:	@12@0:4@8
0x0069d964	BHNetServerMatch	instance	requiresPlayerAuthentication	c8@0:4
0x0069d980	BHNetServerMatch	instance	privacy	I8@0:4
0x0069d9bc	BHNetServerMatch	instance	setPrivacy:	v12@0:4I8
0x0069da64	InventoryButton	instance	initWithFrame:cache:windowInfo:textFrame:alignment:title:topLevel:isChest:clothingSubSlotIndex:world:	@72@0:4{CGRect={CGPoint=ff}{CGSize=ff}}8@24^{WindowInfo=ffffffff}28{CGRect={CGPoint=ff}{CGSize=ff}}32i48@52c56c60i64@68
0x0069e844	InventoryButton	instance	dealloc	v8@0:4
0x0069ea50	InventoryButton	instance	setAlwaysDisplaySubItems:	v12@0:4c8
0x0069ebc8	InventoryButton	instance	alwaysDisplaySubItems	c8@0:4
0x0069ec04	InventoryButton	instance	updateTitleTextView	v8@0:4
0x0069f2a8	InventoryButton	instance	updateCount:type:dynamicObjectSaveDict:subType:item:	v28@0:4i8i12@16i20@24
0x006a4ef0	InventoryButton	instance	updateItem:forButtonAtSubIndex:	v16@0:4@8i12
0x006a4fe4	InventoryButton	instance	updateButton	v8@0:4
0x006a55a0	InventoryButton	instance	updateItem:	v12@0:4@8
0x006a6be4	InventoryButton	instance	setFrame:alignment:windowInfo:	v32@0:4{CGRect={CGPoint=ff}{CGSize=ff}}8i24^{WindowInfo=ffffffff}28
0x006a7428	InventoryButton	instance	renderText:projectionMatrix:translationOffset:	v84@0:4f8(_GLKMatrix4={?=ffffffffffffffff}[16f])12{Vector2=[2f]}76
0x006a7e30	InventoryButton	instance	renderFrame:projectionMatrix:translationOffset:scale:	v88@0:4f8(_GLKMatrix4={?=ffffffffffffffff}[16f])12{Vector2=[2f]}76f84
0x006ad558	InventoryButton	instance	touchIsInUI:	c16@0:4{CGPoint=ff}8
0x006adad8	InventoryButton	instance	startTouch:	c16@0:4{CGPoint=ff}8
0x006ae2b0	InventoryButton	instance	moveTouch:	v16@0:4{CGPoint=ff}8
0x006ae7f4	InventoryButton	instance	endTouch:	v16@0:4{CGPoint=ff}8
0x006aeaf0	InventoryButton	instance	selectSubButtonAtIndex:	v12@0:4i8
0x006aed88	InventoryButton	instance	selectedSubIndex	i8@0:4
0x006aefa8	InventoryButton	instance	button:	v12@0:4@8
0x006af3e0	InventoryButton	instance	setDragSelected:subIndex:	v16@0:4c8i12
0x006af534	InventoryButton	instance	hoverSubIndex	i8@0:4
0x006af570	InventoryButton	instance	setHighlighted:	v12@0:4c8
0x006af6a8	InventoryButton	instance	dismissSubButtonUI	v8@0:4
0x006af748	InventoryButton	instance	flash:	v12@0:4i8
0x006af7b8	InventoryButton	instance	cancelAnyTouchStarts	v8@0:4
0x006af9fc	InventoryButton	instance	frameForUseButtonOfSize:	{CGRect={CGPoint=ff}{CGSize=ff}}16@0:4{CGSize=ff}8
0x006b00b0	InventoryButton	instance	currentItem	@8@0:4
0x006b00f4	InventoryButton	instance	subButtons	@8@0:4
0x006b0138	InventoryButton	instance	tappedSubButton	@8@0:4
0x006b017c	InventoryButton	instance	selectedButtonWasTapped	c8@0:4
0x006b01b8	InventoryButton	instance	flashAlpha	f8@0:4
0x006b0200	InventoryButton	instance	setFlashAlpha:	v12@0:4f8
0x006b024c	InventoryButton	instance	isSelectingSubItem	c8@0:4
0x006b0288	InventoryButton	instance	setIsSelectingSubItem:	v12@0:4c8
0x006b6354	FNImageData	instance	initWithPath:	@12@0:4@8
0x006b67e4	FNImageData	instance	data	*8@0:4
0x006b6820	FNImageData	instance	width	I8@0:4
0x006b685c	FNImageData	instance	height	I8@0:4
0x006b6898	FNImageData	instance	dealloc	v8@0:4
0x006b6934	MJMultiSound	instance	initWithFile:	@12@0:4@8
0x006b6ca4	MJMultiSound	instance	initWithFileNames:	@12@0:4@8
0x006b7214	MJMultiSound	instance	dealloc	v8@0:4
0x006b7348	MJMultiSound	instance	play	v8@0:4
0x006b742c	MJMultiSound	instance	backgroundThreadPlayWithDelay:	v12@0:4@8
0x006b75bc	MJMultiSound	instance	playAfterDelay:	v16@0:4d8
0x006b7828	MJMultiSound	instance	stopLoopingSound	v8@0:4
0x006b78f8	MJMultiSound	instance	playAtPosition:	v16@0:4{Vector2=[2f]}8
0x006b7d9c	MJMultiSound	instance	playDelayedSoundWithDict:	v12@0:4@8
0x006b7f38	MJMultiSound	instance	playAtPosition:afterDelay:	v24@0:4{Vector2=[2f]}8d16
0x006b8254	MJMultiSound	instance	stopAll	v8@0:4
0x006b8374	MJMultiSound	instance	setLooping:	v12@0:4c8
0x006b84cc	MJMultiSound	instance	setLegacyVolume:	v12@0:4f8
0x006b8540	MJMultiSound	instance	setVolume:	v12@0:4f8
0x006b86ac	MJMultiSound	instance	getLegacyVolume	f8@0:4
0x006b86f8	MJMultiSound	instance	setMasterVolumeMultiplier:	v12@0:4f8
0x006b8848	MJMultiSound	instance	setPitch:	v12@0:4f8
0x006b8890	MJMultiSound	instance	setMaxPlaybacks:	v12@0:4i8
0x006b88d8	MJMultiSound	instance	sound	@8@0:4
0x006b9778	MJMultiSound	instance	setPlaybackFrequencyOfSoundAtIndex:toFrequency:	v16@0:4I8f12
0x006b9864	MJMultiSound	instance	preLoad:	v12@0:4I8
0x006b9c44	MJMultiSound	instance	setLoopLength:	v16@0:4d8
0x006b9c8c	MJMultiSound	instance	lastPlayTime	d8@0:4
0x006b9cf0	MJMultiSound	instance	setLastPlayTime:	v16@0:4d8
0x006b9d5c	MJMultiSound	instance	randomPitchOffset	c8@0:4
0x006b9d98	MJMultiSound	instance	setRandomPitchOffset:	v12@0:4c8
0x006b9ddc	MJMultiSound	instance	incrementalPitchOffset	c8@0:4
0x006b9e18	MJMultiSound	instance	setIncrementalPitchOffset:	v12@0:4c8
0x006b9ec0	ChilliPlant	instance	objectType	i8@0:4
0x006b9edc	ChilliPlant	instance	emitsLight	c8@0:4
0x006b9ef8	ChilliPlant	instance	lightFactor	f8@0:4
0x006b9fb4	ChilliPlant	instance	lightColor	{Vector=[4f]}8@0:4
0x006ba168	ChilliPlant	instance	maxAgeBase	f8@0:4
0x006ba198	ChilliPlant	instance	seedItemType	i8@0:4
0x006ba1b4	ChilliPlant	instance	minAllowedTemperature	i8@0:4
0x006ba1d0	ChilliPlant	instance	floweringSeason:	c12@0:4i8
0x006ba21c	ChilliPlant	instance	canDieSeason:	c12@0:4i8
0x006ba24c	ChilliPlant	instance	plantType	i8@0:4
0x006ba268	ChilliPlant	instance	isRequiredSoilType:	c12@0:4i8
0x006ba2dc	ChilliPlant	instance	renderImageType	i8@0:4
0x006ba498	Donkey	instance	npcType	i8@0:4
0x006ba4b4	Donkey	instance	maxAge	f8@0:4
0x006ba4e4	Donkey	instance	minFullness	f8@0:4
0x006ba518	Donkey	instance	foodPlantType	i8@0:4
0x006ba570	Donkey	instance	speciesName	@8@0:4
0x006ba5e0	Donkey	instance	foodItemType	i8@0:4
0x006ba638	Donkey	instance	capturedItemType	i8@0:4
0x006ba690	Donkey	instance	captureRequiredItemType	i8@0:4
0x006ba6ac	Donkey	instance	getNamesArray	^@8@0:4
0x006ba71c	Donkey	instance	getNamesArrayCount	i8@0:4
0x006ba774	Donkey	instance	creationDataStructSize	L8@0:4
0x006ba790	Donkey	instance	loadDerivedStuff	v8@0:4
0x006bc680	Donkey	instance	dealloc	v8@0:4
0x006bc8f4	Donkey	instance	maxHealth	S8@0:4
0x006bc910	Donkey	instance	flies	c8@0:4
0x006bc960	Donkey	instance	canJumpMultipleTilesWhileFlying	c8@0:4
0x006bc9b0	Donkey	instance	galloping	c8@0:4
0x006bca88	Donkey	instance	maxVelocity	f8@0:4
0x006bcad8	Donkey	instance	setupMatrices:dt:	v20@0:4{Vector2=[2f]}8f16
0x006c4ba4	Donkey	instance	drawSubClassStuff:projectionMatrix:modelViewMatrix:	v140@0:4f8(_GLKMatrix4={?=ffffffffffffffff}[16f])12(_GLKMatrix4={?=ffffffffffffffff}[16f])76
0x006ca8a0	Donkey	instance	createItemDropsForDeath	v8@0:4
0x006cad1c	Donkey	instance	generateBreedForChild	i8@0:4
0x006caedc	Donkey	instance	breedString	@8@0:4
0x006cb018	Donkey	instance	blockheadCanRide:usingItem:	c16@0:4@8i12
0x006cb1f4	Donkey	instance	.cxx_construct	@8@0:4
0x006cba34	Stairs	instance	isTransparent	c8@0:4
0x006cbbe0	Stairs	instance	updateConfiguration	v8@0:4
0x006cc2bc	Stairs	instance	initSubDerivedItems	v8@0:4
0x006cc3cc	Stairs	instance	objectType	i8@0:4
0x006cc3e8	Stairs	instance	initWithWorld:dynamicWorld:atPosition:cache:type:saveDict:placedByClient:	@40@0:4@8@12{?=ii}16@24i28@32@36
0x006cc734	Stairs	instance	initWithWorld:dynamicWorld:saveDict:cache:	@24@0:4@8@12@16@20
0x006cca38	Stairs	instance	initWithWorld:dynamicWorld:cache:netData:	@24@0:4@8@12@16@20
0x006ccd98	Stairs	instance	getSaveDict	@8@0:4
0x006cd088	Stairs	instance	updateNetDataForClient:	@12@0:4@8
0x006cd0dc	Stairs	instance	remoteUpdate:	v12@0:4@8
0x006cd330	Stairs	instance	creationNetDataForClient:	@12@0:4@8
0x006cd7a0	Stairs	instance	dealloc	v8@0:4
0x006cd864	Stairs	instance	draw:projectionMatrix:modelViewMatrix:cameraMinXWorld:cameraMaxXWorld:cameraMinYWorld:cameraMaxYWorld:	v156@0:4f8(_GLKMatrix4={?=ffffffffffffffff}[16f])12(_GLKMatrix4={?=ffffffffffffffff}[16f])76i140i144i148i152
0x006cdccc	Stairs	instance	update:accurateDT:isSimulation:	v20@0:4f8f12c16
0x006ce10c	Stairs	instance	freeblockCreationItemType	i8@0:4
0x006ce148	Stairs	instance	freeBlockCreationSaveDict	@8@0:4
0x006ce194	Stairs	instance	freeBlockCreationDataA	S8@0:4
0x006ce1b0	Stairs	instance	freeBlockCreationDataB	S8@0:4
0x006ce1cc	Stairs	instance	worldChanged:	v12@0:4^{vector<intpair, std::__1::allocator<intpair> >=^{?}^{?}{__compressed_pair<intpair *, std::__1::allocator<intpair> >=^{?}}}8
0x006ce870	Stairs	instance	imageIndex	i8@0:4
0x006cec10	Stairs	instance	addDrawCubeDataLocal:fromIndex:	i16@0:4^f8i12
0x006cff80	Stairs	instance	staticGeometryDrawCubeCount	i8@0:4
0x006cfff0	Stairs	instance	addDrawCubeData:fromIndex:	i16@0:4^f8i12
0x006d00a8	Stairs	instance	staticGeometryDrawCubeCountTrans	i8@0:4
0x006d0118	Stairs	instance	addDrawCubeDataTrans:fromIndex:	i16@0:4^f8i12
0x006d01d0	Stairs	instance	removeFromMacroBlock	v8@0:4
0x006d02d8	Stairs	instance	paint:	v12@0:4S8
0x006d047c	Stairs	instance	occupiesNormalContents	c8@0:4
0x006d0498	Stairs	instance	itemType	i8@0:4
0x006d13d4	WheatPlant	instance	objectType	i8@0:4
0x006d13f0	WheatPlant	instance	maxAgeBase	f8@0:4
0x006d1420	WheatPlant	instance	seedItemType	i8@0:4
0x006d143c	WheatPlant	instance	minAllowedTemperature	i8@0:4
0x006d1458	WheatPlant	instance	floweringSeason:	c12@0:4i8
0x006d14a4	WheatPlant	instance	canDieSeason:	c12@0:4i8
0x006d14d4	WheatPlant	instance	plantType	i8@0:4
0x006d14f0	WheatPlant	instance	isRequiredSoilType:	c12@0:4i8
0x006d158c	WheatPlant	instance	renderImageType	i8@0:4
0x006d15e8	WheatPlant	instance	npcSpawnType	i8@0:4
0x006d1768	BlockheadAI	instance	initWithBlockhead:world:	@16@0:4@8@12
0x006d1d44	BlockheadAI	instance	dealloc	v8@0:4
0x006d1e08	BlockheadAI	instance	testTileAtPos:	c16@0:4{?=ii}8
0x006d55d0	BlockheadAI	instance	update:isSimulation:	v16@0:4f8c12
0x006d7734	BlockheadAI	instance	noPathToAction	v8@0:4
0x006d7c9c	BlockheadAI	instance	.cxx_construct	@8@0:4
0x006d7e14	ControlOptionsUI	instance	initWithDelegate:windowInfo:cache:	@20@0:4@8^{WindowInfo=ffffffff}12@16
0x006d94e0	ControlOptionsUI	instance	dealloc	v8@0:4
0x006d9720	ControlOptionsUI	instance	windowInfoChanged:	v12@0:4^{WindowInfo=ffffffff}8
0x006d9844	ControlOptionsUI	instance	render:	v12@0:4f8
0x006da870	ControlOptionsUI	instance	touchIsInViewAtAll:	c16@0:4{CGPoint=ff}8
0x006da8f0	ControlOptionsUI	instance	touchIsInUI:	c16@0:4{CGPoint=ff}8
0x006da970	ControlOptionsUI	instance	startTouch:tapCount:	c20@0:4{CGPoint=ff}8i16
0x006dab38	ControlOptionsUI	instance	moveTouch:	v16@0:4{CGPoint=ff}8
0x006dacc0	ControlOptionsUI	instance	endTouch:	v16@0:4{CGPoint=ff}8
0x006dae48	ControlOptionsUI	instance	OKButton:	v12@0:4@8
0x006daeb0	ControlOptionsUI	instance	tiltControlButton:	v12@0:4@8
0x006daf80	ControlOptionsUI	instance	directControlButton:	v12@0:4@8
0x006db100	ControlOptionsUI	instance	dpadSideButton:	v12@0:4@8
0x006db1d0	ControlOptionsUI	instance	.cxx_construct	@8@0:4
0x006db348	MainMenuOptionsUI	instance	initWithDelegate:windowInfo:cache:	@20@0:4@8^{WindowInfo=ffffffff}12@16
0x006dccec	MainMenuOptionsUI	instance	dismissAlertViews	v8@0:4
0x006dce1c	MainMenuOptionsUI	instance	dealloc	v8@0:4
0x006dd0f8	MainMenuOptionsUI	instance	windowInfoChanged:	v12@0:4^{WindowInfo=ffffffff}8
0x006dd2d8	MainMenuOptionsUI	instance	render:	v12@0:4f8
0x006de598	MainMenuOptionsUI	instance	touchIsInViewAtAll:	c16@0:4{CGPoint=ff}8
0x006de618	MainMenuOptionsUI	instance	touchIsInUI:	c16@0:4{CGPoint=ff}8
0x006de698	MainMenuOptionsUI	instance	startTouch:tapCount:	c20@0:4{CGPoint=ff}8i16
0x006dea2c	MainMenuOptionsUI	instance	moveTouch:	v16@0:4{CGPoint=ff}8
0x006ded28	MainMenuOptionsUI	instance	endTouch:	v16@0:4{CGPoint=ff}8
0x006df024	MainMenuOptionsUI	instance	OKButton:	v12@0:4@8
0x006df08c	MainMenuOptionsUI	instance	privacyButton:	v12@0:4@8
0x006df0f4	MainMenuOptionsUI	instance	restoreButton:	v12@0:4@8
0x006df294	MainMenuOptionsUI	instance	alertView:didDismissWithButtonIndex:	v16@0:4@8i12
0x006df3cc	MainMenuOptionsUI	instance	musicSlider:	v12@0:4@8
0x006df498	MainMenuOptionsUI	instance	soundSlider:	v12@0:4@8
0x006df564	MainMenuOptionsUI	instance	hdTexturesButton:	v12@0:4@8
0x006df62c	MainMenuOptionsUI	instance	updateHDTexturesButton	v8@0:4
0x006df6c4	MainMenuOptionsUI	instance	soundOptionsButton:	v12@0:4@8
0x006df804	MainMenuOptionsUI	instance	dismissSoundOptions	v8@0:4
0x006df844	MainMenuOptionsUI	instance	dismissControlOptions	v8@0:4
0x006df884	MainMenuOptionsUI	instance	controlOptionsButton:	v12@0:4@8
0x006df9c4	MainMenuOptionsUI	instance	dpadRightSide	c8@0:4
0x006dfa5c	MainMenuOptionsUI	instance	dpadControl	c8@0:4
0x006dfaf4	MainMenuOptionsUI	instance	dpadDirectControlDisabled	c8@0:4
0x006dfb8c	MainMenuOptionsUI	instance	setdpadControl:	v12@0:4c8
0x006dfc38	MainMenuOptionsUI	instance	setdpadDirectControlDisabled:	v12@0:4c8
0x006dfce4	MainMenuOptionsUI	instance	setdpadRightSide:	v12@0:4c8
0x006dfd90	MainMenuOptionsUI	instance	.cxx_construct	@8@0:4
0x006dff08	ChestUI	instance	loadResources	v8@0:4
0x006e0d2c	ChestUI	instance	initWithWorld:windowInfo:cache:worldUI:	@24@0:4@8^{WindowInfo=ffffffff}12@16@20
0x006e0f90	ChestUI	instance	dealloc	v8@0:4
0x006e1134	ChestUI	instance	updateTipText:	v12@0:4c8
0x006e15fc	ChestUI	instance	setChest:	v12@0:4@8
0x006e204c	ChestUI	instance	chest	@8@0:4
0x006e2088	ChestUI	instance	windowInfoChanged:	v12@0:4^{WindowInfo=ffffffff}8
0x006e21b0	ChestUI	instance	render:translation:pinchScale:	v24@0:4f8{Vector2=[2f]}12f20
0x006e5400	ChestUI	instance	updateDragFromButtonAndCount	v8@0:4
0x006e5598	ChestUI	instance	startInventoryDragAtPos:	v16@0:4{CGPoint=ff}8
0x006e5d84	ChestUI	instance	touchIsInViewAtAll:	c16@0:4{CGPoint=ff}8
0x006e5fe4	ChestUI	instance	touchIsInUI:	c16@0:4{CGPoint=ff}8
0x006e62f8	ChestUI	instance	startTouch:tapCount:	c20@0:4{CGPoint=ff}8i16
0x006e6744	ChestUI	instance	moveTouch:	v16@0:4{CGPoint=ff}8
0x006e71fc	ChestUI	instance	endTouch:	v16@0:4{CGPoint=ff}8
0x006e7580	ChestUI	instance	endInventoryDrag	v8@0:4
0x006e855c	ChestUI	instance	canDragCurrentItemsToButtonAtIndex:	c12@0:4i8
0x006e8b3c	ChestUI	instance	updatePotentialDrag:fromDragSlot:dragItems:	v24@0:4{CGPoint=ff}8@16@20
0x006e9694	ChestUI	instance	acceptDragItems:assignSlot:	i16@0:4@8c12
0x006e9c28	ChestUI	instance	center:	{Vector2=[2f]}12@0:4f8
0x006e9d08	ChestUI	instance	button:	v12@0:4@8
0x006ea274	ChestUI	instance	stopBlockheadInteractingWhenDismissed	c8@0:4
0x006ea290	ChestUI	instance	.cxx_construct	@8@0:4
0x006ea7f4	OwnershipAreaRenderer	instance	initWithWorld:cache:	@16@0:4@8@12
0x006eab1c	OwnershipAreaRenderer	instance	displayOwnershipAreas	v8@0:4
0x006eab64	OwnershipAreaRenderer	instance	render:projectionMatrix:modelViewMatrix:cameraMinXWorld:cameraMaxXWorld:cameraMinYWorld:cameraMaxYWorld:ownershipSignPositions:hideUIType:	v164@0:4f8(_GLKMatrix4={?=ffffffffffffffff}[16f])12(_GLKMatrix4={?=ffffffffffffffff}[16f])76i140i144i148i152@156i160
0x006ecc88	Reachability	class	reachabilityWithHostName:	@12@0:4@8
0x006ecdcc	Reachability	class	reachabilityWithAddress:	@12@0:4r^{sockaddr_in=SS{in_addr=I}(?=[8C]b1)}8
0x006eceec	Reachability	class	reachabilityForInternetConnection	@8@0:4
0x006ecfcc	Reachability	class	reachabilityForLocalWiFi	@8@0:4
0x006ed17c	Reachability	instance	startNotifier	c8@0:4
0x006ed340	Reachability	instance	stopNotifier	v8@0:4
0x006ed3e4	Reachability	instance	dealloc	v8@0:4
0x006ed4dc	Reachability	instance	localWiFiStatusForFlags:	i12@0:4I8
0x006ed6ec	Reachability	instance	networkStatusForFlags:	i12@0:4I8
0x006ed7cc	Reachability	instance	connectionRequired	c8@0:4
0x006ed84c	Reachability	instance	currentReachabilityStatus	i8@0:4
0x006ed968	TableViewUI	instance	initWithFrame:cache:windowInfo:dataSource:	@36@0:4{CGRect={CGPoint=ff}{CGSize=ff}}8@24^{WindowInfo=ffffffff}28@32
0x006edaf4	TableViewUI	instance	dealloc	v8@0:4
0x006edbb8	TableViewUI	instance	setFrame:	v24@0:4{CGRect={CGPoint=ff}{CGSize=ff}}8
0x006edcac	TableViewUI	instance	updateButtons	v8@0:4
0x006ef4f8	TableViewUI	instance	renderFrame:projectionMatrix:	v76@0:4f8(_GLKMatrix4={?=ffffffffffffffff}[16f])12
0x006f0624	TableViewUI	instance	optionButton:	v12@0:4@8
0x006f0968	TableViewUI	instance	touchIsInUI:	c16@0:4{CGPoint=ff}8
0x006f0bb0	TableViewUI	instance	startTouch:	c16@0:4{CGPoint=ff}8
0x006f11d0	TableViewUI	instance	moveTouch:	v16@0:4{CGPoint=ff}8
0x006f1bb0	TableViewUI	instance	endTouch:	v16@0:4{CGPoint=ff}8
0x006f20b0	TableViewUI	instance	setSelection:	v12@0:4i8
0x006f237c	TableViewUI	instance	scrollSelectionToVisible	v8@0:4
0x006f23bc	TableViewUI	instance	textField:shouldChangeCharactersInRange:replacementString:	c24@0:4@8{_NSRange=II}12@20
0x006f2474	TableViewUI	instance	alertView:didDismissWithButtonIndex:	v16@0:4@8i12
0x006f2948	TableViewUI	instance	textFieldShouldReturn:	c12@0:4@8
0x006f29cc	TableViewUI	instance	showTextEntry	v8@0:4
0x006f2d6c	TableViewUI	instance	reloadData	v8@0:4
0x006f2dac	TableViewUI	instance	slider:	v12@0:4@8
0x006f3670	BitmapFont	class	standardFont	@8@0:4
0x006f3770	BitmapFont	class	embossedFont	@8@0:4
0x006f37bc	BitmapFont	class	blackFont	@8@0:4
0x006f38bc	BitmapFont	instance	initWithTitle:size:scale:	@20@0:4@8i12f16
0x006f3f8c	BitmapFont	instance	dealloc	v8@0:4
0x006f40c0	BitmapFont	instance	charSet	@8@0:4
0x006f40fc	BitmapFont	instance	bitmap	@8@0:4
0x006f4138	BitmapFont	instance	scale	f8@0:4
0x006f4178	BitmapFont	instance	wrappedString:constrainedToWidth:	@16@0:4@8i12
0x006f50e0	BlockheadUI	instance	updateDueToChangesToCustomRulesIfAny	v8@0:4
0x006f5814	BlockheadUI	instance	loadResources	v8@0:4
0x006f7b20	BlockheadUI	instance	initWithWorld:windowInfo:cache:	@20@0:4@8^{WindowInfo=ffffffff}12@16
0x006f7c38	BlockheadUI	instance	dealloc	v8@0:4
0x006f8008	BlockheadUI	instance	setBlockhead:	v12@0:4@8
0x006f8204	BlockheadUI	instance	dismissAlertViews	v8@0:4
0x006f8218	BlockheadUI	instance	blockhead	@8@0:4
0x006f8254	BlockheadUI	instance	windowInfoChanged:	v12@0:4^{WindowInfo=ffffffff}8
0x006f8378	BlockheadUI	instance	updateSummaryString	v8@0:4
0x006f9308	BlockheadUI	instance	render:translation:pinchScale:	v24@0:4f8{Vector2=[2f]}12f20
0x006fd188	BlockheadUI	instance	touchIsInViewAtAll:	c16@0:4{CGPoint=ff}8
0x006fd314	BlockheadUI	instance	touchIsInUI:	c16@0:4{CGPoint=ff}8
0x006fd69c	BlockheadUI	instance	startTouch:tapCount:	c20@0:4{CGPoint=ff}8i16
0x006fda2c	BlockheadUI	instance	moveTouch:	v16@0:4{CGPoint=ff}8
0x006fdca8	BlockheadUI	instance	endTouch:	v16@0:4{CGPoint=ff}8
0x006fdf24	BlockheadUI	instance	center:	{Vector2=[2f]}12@0:4f8
0x006fe004	BlockheadUI	instance	sleepButton:	v12@0:4@8
0x006fe06c	BlockheadUI	instance	stopButton:	v12@0:4@8
0x006fe0d4	BlockheadUI	instance	meditateButton:	v12@0:4@8
0x006fe13c	BlockheadUI	instance	textField:shouldChangeCharactersInRange:replacementString:	c24@0:4@8{_NSRange=II}12@20
0x006fe3d0	BlockheadUI	instance	textFieldShouldReturn:	c12@0:4@8
0x006fe454	BlockheadUI	instance	nameEditButton:	v12@0:4@8
0x006fe7d0	BlockheadUI	instance	alertView:didDismissWithButtonIndex:	v16@0:4@8i12
0x006ff894	BlockheadUI	instance	getWorkbenchButton:	v12@0:4@8
0x006ff9f0	BlockheadUI	instance	.cxx_construct	@8@0:4
0x006ffba0	TomatoPlant	instance	objectType	i8@0:4
0x006ffbbc	TomatoPlant	instance	maxAgeBase	f8@0:4
0x006ffbec	TomatoPlant	instance	seedItemType	i8@0:4
0x006ffc08	TomatoPlant	instance	minAllowedTemperature	i8@0:4
0x006ffc24	TomatoPlant	instance	floweringSeason:	c12@0:4i8
0x006ffc70	TomatoPlant	instance	canDieSeason:	c12@0:4i8
0x006ffca0	TomatoPlant	instance	plantType	i8@0:4
0x006ffcbc	TomatoPlant	instance	isRequiredSoilType:	c12@0:4i8
0x006ffd30	TomatoPlant	instance	renderImageType	i8@0:4
0x006ffeec	ElevatorMotor	instance	initSubDerivedItems	v8@0:4
0x006fff94	ElevatorMotor	instance	objectType	i8@0:4
0x006fffb0	ElevatorMotor	instance	initWithWorld:dynamicWorld:atPosition:cache:type:saveDict:placedByClient:	@40@0:4@8@12{?=ii}16@24i28@32@36
0x0070046c	ElevatorMotor	instance	initWithWorld:dynamicWorld:saveDict:cache:	@24@0:4@8@12@16@20
0x007007d4	ElevatorMotor	instance	initWithWorld:dynamicWorld:cache:netData:	@24@0:4@8@12@16@20
0x00700b5c	ElevatorMotor	instance	getSaveDict	@8@0:4
0x00700ed8	ElevatorMotor	instance	dealloc	v8@0:4
0x00700f9c	ElevatorMotor	instance	updateNetDataForClient:	@12@0:4@8
0x00700ff0	ElevatorMotor	instance	creationNetDataForClient:	@12@0:4@8
0x007014d8	ElevatorMotor	instance	remoteUpdate:	v12@0:4@8
0x007017a0	ElevatorMotor	instance	update:accurateDT:isSimulation:	v20@0:4f8f12c16
0x00701a1c	ElevatorMotor	instance	draw:projectionMatrix:modelViewMatrix:cameraMinXWorld:cameraMaxXWorld:cameraMinYWorld:cameraMaxYWorld:	v156@0:4f8(_GLKMatrix4={?=ffffffffffffffff}[16f])12(_GLKMatrix4={?=ffffffffffffffff}[16f])76i140i144i148i152
0x00701c44	ElevatorMotor	instance	freeblockCreationItemType	i8@0:4
0x00701c80	ElevatorMotor	instance	freeBlockCreationSaveDict	@8@0:4
0x00701ccc	ElevatorMotor	instance	freeBlockCreationDataA	S8@0:4
0x00701ce8	ElevatorMotor	instance	freeBlockCreationDataB	S8@0:4
0x00701d04	ElevatorMotor	instance	worldChanged:	v12@0:4^{vector<intpair, std::__1::allocator<intpair> >=^{?}^{?}{__compressed_pair<intpair *, std::__1::allocator<intpair> >=^{?}}}8
0x00702334	ElevatorMotor	instance	staticGeometryDrawCubeCount	i8@0:4
0x00702354	ElevatorMotor	instance	addDrawCubeData:fromIndex:	i16@0:4^f8i12
0x007026d4	ElevatorMotor	instance	removeFromMacroBlock	v8@0:4
0x007027dc	ElevatorMotor	instance	isStorageDevice	c8@0:4
0x007027f8	ElevatorMotor	instance	hasRequiredPower	c8@0:4
0x00702848	ElevatorMotor	instance	usePower	v8@0:4
0x007029a8	ElevatorMotor	instance	occupiesNormalContents	c8@0:4
0x007029c4	ElevatorMotor	instance	minY	i8@0:4
0x00702a00	ElevatorMotor	instance	setMinY:	v12@0:4i8
0x00702a44	ElevatorMotor	instance	maxY	i8@0:4
0x00702a80	ElevatorMotor	instance	setMaxY:	v12@0:4i8
0x00702d90	DPad	instance	initWithWorld:windowInfo:cache:	@20@0:4@8^{WindowInfo=ffffffff}12@16
0x00703658	DPad	instance	windowInfoChanged:	v12@0:4^{WindowInfo=ffffffff}8
0x0070377c	DPad	instance	render:	v12@0:4f8
0x0070561c	DPad	instance	touchIsInUI:	c16@0:4{CGPoint=ff}8
0x0070567c	DPad	instance	touchIsInViewAtAll:	c16@0:4{CGPoint=ff}8
0x00705a1c	DPad	instance	startTouch:tapCount:index:	c24@0:4{CGPoint=ff}8i16i20
0x00705c44	DPad	instance	moveTouch:index:	v20@0:4{CGPoint=ff}8i16
0x00706328	DPad	instance	endTouch:index:	v20@0:4{CGPoint=ff}8i16
0x00706498	DPad	instance	currentlyInUse	c8@0:4
0x007064d4	DPad	instance	motionFractions	{Vector2=[2f]}8@0:4
0x0070651c	DPad	instance	setRightSide:	v12@0:4c8
0x0070662c	DPad	instance	rightSide	c8@0:4
0x00706668	DPad	instance	displayed	c8@0:4
0x007066a4	DPad	instance	setDisplayed:	v12@0:4c8
0x007066e8	DPad	instance	leftPressed	c8@0:4
0x00706724	DPad	instance	setLeftPressed:	v12@0:4c8
0x00706768	DPad	instance	rightPressed	c8@0:4
0x007067a4	DPad	instance	setRightPressed:	v12@0:4c8
0x007067e8	DPad	instance	upPressed	c8@0:4
0x00706824	DPad	instance	setUpPressed:	v12@0:4c8
0x00706868	DPad	instance	downPressed	c8@0:4
0x007068a4	DPad	instance	setDownPressed:	v12@0:4c8
0x007068e8	DPad	instance	.cxx_construct	@8@0:4
0x00706a88	BlockAlertView	class	initialize	v8@0:4
0x00706dac	BlockAlertView	class	popupActive	B8@0:4
0x00706e30	BlockAlertView	class	dismissTopPopup	v8@0:4
0x00706f0c	BlockAlertView	class	alertWithTitle:message:	@16@0:4@8@12
0x00707064	BlockAlertView	class	alertWithTitle:message:usingInterfaceOrientation:	@20@0:4@8@12i16
0x00707134	BlockAlertView	instance	imageWithImage:scaledToSize:	@20@0:4@8{CGSize=ff}12
0x00707350	BlockAlertView	instance	initWithTitle:message:	@16@0:4@8@12
0x007074e8	BlockAlertView	instance	initWithTitle:message:usingInterfaceOrientation:	@20@0:4@8@12i16
0x00708a28	BlockAlertView	instance	dealloc	v8@0:4
0x00708be0	BlockAlertView	instance	addButtonWithTitle:color:block:	v20@0:4@8@12@?16
0x00708d8c	BlockAlertView	instance	addButtonWithTitle:block:	v16@0:4@8@?12
0x00708e08	BlockAlertView	instance	setCancelButtonWithTitle:block:	v16@0:4@8@?12
0x00708e84	BlockAlertView	instance	setDestructiveButtonWithTitle:block:	v16@0:4@8@?12
0x00708f00	BlockAlertView	instance	show	v8@0:4
0x00708f4c	BlockAlertView	instance	showMainQueue	v8@0:4
0x00709098	BlockAlertView	instance	showNow	v8@0:4
0x0070b750	BlockAlertView	instance	showAnimationWasCompleted	v8@0:4
0x0070b768	BlockAlertView	instance	dismissWithClickedButtonIndex:animated:	v16@0:4i8c12
0x0070bc48	BlockAlertView	instance	buttonDown:	v12@0:4@8
0x0070bd08	BlockAlertView	instance	buttonClicked:	v12@0:4@8
0x0070be98	BlockAlertView	instance	view	@8@0:4
0x0070bed4	BlockAlertView	instance	vignetteBackground	c8@0:4
0x0070bf10	BlockAlertView	instance	setVignetteBackground:	v12@0:4c8
0x0070bf54	BlockAlertView	instance	dontAnimateDismiss	c8@0:4
0x0070bf90	BlockAlertView	instance	setDontAnimateDismiss:	v12@0:4c8
0x0070c038	TradingPostBuyUI	instance	loadResources	v8@0:4
0x0070d264	TradingPostBuyUI	instance	initWithWorld:windowInfo:cache:worldUI:	@24@0:4@8^{WindowInfo=ffffffff}12@16@20
0x0070d3a4	TradingPostBuyUI	instance	dealloc	v8@0:4
0x0070d680	TradingPostBuyUI	instance	setTradingPost:	v12@0:4@8
0x0070f374	TradingPostBuyUI	instance	tradingPost	@8@0:4
0x0070f3b0	TradingPostBuyUI	instance	windowInfoChanged:	v12@0:4^{WindowInfo=ffffffff}8
0x0070f4d4	TradingPostBuyUI	instance	render:translation:pinchScale:	v24@0:4f8{Vector2=[2f]}12f20
0x00713eb4	TradingPostBuyUI	instance	touchIsInViewAtAll:	c16@0:4{CGPoint=ff}8
0x0071403c	TradingPostBuyUI	instance	touchIsInUI:	c16@0:4{CGPoint=ff}8
0x00714244	TradingPostBuyUI	instance	startTouch:tapCount:	c20@0:4{CGPoint=ff}8i16
0x00714450	TradingPostBuyUI	instance	moveTouch:	v16@0:4{CGPoint=ff}8
0x007145fc	TradingPostBuyUI	instance	endTouch:	v16@0:4{CGPoint=ff}8
0x007147a8	TradingPostBuyUI	instance	buyButton:	v12@0:4@8
0x0071482c	TradingPostBuyUI	instance	countSlider:	v12@0:4@8
0x0071543c	TradingPostBuyUI	instance	center:	{Vector2=[2f]}12@0:4f8
0x0071551c	TradingPostBuyUI	instance	dimensions	{Vector2=[2f]}8@0:4
0x00715558	TradingPostBuyUI	instance	blockheadInventoryChanged	v8@0:4
0x007155c0	TradingPostBuyUI	instance	stopBlockheadInteractingWhenDismissed	c8@0:4
0x007155dc	TradingPostBuyUI	instance	.cxx_construct	@8@0:4
0x0071de20	Tutorial	instance	initWithWorld:	@12@0:4@8
0x0071df58	Tutorial	instance	initWithWorld:saveDict:	@16@0:4@8@12
0x0071e1f0	Tutorial	instance	getSaveDict	@8@0:4
0x0071e438	Tutorial	instance	dealloc	v8@0:4
0x0071e52c	Tutorial	instance	tutorialAlertDismissedWithContinue	v8@0:4
0x0071fdd8	Tutorial	instance	showAlertForNightState:	v12@0:4i8
0x00720778	Tutorial	instance	updateSleepIfNeeded:	c12@0:4f8
0x007210ec	Tutorial	instance	showAlertForState:	v12@0:4i8
0x00724084	Tutorial	instance	render:translation:pinchScale:	v24@0:4f8{Vector2=[2f]}12f20
0x0072ece0	Tutorial	instance	workbenchPlaced:	v12@0:4i8
0x0072eea4	Tutorial	instance	lastState	c8@0:4
0x0072eef4	Tutorial	instance	currentState	i8@0:4
0x0072f02c	CharDescriptor	instance	init	@8@0:4
0x0072f1c4	CharDescriptor	instance	dealloc	v8@0:4
0x0072f230	CharDescriptor	instance	x	i8@0:4
0x0072f26c	CharDescriptor	instance	setX:	v12@0:4i8
0x0072f2b0	CharDescriptor	instance	y	i8@0:4
0x0072f2ec	CharDescriptor	instance	setY:	v12@0:4i8
0x0072f330	CharDescriptor	instance	width	i8@0:4
0x0072f36c	CharDescriptor	instance	setWidth:	v12@0:4i8
0x0072f3b0	CharDescriptor	instance	height	i8@0:4
0x0072f3ec	CharDescriptor	instance	setHeight:	v12@0:4i8
0x0072f430	CharDescriptor	instance	xOffset	i8@0:4
0x0072f46c	CharDescriptor	instance	setXOffset:	v12@0:4i8
0x0072f4b0	CharDescriptor	instance	yOffset	i8@0:4
0x0072f4ec	CharDescriptor	instance	setYOffset:	v12@0:4i8
0x0072f530	CharDescriptor	instance	xAdvance	i8@0:4
0x0072f56c	CharDescriptor	instance	setXAdvance:	v12@0:4i8
0x0072f5b0	CharDescriptor	instance	page	i8@0:4
0x0072f5ec	CharDescriptor	instance	setPage:	v12@0:4i8
0x0072f630	CharDescriptor	instance	idNumber	i8@0:4
0x0072f66c	CharDescriptor	instance	setIdNumber:	v12@0:4i8
0x0072f94c	CharDescriptor	instance	kerningInfo	{map<int, int, std::__1::less<int>, std::__1::allocator<std::__1::pair<const int, int> > >={__tree<std::__1::pair<int, int>, std::__1::__map_value_compare<int, int, std::__1::less<int>, true>, std::__1::allocator<std::__1::pair<int, int> > >=^{__tree_node<std::__1::pair<int, int>, void *>}{__compressed_pair<std::__1::__tree_end_node<std::__1::__tree_node_base<void *> *>, std::__1::allocator<std::__1::__tree_node<std::__1::pair<int, int>, void *> > >={__tree_end_node<std::__1::__tree_node_base<void *> *>=^{__tree_node_base<void *>}}}{__compressed_pair<unsigned long, std::__1::__map_value_compare<int, int, std::__1::less<int>, true> >=L}}}8@0:4
0x0072f9dc	CharDescriptor	instance	setKerningInfo:	v20@0:4{map<int, int, std::__1::less<int>, std::__1::allocator<std::__1::pair<const int, int> > >={__tree<std::__1::pair<int, int>, std::__1::__map_value_compare<int, int, std::__1::less<int>, true>, std::__1::allocator<std::__1::pair<int, int> > >=^{__tree_node<std::__1::pair<int, int>, void *>}{__compressed_pair<std::__1::__tree_end_node<std::__1::__tree_node_base<void *> *>, std::__1::allocator<std::__1::__tree_node<std::__1::pair<int, int>, void *> > >={__tree_end_node<std::__1::__tree_node_base<void *> *>=^{__tree_node_base<void *>}}}{__compressed_pair<unsigned long, std::__1::__map_value_compare<int, int, std::__1::less<int>, true> >=L}}}8
0x0072fa34	CharDescriptor	instance	.cxx_destruct	v8@0:4
0x0072faac	CharDescriptor	instance	.cxx_construct	@8@0:4
0x00731eb0	WorkbenchProgressBarUI	instance	loadResources	v8@0:4
0x00732780	WorkbenchProgressBarUI	instance	initWithWorld:windowInfo:cache:	@20@0:4@8^{WindowInfo=ffffffff}12@16
0x00732898	WorkbenchProgressBarUI	instance	dealloc	v8@0:4
0x007329cc	WorkbenchProgressBarUI	instance	setWorkbench:	v12@0:4@8
0x00732c78	WorkbenchProgressBarUI	instance	windowInfoChanged:	v12@0:4^{WindowInfo=ffffffff}8
0x00732d9c	WorkbenchProgressBarUI	instance	render:translation:pinchScale:	v24@0:4f8{Vector2=[2f]}12f20
0x00734764	WorkbenchProgressBarUI	instance	touchIsInUI:	c16@0:4{CGPoint=ff}8
0x00734850	WorkbenchProgressBarUI	instance	touchIsInViewAtAll:	c16@0:4{CGPoint=ff}8
0x007349cc	WorkbenchProgressBarUI	instance	startTouch:tapCount:	c20@0:4{CGPoint=ff}8i16
0x00734ac0	WorkbenchProgressBarUI	instance	moveTouch:	v16@0:4{CGPoint=ff}8
0x00734ba0	WorkbenchProgressBarUI	instance	endTouch:	v16@0:4{CGPoint=ff}8
0x00734c80	WorkbenchProgressBarUI	instance	center:	{Vector2=[2f]}12@0:4f8
0x00734d64	WorkbenchProgressBarUI	instance	dimensions	{Vector2=[2f]}8@0:4
0x00734db0	WorkbenchProgressBarUI	instance	.cxx_construct	@8@0:4
0x00734e64	Action	instance	initWithGoalPos:goalInteraction:pathType:interactionItem:itemIndex:itemSubIndex:interactionObjectID:craftableItemObject:craftCountOrExtraData:isAI:inventoryChange:	@60@0:4{?=ii}8i16i20@24s28s32Q36@44s48c52@56
0x00735198	Action	instance	initWithSaveDict:inventoryItems:	@16@0:4@8@12
0x00735e54	Action	instance	getSaveDict	@8@0:4
0x0073664c	Action	instance	dealloc	v8@0:4
0x007367e0	Action	instance	inProgress	c8@0:4
0x0073681c	Action	instance	setInProgress:	v12@0:4c8
0x00736860	Action	instance	complete	c8@0:4
0x0073689c	Action	instance	setComplete:	v12@0:4c8
0x007368e0	Action	instance	goalTilePos	{?=ii}8@0:4
0x00736940	Action	instance	setGoalTilePos:	v16@0:4{?=ii}8
0x007369b0	Action	instance	inventoryChange	@8@0:4
0x007369e8	Action	instance	setInventoryChange:	v12@0:4@8
0x00736a34	Action	instance	interactionItem	@8@0:4
0x00736a6c	Action	instance	setInteractionItem:	v12@0:4@8
0x00736ab8	Action	instance	interactionItemIndex	s8@0:4
0x00736af4	Action	instance	setInteractionItemIndex:	v12@0:4s8
0x00736b3c	Action	instance	interactionItemSubIndex	s8@0:4
0x00736b78	Action	instance	setInteractionItemSubIndex:	v12@0:4s8
0x00736bc0	Action	instance	interactionObjectID	Q8@0:4
0x00736c24	Action	instance	setInteractionObjectID:	v16@0:4Q8
0x00736c94	Action	instance	goalInteraction	i8@0:4
0x00736cd0	Action	instance	setGoalInteraction:	v12@0:4i8
0x00736d14	Action	instance	pathType	i8@0:4
0x00736d50	Action	instance	setPathType:	v12@0:4i8
0x00736d94	Action	instance	isAI	c8@0:4
0x00736dd0	Action	instance	setIsAI:	v12@0:4c8
0x00736e14	Action	instance	animationTimer	f8@0:4
0x00736e5c	Action	instance	setAnimationTimer:	v12@0:4f8
0x00736ea8	Action	instance	craftableItemObject	@8@0:4
0x00736ee0	Action	instance	setCraftableItemObject:	v12@0:4@8
0x00736f2c	Action	instance	craftCountOrExtraData	s8@0:4
0x00736f68	Action	instance	setCraftCountOrExtraData:	v12@0:4s8
0x00736fb0	Action	instance	blockCube	@8@0:4
0x00736fe8	Action	instance	setBlockCube:	v12@0:4@8
0x00737034	Action	instance	interactionTestResult	{InteractionTestResult=iiSS}8@0:4
0x00737094	Action	instance	setInteractionTestResult:	v20@0:4{InteractionTestResult=iiSS}8
0x0073710c	Action	instance	.cxx_construct	@8@0:4
0x00737284	TradingPostSellUI	instance	loadResources	v8@0:4
0x007386f4	TradingPostSellUI	instance	updateCoinButton	v8@0:4
0x00738d38	TradingPostSellUI	instance	initWithWorld:windowInfo:cache:worldUI:	@24@0:4@8^{WindowInfo=ffffffff}12@16@20
0x00738e78	TradingPostSellUI	instance	dealloc	v8@0:4
0x00739188	TradingPostSellUI	instance	setTradingPost:	v12@0:4@8
0x00739a6c	TradingPostSellUI	instance	tradingPost	@8@0:4
0x00739aa8	TradingPostSellUI	instance	windowInfoChanged:	v12@0:4^{WindowInfo=ffffffff}8
0x00739bd0	TradingPostSellUI	instance	render:translation:pinchScale:	v24@0:4f8{Vector2=[2f]}12f20
0x0073ce30	TradingPostSellUI	instance	updateDragFromButtonAndCount	v8@0:4
0x0073cfcc	TradingPostSellUI	instance	startInventoryDragAtPos:	v16@0:4{CGPoint=ff}8
0x0073d534	TradingPostSellUI	instance	touchIsInViewAtAll:	c16@0:4{CGPoint=ff}8
0x0073d6bc	TradingPostSellUI	instance	touchIsInUI:	c16@0:4{CGPoint=ff}8
0x0073d8b4	TradingPostSellUI	instance	startTouch:tapCount:	c20@0:4{CGPoint=ff}8i16
0x0073dccc	TradingPostSellUI	instance	moveTouch:	v16@0:4{CGPoint=ff}8
0x0073e6e0	TradingPostSellUI	instance	endTouch:	v16@0:4{CGPoint=ff}8
0x0073e914	TradingPostSellUI	instance	endInventoryDrag	v8@0:4
0x0073f7b8	TradingPostSellUI	instance	canDragCurrentItemsToButton:	c12@0:4@8
0x0073fd50	TradingPostSellUI	instance	updatePotentialDrag:fromDragSlot:dragItems:	v24@0:4{CGPoint=ff}8@16@20
0x00740744	TradingPostSellUI	instance	acceptDragItems:assignSlot:	i16@0:4@8c12
0x00740a80	TradingPostSellUI	instance	sellButton:	v12@0:4@8
0x00740d1c	TradingPostSellUI	instance	coinsButton:	v12@0:4@8
0x00741340	TradingPostSellUI	instance	priceSlider:	v12@0:4@8
0x007415f8	TradingPostSellUI	instance	center:	{Vector2=[2f]}12@0:4f8
0x007416d8	TradingPostSellUI	instance	dimensions	{Vector2=[2f]}8@0:4
0x00741714	TradingPostSellUI	instance	stopBlockheadInteractingWhenDismissed	c8@0:4
0x00741730	TradingPostSellUI	instance	.cxx_construct	@8@0:4
0x007418e0	CarrotPlant	instance	objectType	i8@0:4
0x007418fc	CarrotPlant	instance	maxAgeBase	f8@0:4
0x0074192c	CarrotPlant	instance	seedItemType	i8@0:4
0x00741948	CarrotPlant	instance	foodToRemoveWhenSpawningNPC	f8@0:4
0x00741978	CarrotPlant	instance	minAllowedTemperature	i8@0:4
0x00741994	CarrotPlant	instance	floweringSeason:	c12@0:4i8
0x007419e0	CarrotPlant	instance	canDieSeason:	c12@0:4i8
0x00741a10	CarrotPlant	instance	plantType	i8@0:4
0x00741a2c	CarrotPlant	instance	isRequiredSoilType:	c12@0:4i8
0x00741ac8	CarrotPlant	instance	renderImageType	i8@0:4
0x00741b24	CarrotPlant	instance	npcSpawnType	i8@0:4
0x00741c3c	PaintingCraftableItemObject	instance	initWithCraftableItem:imageData:outputImageData:	@140@0:4{CraftableItem=ii[8i][8i]iiiSSi[8i]}8@132@136
0x00741e18	PaintingCraftableItemObject	instance	initWithSaveDict:	@12@0:4@8
0x00741fb4	PaintingCraftableItemObject	instance	getSaveDict	@8@0:4
0x007421b8	PaintingCraftableItemObject	instance	dealloc	v8@0:4
0x007422b8	PaintingCraftableItemObject	instance	freeBlockCreationItemSaveDict	@8@0:4
0x007423cc	PaintingCraftableItemObject	instance	imageData	@8@0:4
0x00742404	PaintingCraftableItemObject	instance	setImageData:	v12@0:4@8
0x00742450	PaintingCraftableItemObject	instance	outputImageData	@8@0:4
0x00742488	PaintingCraftableItemObject	instance	setOutputImageData:	v12@0:4@8
0x007424d4	SearchResultsUI	instance	initWithFrame:cache:windowInfo:delegate:	@36@0:4{CGRect={CGPoint=ff}{CGSize=ff}}8@24^{WindowInfo=ffffffff}28@32
0x007427a8	SearchResultsUI	instance	searchStarted	v8@0:4
0x00742ad0	SearchResultsUI	instance	abortSearch:	v12@0:4c8
0x00742d50	SearchResultsUI	instance	setResults:	v12@0:4@8
0x00744468	SearchResultsUI	instance	dealloc	v8@0:4
0x0074460c	SearchResultsUI	instance	setFrame:	v24@0:4{CGRect={CGPoint=ff}{CGSize=ff}}8
0x00744d50	SearchResultsUI	instance	renderFrame:projectionMatrix:	v76@0:4f8(_GLKMatrix4={?=ffffffffffffffff}[16f])12
0x00746284	SearchResultsUI	instance	touchIsInUI:	c16@0:4{CGPoint=ff}8
0x007464cc	SearchResultsUI	instance	startTouch:	c16@0:4{CGPoint=ff}8
0x00746860	SearchResultsUI	instance	moveTouch:	v16@0:4{CGPoint=ff}8
0x00746fb8	SearchResultsUI	instance	endTouch:	v16@0:4{CGPoint=ff}8
0x0074725c	SearchResultsUI	instance	resultButton:	v12@0:4@8
0x00747534	SearchResultsUI	instance	selectedResult	@8@0:4
0x00747a04	TradeMissionItem	instance	initWithWorld:blockhead:tradePortal:windowInfo:cache:frame:mission:	@76@0:4@8@12@16^{WindowInfo=ffffffff}20@24{CGRect={CGPoint=ff}{CGSize=ff}}28{TradeMission=QIIISSCCCC[4C]}44
0x0074d07c	TradeMissionItem	instance	dealloc	v8@0:4
0x0074d38c	TradeMissionItem	instance	windowInfoChanged:	v12@0:4^{WindowInfo=ffffffff}8
0x0074d3d0	TradeMissionItem	instance	blockheadInventoryChanged	v8@0:4
0x0074d3e8	TradeMissionItem	instance	renderFrame:projectionMatrix:displayStartScale:translationOffset:tradeMissionFrame:scroll:	v108@0:4f8(_GLKMatrix4={?=ffffffffffffffff}[16f])12f76{Vector2=[2f]}80{CGRect={CGPoint=ff}{CGSize=ff}}88f104
0x00755584	TradeMissionItem	instance	startTouch:	c16@0:4{CGPoint=ff}8
0x00755634	TradeMissionItem	instance	moveTouch:	v16@0:4{CGPoint=ff}8
0x007556a4	TradeMissionItem	instance	endTouch:	v16@0:4{CGPoint=ff}8
0x00755714	TradeMissionItem	instance	craftButton:	v12@0:4@8
0x00755a1c	TradeMissionItem	instance	inProgressOrComplete	c8@0:4
0x00755a58	TradeMissionItem	instance	.cxx_construct	@8@0:4
0x0075b2d0	ScrollingButtons	instance	initWithFrame:cache:windowInfo:craftUI:world:	@40@0:4{CGRect={CGPoint=ff}{CGSize=ff}}8@24^{WindowInfo=ffffffff}28@32@36
0x0075b44c	ScrollingButtons	instance	dealloc	v8@0:4
0x0075b658	ScrollingButtons	instance	selectedCraftButtonIndex	i8@0:4
0x0075b694	ScrollingButtons	instance	setWorkbench:blockhead:craftableItems:	v20@0:4@8@12^^{CraftableItem}16
0x0075e950	ScrollingButtons	instance	renderFrame:projectionMatrix:translationOffset:scale:	v88@0:4f8(_GLKMatrix4={?=ffffffffffffffff}[16f])12{Vector2=[2f]}76f84
0x00764f3c	ScrollingButtons	instance	craftableAtIndex:	c12@0:4i8
0x0076504c	ScrollingButtons	instance	touchIsInUI:	c16@0:4{CGPoint=ff}8
0x00765294	ScrollingButtons	instance	startTouch:	c16@0:4{CGPoint=ff}8
0x00765604	ScrollingButtons	instance	moveTouch:	v16@0:4{CGPoint=ff}8
0x00765dac	ScrollingButtons	instance	endTouch:	v16@0:4{CGPoint=ff}8
0x00766050	ScrollingButtons	instance	button:	v12@0:4@8
0x0076883c	Door	instance	initSubDerivedItems	v8@0:4
0x00768958	Door	instance	checkAndUpdateBlockedStatus	v8@0:4
0x00769084	Door	instance	objectType	i8@0:4
0x007690a0	Door	instance	initWithWorld:dynamicWorld:atPosition:cache:type:saveDict:placedByClient:	@40@0:4@8@12{?=ii}16@24i28@32@36
0x007694fc	Door	instance	initWithWorld:dynamicWorld:saveDict:cache:	@24@0:4@8@12@16@20
0x00769814	Door	instance	initWithWorld:dynamicWorld:cache:netData:	@24@0:4@8@12@16@20
0x00769cc8	Door	instance	dealloc	v8@0:4
0x00769dc8	Door	instance	getSaveDict	@8@0:4
0x0076a0ac	Door	instance	updateNetDataForClient:	@12@0:4@8
0x0076a100	Door	instance	creationNetDataForClient:	@12@0:4@8
0x0076a5d0	Door	instance	draw:projectionMatrix:modelViewMatrix:cameraMinXWorld:cameraMaxXWorld:cameraMinYWorld:cameraMaxYWorld:	v156@0:4f8(_GLKMatrix4={?=ffffffffffffffff}[16f])12(_GLKMatrix4={?=ffffffffffffffff}[16f])76i140i144i148i152
0x0076cb3c	Door	instance	remoteUpdate:	v12@0:4@8
0x0076cc1c	Door	instance	freeblockCreationItemType	i8@0:4
0x0076cc58	Door	instance	freeBlockCreationSaveDict	@8@0:4
0x0076cca4	Door	instance	freeBlockCreationDataA	S8@0:4
0x0076ccc0	Door	instance	freeBlockCreationDataB	S8@0:4
0x0076ccdc	Door	instance	worldChanged:	v12@0:4^{vector<intpair, std::__1::allocator<intpair> >=^{?}^{?}{__compressed_pair<intpair *, std::__1::allocator<intpair> >=^{?}}}8
0x0076d25c	Door	instance	setOpen:direction:	v16@0:4c8i12
0x0076d7e4	Door	instance	isOpen	c8@0:4
0x0076d820	Door	instance	setNeedsRemoved:	v12@0:4c8
0x0076da10	Door	instance	itemType	i8@0:4
0x0076da4c	Door	instance	canBeUsedByBlockhead:	c12@0:4@8
0x0076dc20	Door	instance	staticGeometryDrawCubeCount	i8@0:4
0x0076dc7c	Door	instance	addDrawCubeData:fromIndex:	i16@0:4^f8i12
0x0076e440	Door	instance	staticGeometryDrawQuadCountForMacroPos:	i16@0:4{?=ii}8
0x0076e4d0	Door	instance	addDrawQuadData:fromIndex:forMacroPos:	i24@0:4^f8i12{?=ii}16
0x00770060	Door	instance	removeFromMacroBlock	v8@0:4
0x007701dc	Door	instance	occupiesBackgroundContents	c8@0:4
0x0077022c	Door	instance	occupiesNormalContents	c8@0:4
0x00770ca8	FlaxPlant	instance	objectType	i8@0:4
0x00770cc4	FlaxPlant	instance	maxAgeBase	f8@0:4
0x00770cf4	FlaxPlant	instance	seedItemType	i8@0:4
0x00770d10	FlaxPlant	instance	folliageItemType	i8@0:4
0x00770d2c	FlaxPlant	instance	minAllowedTemperature	i8@0:4
0x00770d48	FlaxPlant	instance	floweringSeason:	c12@0:4i8
0x00770d94	FlaxPlant	instance	canDieSeason:	c12@0:4i8
0x00770db4	FlaxPlant	instance	plantType	i8@0:4
0x00770dd0	FlaxPlant	instance	isRequiredSoilType:	c12@0:4i8
0x00770ea8	FlaxPlant	instance	renderImageType	i8@0:4
0x00771064	OwnershipSignUI	instance	loadResources	v8@0:4
0x007720bc	OwnershipSignUI	instance	initWithWorld:windowInfo:cache:	@20@0:4@8^{WindowInfo=ffffffff}12@16
0x007721d4	OwnershipSignUI	instance	dealloc	v8@0:4
0x00772404	OwnershipSignUI	instance	setOwnershipSign:	v12@0:4@8
0x00773b68	OwnershipSignUI	instance	signOwnershipPlayerListRecievedFromServer:	v12@0:4@8
0x0077417c	OwnershipSignUI	instance	updateButtons	v8@0:4
0x00774aa8	OwnershipSignUI	instance	windowInfoChanged:	v12@0:4^{WindowInfo=ffffffff}8
0x00774bcc	OwnershipSignUI	instance	render:translation:pinchScale:	v24@0:4f8{Vector2=[2f]}12f20
0x00777460	OwnershipSignUI	instance	touchIsInViewAtAll:	c16@0:4{CGPoint=ff}8
0x007775e4	OwnershipSignUI	instance	touchIsInUI:	c16@0:4{CGPoint=ff}8
0x007779bc	OwnershipSignUI	instance	startTouch:tapCount:	c20@0:4{CGPoint=ff}8i16
0x00777f40	OwnershipSignUI	instance	moveTouch:	v16@0:4{CGPoint=ff}8
0x00778868	OwnershipSignUI	instance	endTouch:	v16@0:4{CGPoint=ff}8
0x00778c48	OwnershipSignUI	instance	center:	{Vector2=[2f]}12@0:4f8
0x00778d38	OwnershipSignUI	instance	dimensions	{Vector2=[2f]}8@0:4
0x00778d84	OwnershipSignUI	instance	playerButton:	v12@0:4@8
0x007793c8	OwnershipSignUI	instance	stopBlockheadInteractingWhenDismissed	c8@0:4
0x007793e4	OwnershipSignUI	instance	widthSlider:	v12@0:4@8
0x0077950c	OwnershipSignUI	instance	heightSlider:	v12@0:4@8
0x00779634	OwnershipSignUI	instance	widthSliderComplete:	v12@0:4@8
0x00779794	OwnershipSignUI	instance	heightSliderComplete:	v12@0:4@8
0x007798f4	OwnershipSignUI	instance	.cxx_construct	@8@0:4
0x00779c14	Rail	instance	updateRailConfiguration	v8@0:4
0x0077a7f8	Rail	instance	initSubDerivedItems	v8@0:4
0x0077a9ac	Rail	instance	objectType	i8@0:4
0x0077a9c8	Rail	instance	initWithWorld:dynamicWorld:atPosition:cache:type:ownedByStation:	@36@0:4@8@12{?=ii}16@24i28c32
0x0077ab90	Rail	instance	initWithWorld:dynamicWorld:saveDict:cache:	@24@0:4@8@12@16@20
0x0077ae20	Rail	instance	initWithWorld:dynamicWorld:cache:netData:	@24@0:4@8@12@16@20
0x0077afc8	Rail	instance	dealloc	v8@0:4
0x0077b034	Rail	instance	getSaveDict	@8@0:4
0x0077b2b0	Rail	instance	updateNetDataForClient:	@12@0:4@8
0x0077b304	Rail	instance	creationNetDataForClient:	@12@0:4@8
0x0077b478	Rail	instance	draw:projectionMatrix:modelViewMatrix:cameraMinXWorld:cameraMaxXWorld:cameraMinYWorld:cameraMaxYWorld:	v156@0:4f8(_GLKMatrix4={?=ffffffffffffffff}[16f])12(_GLKMatrix4={?=ffffffffffffffff}[16f])76i140i144i148i152
0x0077b6a0	Rail	instance	remoteUpdate:	v12@0:4@8
0x0077b9a4	Rail	instance	freeblockCreationItemType	i8@0:4
0x0077b9e0	Rail	instance	freeBlockCreationSaveDict	@8@0:4
0x0077b9fc	Rail	instance	freeBlockCreationDataA	S8@0:4
0x0077ba18	Rail	instance	freeBlockCreationDataB	S8@0:4
0x0077ba34	Rail	instance	worldChanged:	v12@0:4^{vector<intpair, std::__1::allocator<intpair> >=^{?}^{?}{__compressed_pair<intpair *, std::__1::allocator<intpair> >=^{?}}}8
0x0077c1ec	Rail	instance	currentConfiguration	i8@0:4
0x0077c228	Rail	instance	staticGeometryDrawCubeCount	i8@0:4
0x0077c284	Rail	instance	addDrawCubeData:fromIndex:	i16@0:4^f8i12
0x0077e8b4	Rail	instance	removeFromMacroBlock	v8@0:4
0x0077e9bc	Rail	instance	occupiesForegroundContents	c8@0:4
0x0077f164	Database	instance	initWithEnvironment:name:	@16@0:4@8@12
0x0077f5f4	Database	instance	dealloc	v8@0:4
0x0077f758	Database	instance	getTransaction	^{MDB_txn=}8@0:4
0x0077f8e4	Database	instance	finishTransaction:	c12@0:4^{MDB_txn=}8
0x0077fa04	Database	instance	setData:forKey:	c16@0:4@8@12
0x0077fd34	Database	instance	removeDataForKey:	c12@0:4@8
0x0077ff74	Database	instance	dataForKey:	@12@0:4@8
0x0077ffd0	Database	instance	mutableDataForKey:	@12@0:4@8
0x0078002c	Database	instance	dataForKey:mutableData:	@16@0:4@8c12
0x00780320	Database	instance	hasKey:	c12@0:4@8
0x00780564	Database	instance	dbi	I8@0:4
0x00780604	EvolutionViewController	instance	loadGameView	v8@0:4
0x007807c0	EvolutionViewController	instance	awakeFromNib	v8@0:4
0x007811c4	EvolutionViewController	instance	gdprCheckComplete	v8@0:4
0x007812b0	EvolutionViewController	instance	dealloc	v8@0:4
0x00781418	EvolutionViewController	instance	didReceiveMemoryWarning	v8@0:4
0x00781484	EvolutionViewController	instance	viewDidUnload	v8@0:4
0x007815cc	EvolutionViewController	instance	animationFrameInterval	i8@0:4
0x00781608	EvolutionViewController	instance	setAnimationFrameInterval:	v12@0:4i8
0x007816e8	EvolutionViewController	instance	startAnimation	v8@0:4
0x00781934	EvolutionViewController	instance	stopAnimation	v8@0:4
0x00781a44	EvolutionViewController	instance	drawFrame	v8@0:4
0x00781eb0	EvolutionViewController	instance	shouldAutorotateToInterfaceOrientation:	c12@0:4i8
0x00781ffc	EvolutionViewController	instance	shouldAutorotate	c8@0:4
0x00782144	EvolutionViewController	instance	didRotateFromInterfaceOrientation:	v12@0:4i8
0x00782210	EvolutionViewController	instance	willResignActive	v8@0:4
0x0078231c	EvolutionViewController	instance	removeBackgroundViewFailsafe	v8@0:4
0x00782330	EvolutionViewController	instance	didBecomeActive	v8@0:4
0x00782500	EvolutionViewController	instance	willShowCreative:shouldMuteAudio:	v16@0:4@8c12
0x00782684	EvolutionViewController	instance	didDismissCreative:positiveActionTaken:	v16@0:4@8c12
0x007827a0	EvolutionViewController	instance	authenticateGameCenter	v8@0:4
0x00782804	EvolutionViewController	instance	didEnterBackground	v8@0:4
0x00782898	EvolutionViewController	instance	willEnterForeground	v8@0:4
0x00782964	EvolutionViewController	instance	updateFrameInterval	v8@0:4
0x00782ac4	EvolutionViewController	instance	shouldDisplayInterstitial	c8@0:4
0x00782b2c	EvolutionViewController	instance	chartboostIncentivizedVideoViewComplete:	v12@0:4i8
0x00782b98	EvolutionViewController	instance	canDisplayAd	c8@0:4
0x00782c68	EvolutionViewController	instance	handleOpenURL:	c12@0:4@8
0x00782cd8	EvolutionViewController	instance	prefersStatusBarHidden	c8@0:4
0x00782cf4	EvolutionViewController	instance	buttonUpWithEvent:	v12@0:4@8
0x00784828	EvolutionViewController	instance	canBecomeFirstResponder	c8@0:4
0x00784844	EvolutionViewController	instance	exitPopup	v8@0:4
0x0078499c	EvolutionViewController	instance	alertView:clickedButtonAtIndex:	v16@0:4@8i12
0x007849d4	EvolutionViewController	instance	willShowMoreGames	v8@0:4
0x007849e8	EvolutionViewController	instance	didDismissMoreGames	v8@0:4
0x007849fc	EvolutionViewController	instance	isAnimating	c8@0:4
0x00784a38	EvolutionViewController	instance	context	@8@0:4
0x00784a74	EvolutionViewController	instance	setContext:	v12@0:4@8
0x00784ac0	EvolutionViewController	instance	displayLink	@8@0:4
0x00784afc	EvolutionViewController	instance	setDisplayLink:	v12@0:4@8
0x00784b40	EvolutionViewController	instance	hasDisplayedAd	c8@0:4
0x00784b7c	EvolutionViewController	instance	setHasDisplayedAd:	v12@0:4c8
0x00784bc0	EvolutionViewController	instance	chartboostInitialized	c8@0:4
0x00784bfc	EvolutionViewController	instance	setChartboostInitialized:	v12@0:4c8
0x00784c40	EvolutionViewController	instance	chartboostShowing	c8@0:4
0x00784c7c	EvolutionViewController	instance	setChartboostShowing:	v12@0:4c8
0x00784e1c	NetPlayerButton	instance	initWithFrame:cache:windowInfo:alignment:world:worldUI:	@44@0:4{CGRect={CGPoint=ff}{CGSize=ff}}8@24^{WindowInfo=ffffffff}28i32@36@40
0x007853f4	NetPlayerButton	instance	dealloc	v8@0:4
0x00785598	NetPlayerButton	instance	setFrame:windowInfo:alignment:	v32@0:4{CGRect={CGPoint=ff}{CGSize=ff}}8^{WindowInfo=ffffffff}24i28
0x00785864	NetPlayerButton	instance	renderFrame:projectionMatrix:	v76@0:4f8(_GLKMatrix4={?=ffffffffffffffff}[16f])12
0x0078602c	NetPlayerButton	instance	renderUI:projectionMatrix:	v76@0:4f8(_GLKMatrix4={?=ffffffffffffffff}[16f])12
0x00786298	NetPlayerButton	instance	setFrame:	v24@0:4{CGRect={CGPoint=ff}{CGSize=ff}}8
0x007864f8	NetPlayerButton	instance	updatedPlayerIfNeeded:	v12@0:4@8
0x00787c14	NetPlayerButton	instance	touchIsInUI:	c16@0:4{CGPoint=ff}8
0x00787d04	NetPlayerButton	instance	startTouch:	c16@0:4{CGPoint=ff}8
0x00787df4	NetPlayerButton	instance	moveTouch:	v16@0:4{CGPoint=ff}8
0x00787fb0	NetPlayerButton	instance	endTouch:	v16@0:4{CGPoint=ff}8
0x00788188	NetPlayerButton	instance	buttonAction:	v12@0:4@8
0x007884b8	NetPlayerButton	instance	textToggleButtonTapped	v8@0:4
0x00788630	NetPlayerButton	instance	muteButtonTapped	v8@0:4
0x00788798	NetPlayerButton	instance	banButtonTapped	v8@0:4
0x00788818	NetPlayerButton	instance	kickButtonTapped	v8@0:4
0x00788898	NetPlayerButton	instance	reportButtonTapped	v8@0:4
0x00788918	NetPlayerButton	instance	playerUIIsVisible	c8@0:4
0x0078896c	NetPlayerButton	instance	playerID	@8@0:4
0x007889b0	NetPlayerButton	instance	playerName	@8@0:4
0x007889f4	NetPlayerButton	instance	local	c8@0:4
0x00788a30	NetPlayerButton	instance	setLocal:	v12@0:4c8
0x00788a74	NetPlayerButton	instance	textChatEnabled	c8@0:4
0x00788ab0	NetPlayerButton	instance	setTextChatEnabled:	v12@0:4c8
0x00788af4	NetPlayerButton	instance	connected	c8@0:4
0x00788b30	NetPlayerButton	instance	setConnected:	v12@0:4c8
0x00788b74	NetPlayerButton	instance	isOwner	c8@0:4
0x00788bb0	NetPlayerButton	instance	setIsOwner:	v12@0:4c8
0x00788bf4	NetPlayerButton	instance	isAdmin	c8@0:4
0x00788c30	NetPlayerButton	instance	setIsAdmin:	v12@0:4c8
0x00788c74	NetPlayerButton	instance	isMod	c8@0:4
0x00788cb0	NetPlayerButton	instance	setIsMod:	v12@0:4c8
0x00788cf4	NetPlayerButton	instance	cloudMode	i8@0:4
0x00788d30	NetPlayerButton	instance	setCloudMode:	v12@0:4i8
0x00788d74	NetPlayerButton	instance	muted	c8@0:4
0x00788db0	NetPlayerButton	instance	setMuted:	v12@0:4c8
0x00788f54	ProjectileManager	instance	initWithWorld:cache:	@16@0:4@8@12
0x0078927c	ProjectileManager	instance	dealloc	v8@0:4
0x00789650	ProjectileManager	instance	update:	v12@0:4f8
0x00789c78	ProjectileManager	instance	draw:projectionMatrix:modelViewMatrix:cameraMinXWorld:cameraMaxXWorld:cameraMinYWorld:cameraMaxYWorld:	v156@0:4f8(_GLKMatrix4={?=ffffffffffffffff}[16f])12(_GLKMatrix4={?=ffffffffffffffff}[16f])76i140i144i148i152
0x0078c294	ProjectileManager	instance	fireProjectileFrom:to:at:fireItemType:firer:	v36@0:4{Vector2=[2f]}8{Vector2=[2f]}16@24i28@32
0x0078c548	ProjectileManager	instance	.cxx_destruct	v8@0:4
0x0078c5c8	ProjectileManager	instance	.cxx_construct	@8@0:4
0x0078d32c	ClownFish	instance	npcType	i8@0:4
0x0078d348	ClownFish	instance	maxAge	f8@0:4
0x0078d378	ClownFish	instance	speciesName	@8@0:4
0x0078d3a8	ClownFish	instance	foodItemType	i8@0:4
0x0078d3c4	ClownFish	instance	getNamesArray	^@8@0:4
0x0078d3f4	ClownFish	instance	getNamesArrayCount	i8@0:4
0x0078d410	ClownFish	instance	capturedItemType	i8@0:4
0x0078d42c	ClownFish	instance	captureRequiredItemType	i8@0:4
0x0078d448	ClownFish	instance	loadDerivedStuff	v8@0:4
0x0078dc38	ClownFish	instance	canBeCapturedByBlockhead:withItemType:	c16@0:4@8i12
0x0078dd18	ClownFish	instance	cantBeCapturedTipStringForBlockhead:withItemType:	@16@0:4@8i12
0x0078df00	ClownFish	instance	initWithWorld:dynamicWorld:atPosition:cache:saveDict:isAdult:wasPlaced:placedByClient:	@44@0:4@8@12{?=ii}16@24@28c32c36@40
0x0078e420	ClownFish	instance	initWithWorld:dynamicWorld:saveDict:cache:	@24@0:4@8@12@16@20
0x0078e548	ClownFish	instance	initWithWorld:dynamicWorld:cache:netData:	@24@0:4@8@12@16@20
0x0078e76c	ClownFish	instance	getSaveDict	@8@0:4
0x0078e7e8	ClownFish	instance	clownFishUpdateNetDataForClient:	{ClownFishUpdateNetData={NPCUpdateNetData={DynamicObjectNetData=QIIC[7C]}}IIsc[5c]}12@0:4@8
0x0078e94c	ClownFish	instance	creationNetDataForClient:	@12@0:4@8
0x0078eb58	ClownFish	instance	updateNetDataForClient:	@12@0:4@8
0x0078ec44	ClownFish	instance	dealloc	v8@0:4
0x0078ee20	ClownFish	instance	doRemoteUpdate:	v48@0:4{ClownFishUpdateNetData={NPCUpdateNetData={DynamicObjectNetData=QIIC[7C]}}IIsc[5c]}8
0x0078f118	ClownFish	instance	remoteUpdate:	v12@0:4@8
0x0078f368	ClownFish	instance	remoteCreationDataUpdate:	v12@0:4@8
0x0078f5b8	ClownFish	instance	creationDataStructSize	L8@0:4
0x0078f5d8	ClownFish	instance	draw:projectionMatrix:modelViewMatrix:cameraMinXWorld:cameraMaxXWorld:cameraMinYWorld:cameraMaxYWorld:	v156@0:4f8(_GLKMatrix4={?=ffffffffffffffff}[16f])12(_GLKMatrix4={?=ffffffffffffffff}[16f])76i140i144i148i152
0x00796ff8	ClownFish	instance	die:	v12@0:4@8
0x00797300	ClownFish	instance	update:accurateDT:isSimulation:	v20@0:4f8f12c16
0x0079b3e4	ClownFish	instance	maxHealth	S8@0:4
0x0079b400	ClownFish	instance	tapIsWithinBodyRadius:	c16@0:4{Vector2=[2f]}8
0x0079b83c	ClownFish	instance	reactToBeingHit	v8@0:4
0x0079b96c	ClownFish	instance	hitWithForce:blockhead:	v16@0:4i8@12
0x0079baf8	ClownFish	instance	renderPos	{Vector2=[2f]}8@0:4
0x0079bb7c	ClownFish	instance	setNeedsRemoved:	v12@0:4c8
0x0079bc7c	ClownFish	instance	remoteBlockheadHookedYou:	v12@0:4@8
0x0079be1c	ClownFish	instance	blockheadUnloaded:	v12@0:4@8
0x0079befc	ClownFish	instance	ridableWhenTamed	c8@0:4
0x0079bf18	ClownFish	instance	reactToBeingFed	v8@0:4
0x0079c14c	ClownFish	instance	.cxx_construct	@8@0:4
0x0079c780	DropBear	instance	npcType	i8@0:4
0x0079c79c	DropBear	instance	maxAge	f8@0:4
0x0079c7cc	DropBear	instance	speciesName	@8@0:4
0x0079c7fc	DropBear	instance	foodItemType	i8@0:4
0x0079c818	DropBear	instance	capturedItemType	i8@0:4
0x0079c834	DropBear	instance	captureRequiredItemType	i8@0:4
0x0079c850	DropBear	instance	getNamesArray	^@8@0:4
0x0079c880	DropBear	instance	getNamesArrayCount	i8@0:4
0x0079c89c	DropBear	instance	loadDerivedStuff	v8@0:4
0x0079d2ac	DropBear	instance	initWithWorld:dynamicWorld:atPosition:cache:saveDict:isAdult:wasPlaced:placedByClient:	@44@0:4@8@12{?=ii}16@24@28c32c36@40
0x0079d538	DropBear	instance	initWithWorld:dynamicWorld:saveDict:cache:	@24@0:4@8@12@16@20
0x0079db88	DropBear	instance	initWithWorld:dynamicWorld:cache:netData:	@24@0:4@8@12@16@20
0x0079ddc0	DropBear	instance	getSaveDict	@8@0:4
0x0079e2b8	DropBear	instance	dropBearUpdateNetDataForClient:	{DropBearUpdateNetData={NPCUpdateNetData={DynamicObjectNetData=QIIC[7C]}}IIsCC[4C]}12@0:4@8
0x0079e43c	DropBear	instance	creationNetDataForClient:	@12@0:4@8
0x0079e648	DropBear	instance	updateNetDataForClient:	@12@0:4@8
0x0079e734	DropBear	instance	dealloc	v8@0:4
0x0079e974	DropBear	instance	doRemoteUpdate:	v48@0:4{DropBearUpdateNetData={NPCUpdateNetData={DynamicObjectNetData=QIIC[7C]}}IIsCC[4C]}8
0x0079ee1c	DropBear	instance	remoteCreationDataUpdate:	v12@0:4@8
0x0079efb0	DropBear	instance	creationDataStructSize	L8@0:4
0x0079efcc	DropBear	instance	remoteUpdate:	v12@0:4@8
0x0079f160	DropBear	instance	draw:projectionMatrix:modelViewMatrix:cameraMinXWorld:cameraMaxXWorld:cameraMinYWorld:cameraMaxYWorld:	v156@0:4f8(_GLKMatrix4={?=ffffffffffffffff}[16f])12(_GLKMatrix4={?=ffffffffffffffff}[16f])76i140i144i148i152
0x007ab240	DropBear	instance	update:accurateDT:isSimulation:	v20@0:4f8f12c16
0x007b18b4	DropBear	instance	maxHealth	S8@0:4
0x007b18d0	DropBear	instance	tapIsWithinBodyRadius:	c16@0:4{Vector2=[2f]}8
0x007b1d1c	DropBear	instance	reactToBeingHit	v8@0:4
0x007b1de0	DropBear	instance	hitWithForce:blockhead:	v16@0:4i8@12
0x007b1e8c	DropBear	instance	renderPos	{Vector2=[2f]}8@0:4
0x007b1ed4	DropBear	instance	worldChanged:	v12@0:4^{vector<intpair, std::__1::allocator<intpair> >=^{?}^{?}{__compressed_pair<intpair *, std::__1::allocator<intpair> >=^{?}}}8
0x007b1eec	DropBear	instance	blockheadUnloaded:	v12@0:4@8
0x007b1fac	DropBear	instance	reactToBeingFed	v8@0:4
0x007b20f0	DropBear	instance	successfulTame	v8@0:4
0x007b2204	DropBear	instance	canBeCapturedByBlockhead:withItemType:	c16@0:4@8i12
0x007b22ac	DropBear	instance	cantBeCapturedTipStringForBlockhead:withItemType:	@16@0:4@8i12
0x007b249c	DropBear	instance	ridableWhenTamed	c8@0:4
0x007b24b8	DropBear	instance	.cxx_construct	@8@0:4
0x007b27d4	WHThreadSafeQueue	instance	init	@8@0:4
0x007b2980	WHThreadSafeQueue	instance	empty	c8@0:4
0x007b29f8	WHThreadSafeQueue	instance	enqueue:	v12@0:4@8
0x007b2b10	WHThreadSafeQueue	instance	dequeue	@8@0:4
0x007b2d84	CustomizeBlockheadUI	instance	updatePreviewView	v8@0:4
0x007b2e3c	CustomizeBlockheadUI	instance	loadResources	v8@0:4
0x007b4e24	CustomizeBlockheadUI	instance	initWithWorld:windowInfo:cache:	@20@0:4@8^{WindowInfo=ffffffff}12@16
0x007b5158	CustomizeBlockheadUI	instance	setDelegate:interactionObject:creationOptions:	v36@0:4@8@12{BlockheadSkinOptions=CCCC{MJColor8=CCCC}{MJColor8=CCCC}{MJColor8=CCCC}{MJColor8=CCCC}}16
0x007b52d8	CustomizeBlockheadUI	instance	dealloc	v8@0:4
0x007b56b8	CustomizeBlockheadUI	instance	windowInfoChanged:	v12@0:4^{WindowInfo=ffffffff}8
0x007b57dc	CustomizeBlockheadUI	instance	render:translation:pinchScale:	v24@0:4f8{Vector2=[2f]}12f20
0x007b8188	CustomizeBlockheadUI	instance	touchIsInViewAtAll:	c16@0:4{CGPoint=ff}8
0x007b837c	CustomizeBlockheadUI	instance	touchIsInUI:	c16@0:4{CGPoint=ff}8
0x007b88d8	CustomizeBlockheadUI	instance	startTouch:tapCount:	c20@0:4{CGPoint=ff}8i16
0x007b8e48	CustomizeBlockheadUI	instance	moveTouch:	v16@0:4{CGPoint=ff}8
0x007b91d4	CustomizeBlockheadUI	instance	endTouch:	v16@0:4{CGPoint=ff}8
0x007b9560	CustomizeBlockheadUI	instance	faceTypeNavigateButtons:	v12@0:4@8
0x007b966c	CustomizeBlockheadUI	instance	hairStyleNavigateButtons:	v12@0:4@8
0x007b97d8	CustomizeBlockheadUI	instance	skinColorWell:	v12@0:4@8
0x007b9afc	CustomizeBlockheadUI	instance	hairColorWell:	v12@0:4@8
0x007b9e14	CustomizeBlockheadUI	instance	clothingColorWellA:	v12@0:4@8
0x007ba12c	CustomizeBlockheadUI	instance	clothingColorWellB:	v12@0:4@8
0x007ba444	CustomizeBlockheadUI	instance	okButton:	v12@0:4@8
0x007ba7b8	CustomizeBlockheadUI	instance	colorPickerChanged:	v12@0:4@8
0x007bac44	CustomizeBlockheadUI	instance	center:	{Vector2=[2f]}12@0:4f8
0x007bad28	CustomizeBlockheadUI	instance	dimensions	{Vector2=[2f]}8@0:4
0x007badf4	CustomizeBlockheadUI	instance	stopBlockheadInteractingWhenDismissed	c8@0:4
0x007bae10	CustomizeBlockheadUI	instance	.cxx_construct	@8@0:4
0x007baf8c	GKResizeableCropOverlayView	instance	setFrame:	v24@0:4{CGRect={CGPoint=ff}{CGSize=ff}}8
0x007bb598	GKResizeableCropOverlayView	instance	initWithFrame:	@24@0:4{CGRect={CGPoint=ff}{CGSize=ff}}8
0x007bb64c	GKResizeableCropOverlayView	instance	initWithFrame:andInitialContentSize:	@32@0:4{CGRect={CGPoint=ff}{CGSize=ff}}8{CGSize=ff}24
0x007bb778	GKResizeableCropOverlayView	instance	touchesBegan:withEvent:	v16@0:4@8@12
0x007bba48	GKResizeableCropOverlayView	instance	touchesMoved:withEvent:	v16@0:4@8@12
0x007bbbac	GKResizeableCropOverlayView	instance	_addContentViews	v8@0:4
0x007bc378	GKResizeableCropOverlayView	instance	_calcuateWhichBorderHandleIsTheAnchorPointFromHere:	{CGPoint=ff}16@0:4{CGPoint=ff}8
0x007bc708	GKResizeableCropOverlayView	instance	_getAllCurrentHandlePositions	@8@0:4
0x007bd214	GKResizeableCropOverlayView	instance	_resizeWithTouchPoint:	v16@0:4{CGPoint=ff}8
0x007bd9b4	GKResizeableCropOverlayView	instance	_preventBorderFrameFromGettingTooSmallOrTooBig:	{CGRect={CGPoint=ff}{CGSize=ff}}24@0:4{CGRect={CGPoint=ff}{CGSize=ff}}8
0x007be3b0	GKResizeableCropOverlayView	instance	_resetFramesToThisOne:	v24@0:4{CGRect={CGPoint=ff}{CGSize=ff}}8
0x007be730	GKResizeableCropOverlayView	instance	_fillMultiplyer	v8@0:4
0x007be9f4	GKResizeableCropOverlayView	instance	drawRect:	v24@0:4{CGRect={CGPoint=ff}{CGSize=ff}}8
0x007bec44	GKResizeableCropOverlayView	instance	contentView	@8@0:4
0x007bec80	GKResizeableCropOverlayView	instance	setContentView:	v12@0:4@8
0x007beccc	GKResizeableCropOverlayView	instance	cropBorderView	@8@0:4
0x007bed6c	ScrollingListTradePortal	instance	initWithFrame:cache:windowInfo:tradePortalUI:world:	@40@0:4{CGRect={CGPoint=ff}{CGSize=ff}}8@24^{WindowInfo=ffffffff}28@32@36
0x007bf3a4	ScrollingListTradePortal	instance	dealloc	v8@0:4
0x007bf4ec	ScrollingListTradePortal	instance	setTradePortal:blockhead:	v16@0:4@8@12
0x007bf584	ScrollingListTradePortal	instance	updateCategory:	v12@0:4i8
0x007c01fc	ScrollingListTradePortal	instance	renderFrame:projectionMatrix:translationOffset:scale:	v88@0:4f8(_GLKMatrix4={?=ffffffffffffffff}[16f])12{Vector2=[2f]}76f84
0x007c2100	ScrollingListTradePortal	instance	touchIsInUI:	c16@0:4{CGPoint=ff}8
0x007c2348	ScrollingListTradePortal	instance	startTouch:	c16@0:4{CGPoint=ff}8
0x007c26d0	ScrollingListTradePortal	instance	moveTouch:	v16@0:4{CGPoint=ff}8
0x007c2e74	ScrollingListTradePortal	instance	endTouch:	v16@0:4{CGPoint=ff}8
0x007c3118	ScrollingListTradePortal	instance	buySellButton:	v12@0:4@8
0x007c3490	ScrollingListTradePortal	instance	showGraphForItemType:	v12@0:4i8
0x007c34fc	ScrollingListTradePortal	instance	everythingFree	c8@0:4
0x007c63ac	Shader	instance	initWithShaderVertexFile:fragmentFile:attributes:uniforms:	@24@0:4@8@12@16@20
0x007c6d00	Shader	instance	dealloc	v8@0:4
0x007c6e18	Shader	instance	compileShader:type:file:	c20@0:4^I8I12@16
0x007c6f90	Shader	instance	linkProgram:	c12@0:4I8
0x007c6fec	Shader	instance	validateProgram:	c12@0:4I8
0x007c70b4	Shader	instance	program	I8@0:4
0x007c70f0	Shader	instance	uniformLocations	@8@0:4
0x007c7198	Shark	instance	npcType	i8@0:4
0x007c71b4	Shark	instance	maxAge	f8@0:4
0x007c71e4	Shark	instance	minFullness	f8@0:4
0x007c7218	Shark	instance	speciesName	@8@0:4
0x007c7248	Shark	instance	foodItemType	i8@0:4
0x007c7264	Shark	instance	getNamesArray	^@8@0:4
0x007c7294	Shark	instance	getNamesArrayCount	i8@0:4
0x007c72b0	Shark	instance	capturedItemType	i8@0:4
0x007c72cc	Shark	instance	captureRequiredItemType	i8@0:4
0x007c72e8	Shark	instance	canBeCapturedByBlockhead:withItemType:	c16@0:4@8i12
0x007c7404	Shark	instance	cantBeCapturedTipStringForBlockhead:withItemType:	@16@0:4@8i12
0x007c76b0	Shark	instance	loadDerivedStuff	v8@0:4
0x007c83f8	Shark	instance	initWithWorld:dynamicWorld:atPosition:cache:saveDict:isAdult:wasPlaced:placedByClient:	@44@0:4@8@12{?=ii}16@24@28c32c36@40
0x007c8918	Shark	instance	initWithWorld:dynamicWorld:saveDict:cache:	@24@0:4@8@12@16@20
0x007c8a40	Shark	instance	initWithWorld:dynamicWorld:cache:netData:	@24@0:4@8@12@16@20
0x007c8c34	Shark	instance	getSaveDict	@8@0:4
0x007c8cb0	Shark	instance	sharkUpdateNetDataForClient:	{SharkUpdateNetData={NPCUpdateNetData={DynamicObjectNetData=QIIC[7C]}}IIsScc[2C]}12@0:4@8
0x007c8e30	Shark	instance	creationNetDataForClient:	@12@0:4@8
0x007c90f0	Shark	instance	creationDataStructSize	L8@0:4
0x007c910c	Shark	instance	updateNetDataForClient:	@12@0:4@8
0x007c91f8	Shark	instance	dealloc	v8@0:4
0x007c946c	Shark	instance	remoteCreationDataUpdate:	v12@0:4@8
0x007c9d50	Shark	instance	doRemoteUpdate:	v48@0:4{SharkUpdateNetData={NPCUpdateNetData={DynamicObjectNetData=QIIC[7C]}}IIsScc[2C]}8
0x007ca190	Shark	instance	remoteUpdate:	v12@0:4@8
0x007ca3e0	Shark	instance	draw:projectionMatrix:modelViewMatrix:cameraMinXWorld:cameraMaxXWorld:cameraMinYWorld:cameraMaxYWorld:	v156@0:4f8(_GLKMatrix4={?=ffffffffffffffff}[16f])12(_GLKMatrix4={?=ffffffffffffffff}[16f])76i140i144i148i152
0x007d6154	Shark	instance	die:	v12@0:4@8
0x007d62e4	Shark	instance	isUnderLocalControl	c8@0:4
0x007d6470	Shark	instance	update:accurateDT:isSimulation:	v20@0:4f8f12c16
0x007dc4a8	Shark	instance	maxHealth	S8@0:4
0x007dc4c4	Shark	instance	tapIsWithinBodyRadius:	c16@0:4{Vector2=[2f]}8
0x007dc93c	Shark	instance	reactToBeingHit	v8@0:4
0x007dca30	Shark	instance	hitWithForce:blockhead:	v16@0:4i8@12
0x007dccb4	Shark	instance	renderPos	{Vector2=[2f]}8@0:4
0x007dcd38	Shark	instance	center	{Vector2=[2f]}8@0:4
0x007dcee8	Shark	instance	blockheadUnloaded:	v12@0:4@8
0x007dd088	Shark	instance	reactToBeingFed	v8@0:4
0x007dd320	Shark	instance	namePos	{Vector2=[2f]}8@0:4
0x007dd398	Shark	instance	riderPosForBlockhead:	{Vector=[4f]}12@0:4@8
0x007dd4dc	Shark	instance	cameraPosForBlockhead:	{Vector2=[2f]}12@0:4@8
0x007dd540	Shark	instance	riderBodyYRotationForBlockhead:	f12@0:4@8
0x007dd584	Shark	instance	setTargetVelocity:	v16@0:4{Vector2=[2f]}8
0x007dd5d8	Shark	instance	rideDirection	i8@0:4
0x007dd6d0	Shark	instance	addRider:	v12@0:4@8
0x007dd7d0	Shark	instance	removeRider:	v12@0:4@8
0x007dd8dc	Shark	instance	minRidableAge	f8@0:4
0x007dd90c	Shark	instance	blockheadCanRide:usingItem:	c16@0:4@8i12
0x007dda6c	Shark	instance	jumpsOnSwipe	c8@0:4
0x007dda88	Shark	instance	riderRidesWithArmsDown	c8@0:4
0x007ddaa4	Shark	instance	riderDPadShouldAllowUpDown	c8@0:4
0x007ddac0	Shark	instance	.cxx_construct	@8@0:4
0x007de158	CoffeeTree	instance	objectType	i8@0:4
0x007de174	CoffeeTree	instance	fruitItemType	i8@0:4
0x007de190	CoffeeTree	instance	fruitShouldFallInSeason:	c12@0:4i8
0x007de1c0	CoffeeTree	instance	initWithWorld:dynamicWorld:atPosition:cache:maxHeight:growthRate:treeDensityNoiseFunction:seasonOffsetNoiseFunction:adultTree:adultMaxAge:	@52@0:4@8@12{?=ii}16@24s28s32@36@40c44f48
0x007deb28	CoffeeTree	instance	initWithWorld:dynamicWorld:saveDict:cache:treeDensityNoiseFunction:seasonOffsetNoiseFunction:	@32@0:4@8@12@16@20@24@28
0x007dec20	CoffeeTree	instance	getSaveDict	@8@0:4
0x007deca0	CoffeeTree	instance	updateGrowth:	v12@0:4c8
0x007e0c24	CoffeeTree	instance	makeTileDead:	v12@0:4^{Tile=CCCCCCCCCCCCCSSSsCISSSSSQ[8S]}8
0x007e0c8c	CoffeeTree	instance	update:accurateDT:isSimulation:	v20@0:4f8f12c16
0x007e1368	CoffeeTree	instance	treeType	i8@0:4
0x007e1384	CoffeeTree	instance	tileIsKindOfSelf:	c12@0:4^{Tile=CCCCCCCCCCCCCSSSsCISSSSSQ[8S]}8
0x007e1580	TipManager	class	instance	@8@0:4
0x007e1648	TipManager	instance	setWorld:	v12@0:4@8
0x007e1690	TipManager	instance	reset	v8@0:4
0x007e17d8	TipManager	instance	displayTip:withTimeOut:displayEvenIfDisabled:tipColor:	v36@0:4@8f12c16{Vector=[4f]}20
0x007e1a20	TipManager	instance	update:	v12@0:4f8
0x007e1b30	TipManager	instance	currentTip	@8@0:4
0x007e1bc8	TipManager	instance	tipColor	{Vector=[4f]}8@0:4
0x007e1c94	TipManager	instance	setTutorialTipText:	v12@0:4@8
0x007e1d68	TipManager	instance	updateTipForBlockhead:severityLevel:	v16@0:4@8i12
0x007e3538	TipManager	instance	displaySecondBlockheadTipIfGoodTime	v8@0:4
0x007e38d8	TipManager	instance	.cxx_construct	@8@0:4
0x007e3a28	Weather	instance	initWithCache:world:worldTime:	@20@0:4@8@12f16
0x007e4b6c	Weather	instance	updateCloudsForLoadOrHDTeturesChange	v8@0:4
0x007e5568	Weather	instance	loadCricketSounds	v8@0:4
0x007e5b10	Weather	instance	dealloc	v8@0:4
0x007e5eb0	Weather	instance	update:rainFraction:snowFraction:	v20@0:4f8f12f16
0x007e6a70	Weather	instance	updateBirdSoundWithBirdFraction:dayNightMix:undergroundMix:dt:playPosition:	v32@0:4f8f12f16f20{Vector2=[2f]}24
0x007e6f48	Weather	instance	updateRainSoundWithRainFraction:undergroundMix:position:	v24@0:4f8f12{Vector2=[2f]}16
0x007e7990	Weather	instance	updateCloudsWithTranslation:	v12@0:4f8
0x007e88a8	Weather	instance	renderCloudWithMatrix:translation:dt:weatherFraction:futureWeatherFraction:timeOfDayFraction:	v96@0:4(_GLKMatrix4={?=ffffffffffffffff}[16f])8{Vector2=[2f]}72f80f84f88f92
0x007ea820	Weather	instance	renderWithMatrix:pinchScale:withDayColor:rainFraction:snowFraction:snowLevel:	v104@0:4(_GLKMatrix4={?=ffffffffffffffff}[16f])8f72{Vector=[4f]}76f92f96f100
0x007eb4e8	Weather	instance	setSoundPaused:	v12@0:4c8
0x007eb694	Weather	instance	cloudColorForWeatherFraction:timeOfDayFraction:isBackground:	{Vector=[4f]}20@0:4f8f12c16
0x007ebee0	Weather	instance	windStrength	f8@0:4
0x007ebf60	Weather	instance	windMovement	f8@0:4
0x007ebfa8	Weather	instance	setWindMovement:	v12@0:4f8
0x007ebff4	Weather	instance	.cxx_construct	@8@0:4
0x007ec070	LoadWorldUI	instance	initWithDelegate:windowInfo:cache:cloudInterface:	@24@0:4@8^{WindowInfo=ffffffff}12@16@20
0x007ed954	LoadWorldUI	instance	dismissAlertViews	v8@0:4
0x007edb5c	LoadWorldUI	instance	dealloc	v8@0:4
0x007ee100	LoadWorldUI	instance	windowInfoChanged:	v12@0:4^{WindowInfo=ffffffff}8
0x007f36d0	LoadWorldUI	instance	currentWorldChanged:	v12@0:4@8
0x007f6428	LoadWorldUI	instance	renderFrame:projectionMatrix:	v76@0:4f8(_GLKMatrix4={?=ffffffffffffffff}[16f])12
0x007f91d8	LoadWorldUI	instance	playButton:	v12@0:4@8
0x007f94ec	LoadWorldUI	instance	optionsButton:	v12@0:4@8
0x007fe59c	LoadWorldUI	instance	backButton:	v12@0:4@8
0x007fe6ec	LoadWorldUI	instance	deleteWorldButton:	v12@0:4@8
0x007ff328	LoadWorldUI	instance	hostMultiButton:	v12@0:4@8
0x007ff8d0	LoadWorldUI	instance	migrateToCustomButton:	v12@0:4@8
0x007fff48	LoadWorldUI	instance	hostMultiLANButton:	v12@0:4@8
0x00803bf4	LoadWorldUI	instance	startTouch:	c16@0:4{CGPoint=ff}8
0x00804630	LoadWorldUI	instance	moveTouch:	v16@0:4{CGPoint=ff}8
0x00804c78	LoadWorldUI	instance	endTouch:	v16@0:4{CGPoint=ff}8
0x008052c0	LoadWorldUI	instance	textField:shouldChangeCharactersInRange:replacementString:	c24@0:4@8{_NSRange=II}12@20
0x00805554	LoadWorldUI	instance	alertView:didDismissWithButtonIndex:	v16@0:4@8i12
0x0080609c	LoadWorldUI	instance	textFieldShouldReturn:	c12@0:4@8
0x00806120	LoadWorldUI	instance	worldNameButton:	v12@0:4@8
0x0080658c	LoadWorldUI	instance	hostNickNameButton:	v12@0:4@8
0x00806934	LoadWorldUI	instance	onlinePicButton:	v12@0:4@8
0x00806ac0	LoadWorldUI	instance	hostPicButton:	v12@0:4@8
0x00806c20	LoadWorldUI	instance	imageWithImage:scaledToSize:	@20@0:4@8{CGSize=ff}12
0x00806df0	LoadWorldUI	instance	imagePickerFinishedWithImage:	v12@0:4@8
0x008074c8	LoadWorldUI	instance	hostPvpButton:	v12@0:4@8
0x00807660	LoadWorldUI	instance	hostNowButton:	v12@0:4@8
0x008076c8	LoadWorldUI	instance	cloudConnectionRequestSucceededWithHost:port:key:	v20@0:4@8@12@16
0x0080781c	LoadWorldUI	instance	cloudConnectionFailed:presentTopupUI:	v16@0:4i8c12
0x008079b8	LoadWorldUI	instance	cloudConnectionCancelled	v8@0:4
0x00807a1c	LoadWorldUI	instance	onlineOwnerPortalButton:	v12@0:4@8
0x00808088	LoadWorldUI	instance	onlineShareButton:	v12@0:4@8
0x00808728	LoadWorldUI	instance	hostUserName	@8@0:4
0x0080876c	LoadWorldUI	instance	hostUserPhoto	@8@0:4
0x008087b0	LoadWorldUI	instance	hostPvpEnabled	c8@0:4
0x008087ec	LoadWorldUI	instance	state	i8@0:4
0x00809210	LimeTree	instance	objectType	i8@0:4
0x0080922c	LimeTree	instance	fruitItemType	i8@0:4
0x00809248	LimeTree	instance	fruitShouldFallInSeason:	c12@0:4i8
0x00809278	LimeTree	instance	initWithWorld:dynamicWorld:atPosition:cache:maxHeight:growthRate:treeDensityNoiseFunction:seasonOffsetNoiseFunction:adultTree:adultMaxAge:	@52@0:4@8@12{?=ii}16@24s28s32@36@40c44f48
0x00809c3c	LimeTree	instance	initWithWorld:dynamicWorld:saveDict:cache:treeDensityNoiseFunction:seasonOffsetNoiseFunction:	@32@0:4@8@12@16@20@24@28
0x00809d34	LimeTree	instance	getSaveDict	@8@0:4
0x00809db0	LimeTree	instance	updateGrowth:	v12@0:4c8
0x0080bc80	LimeTree	instance	update:accurateDT:isSimulation:	v20@0:4f8f12c16
0x0080c3a8	LimeTree	instance	makeTileDead:	v12@0:4^{Tile=CCCCCCCCCCCCCSSSsCISSSSSQ[8S]}8
0x0080c410	LimeTree	instance	treeType	i8@0:4
0x0080c42c	LimeTree	instance	tileIsKindOfSelf:	c12@0:4^{Tile=CCCCCCCCCCCCCSSSsCISSSSSQ[8S]}8
0x0080c628	PetUI	instance	loadResources	v8@0:4
0x0080d4b0	PetUI	instance	initWithWorld:windowInfo:cache:	@20@0:4@8^{WindowInfo=ffffffff}12@16
0x0080d5c8	PetUI	instance	dealloc	v8@0:4
0x0080d7f8	PetUI	instance	setNPC:	v12@0:4@8
0x0080da94	PetUI	instance	dismissAlertViews	v8@0:4
0x0080daa8	PetUI	instance	npc	@8@0:4
0x0080dae4	PetUI	instance	windowInfoChanged:	v12@0:4^{WindowInfo=ffffffff}8
0x0080dc08	PetUI	instance	render:translation:pinchScale:	v24@0:4f8{Vector2=[2f]}12f20
0x0080f9e0	PetUI	instance	touchIsInViewAtAll:	c16@0:4{CGPoint=ff}8
0x0080fb68	PetUI	instance	touchIsInUI:	c16@0:4{CGPoint=ff}8
0x0080fcd4	PetUI	instance	startTouch:tapCount:	c20@0:4{CGPoint=ff}8i16
0x0080fe48	PetUI	instance	moveTouch:	v16@0:4{CGPoint=ff}8
0x0080ff58	PetUI	instance	endTouch:	v16@0:4{CGPoint=ff}8
0x00810068	PetUI	instance	center:	{Vector2=[2f]}12@0:4f8
0x0081014c	PetUI	instance	textField:shouldChangeCharactersInRange:replacementString:	c24@0:4@8{_NSRange=II}12@20
0x008103e0	PetUI	instance	textFieldShouldReturn:	c12@0:4@8
0x00810464	PetUI	instance	nameEditButton:	v12@0:4@8
0x008107e0	PetUI	instance	alertView:didDismissWithButtonIndex:	v16@0:4@8i12
0x00810b3c	PetUI	instance	stopBlockheadInteractingWhenDismissed	c8@0:4
0x00810b58	PetUI	instance	.cxx_construct	@8@0:4
0x00810d08	BlockheadCraftableItemObject	instance	initWithCraftableItem:name:skinOptions:	@156@0:4{CraftableItem=ii[8i][8i]iiiSSi[8i]}8@132{BlockheadSkinOptions=CCCC{MJColor8=CCCC}{MJColor8=CCCC}{MJColor8=CCCC}{MJColor8=CCCC}}136
0x00810f10	BlockheadCraftableItemObject	instance	initWithSaveDict:	@12@0:4@8
0x00811b60	BlockheadCraftableItemObject	instance	getSaveDict	@8@0:4
0x00811db8	BlockheadCraftableItemObject	instance	dealloc	v8@0:4
0x00811e7c	BlockheadCraftableItemObject	instance	name	@8@0:4
0x00811eb4	BlockheadCraftableItemObject	instance	setName:	v12@0:4@8
0x00811f00	BlockheadCraftableItemObject	instance	skinOptions	{BlockheadSkinOptions=CCCC{MJColor8=CCCC}{MJColor8=CCCC}{MJColor8=CCCC}{MJColor8=CCCC}}8@0:4
0x00811f60	BlockheadCraftableItemObject	instance	setSkinOptions:	v28@0:4{BlockheadSkinOptions=CCCC{MJColor8=CCCC}{MJColor8=CCCC}{MJColor8=CCCC}{MJColor8=CCCC}}8
0x00811ff0	BlockheadCraftableItemObject	instance	.cxx_construct	@8@0:4
0x00812168	SurfaceBlock	instance	objectType	i8@0:4
0x00812184	SurfaceBlock	instance	subtractWater:fromOtherTile:atPos:	v24@0:4i8^{Tile=CCCCCCCCCCCCCSSSsCISSSSSQ[8S]}12{?=ii}16
0x00812228	SurfaceBlock	instance	takeAnyWaterFromTileAtPos:tile:	c20@0:4{?=ii}8^{Tile=CCCCCCCCCCCCCSSSsCISSSSSQ[8S]}16
0x00812cf4	SurfaceBlock	instance	initWithWorld:dynamicWorld:atPosition:cache:	@28@0:4@8@12{?=ii}16@24
0x00812e64	SurfaceBlock	instance	initWithWorld:dynamicWorld:saveDict:cache:	@24@0:4@8@12@16@20
0x00812f48	SurfaceBlock	instance	removeFromMacroBlock	v8@0:4
0x00812fb4	SurfaceBlock	instance	update:accurateDT:isSimulation:	v20@0:4f8f12c16
0x008144a8	SurfaceBlock	instance	removeIfFloatingAndEmptyOfWater	v8@0:4
0x008148b8	SurfaceBlock	instance	requiresPhysicalBlock	c8@0:4
0x00814a54	KelpPlant	instance	objectType	i8@0:4
0x00814a70	KelpPlant	instance	initSubDerivedItems	v8@0:4
0x00814f54	KelpPlant	instance	initWithWorld:dynamicWorld:atPosition:cache:maxAgeGene:growthRateGene:treeDensityNoiseFunction:seasonOffsetNoiseFunction:adultPlant:	@48@0:4@8@12{?=ii}16@24S28S32@36@40c44
0x00815be8	KelpPlant	instance	initWithWorld:dynamicWorld:saveDict:cache:treeDensityNoiseFunction:seasonOffsetNoiseFunction:	@32@0:4@8@12@16@20@24@28
0x00816560	KelpPlant	instance	initWithWorld:dynamicWorld:cache:netData:	@24@0:4@8@12@16@20
0x008166e0	KelpPlant	instance	getSaveDict	@8@0:4
0x00816960	KelpPlant	instance	plantCreationNetData	{PlantCreationNetData={DynamicObjectNetData=QIIC[7C]}SSSSsC[5C]}8@0:4
0x008169ec	KelpPlant	instance	dealloc	v8@0:4
0x00816a58	KelpPlant	instance	remoteUpdate:	v12@0:4@8
0x00816e34	KelpPlant	instance	update:accurateDT:isSimulation:	v20@0:4f8f12c16
0x00817c8c	KelpPlant	instance	dieOfOldAge	v8@0:4
0x00818150	KelpPlant	instance	draw:projectionMatrix:modelViewMatrix:cameraMinXWorld:cameraMaxXWorld:cameraMinYWorld:cameraMaxYWorld:	v156@0:4f8(_GLKMatrix4={?=ffffffffffffffff}[16f])12(_GLKMatrix4={?=ffffffffffffffff}[16f])76i140i144i148i152
0x00818d9c	KelpPlant	instance	tileIsKindOfSelf:	c12@0:4^{Tile=CCCCCCCCCCCCCSSSsCISSSSSQ[8S]}8
0x00818dd0	KelpPlant	instance	plantType	i8@0:4
0x00818dec	KelpPlant	instance	isRequiredSoilType:	c12@0:4i8
0x00818e74	KelpPlant	instance	gatherProgressForTile:	i16@0:4{?=ii}8
0x00818f7c	KelpPlant	instance	tileHarvested:removeBlockhead:correctToolMultiplier:	i24@0:4{?=ii}8@16i20
0x00819858	KelpPlant	instance	setGatherProgress:forTile:	v20@0:4i8{?=ii}12
0x008199ac	KelpPlant	instance	numberOfOccupiedTilesAbove	i8@0:4
0x008199e8	KelpPlant	instance	droppedItemType	i8@0:4
0x00819a04	KelpPlant	instance	staticGeometryDrawQuadCountForMacroPos:	i16@0:4{?=ii}8
0x00819cd8	KelpPlant	instance	addDrawQuadData:fromIndex:forMacroPos:	i24@0:4^f8i12{?=ii}16
0x0081a6f0	KelpPlant	instance	removeFromMacroBlock	v8@0:4
0x0081a890	KelpPlant	instance	availableFood	f8@0:4
0x0081a8d8	KelpPlant	instance	setAvailableFood:	v12@0:4f8
0x0081aa84	PassengerCar	instance	loadDerivedStuff	v8@0:4
0x0081b378	PassengerCar	instance	objectType	i8@0:4
0x0081b394	PassengerCar	instance	initWithWorld:dynamicWorld:atPosition:cache:saveDict:placedByClient:	@36@0:4@8@12{?=ii}16@24@28@32
0x0081bcc8	PassengerCar	instance	initWithWorld:dynamicWorld:saveDict:cache:	@24@0:4@8@12@16@20
0x0081bdb8	PassengerCar	instance	initWithWorld:dynamicWorld:cache:netData:	@24@0:4@8@12@16@20
0x0081c034	PassengerCar	instance	getSaveDict	@8@0:4
0x0081c0b0	PassengerCar	instance	creationNetDataForClient:	@12@0:4@8
0x0081c488	PassengerCar	instance	updateNetDataForClient:	@12@0:4@8
0x0081c4dc	PassengerCar	instance	dealloc	v8@0:4
0x0081c680	PassengerCar	instance	remoteUpdate:	v12@0:4@8
0x0081c6f8	PassengerCar	instance	update:accurateDT:isSimulation:	v20@0:4f8f12c16
0x008206f8	PassengerCar	instance	draw:projectionMatrix:modelViewMatrix:cameraMinXWorld:cameraMaxXWorld:cameraMinYWorld:cameraMaxYWorld:	v156@0:4f8(_GLKMatrix4={?=ffffffffffffffff}[16f])12(_GLKMatrix4={?=ffffffffffffffff}[16f])76i140i144i148i152
0x0082db7c	PassengerCar	instance	renderPos	{Vector2=[2f]}8@0:4
0x0082e2f0	PassengerCar	instance	cameraPosForBlockhead:	{Vector2=[2f]}12@0:4@8
0x0082e380	PassengerCar	instance	riderPosForBlockhead:	{Vector=[4f]}12@0:4@8
0x0082e868	PassengerCar	instance	riderBodyMatrixForBlockhead:cameraX:	(_GLKMatrix4={?=ffffffffffffffff}[16f])16@0:4@8f12
0x0082f490	PassengerCar	instance	setTargetVelocity:	v16@0:4{Vector2=[2f]}8
0x0082f4ac	PassengerCar	instance	itemType	i8@0:4
0x0082f4c8	PassengerCar	instance	actionTitle	@8@0:4
0x0082f4f8	PassengerCar	instance	tapIsWithinBodyRadius:	c16@0:4{Vector2=[2f]}8
0x0082fda0	PassengerCar	instance	maxNumberOfRiders	i8@0:4
0x0082fdbc	PassengerCar	instance	addRider:	v12@0:4@8
0x00830668	BHNetClientMatch	instance	initWithSearchDelegate:host:port:userName:userPhoto:cloudKey:	@32@0:4@8@12@16@20@24@28
0x008311e4	BHNetClientMatch	instance	pollNetEvents	v8@0:4
0x008315d8	BHNetClientMatch	instance	connectToSpecificHostAndPort	v8@0:4
0x00831a38	BHNetClientMatch	instance	setSearchDelegate:	v12@0:4@8
0x00831a7c	BHNetClientMatch	instance	disconnect	v8@0:4
0x00831db4	BHNetClientMatch	instance	dealloc	v8@0:4
0x008323e4	BHNetClientMatch	instance	startSearchForServers	v8@0:4
0x008326bc	BHNetClientMatch	instance	playerIDs	@8@0:4
0x0083273c	BHNetClientMatch	instance	localPlayerID	@8@0:4
0x008327c4	BHNetClientMatch	instance	localPlayerName	@8@0:4
0x00832828	BHNetClientMatch	instance	sendData:toPlayers:withDataMode:error:	c24@0:4@8@12i16^@20
0x00832994	BHNetClientMatch	instance	loadInfoForPlayer:	@12@0:4@8
0x00832a0c	BHNetClientMatch	instance	netServiceBrowser:didFindDomain:moreComing:	v20@0:4@8@12c16
0x00832c60	BHNetClientMatch	instance	netServiceBrowser:didFindService:moreComing:	v20@0:4@8@12c16
0x00832dbc	BHNetClientMatch	instance	netServiceDidResolveAddress:	v12@0:4@8
0x0083380c	BHNetClientMatch	instance	worldSelectedAtIndex:	v12@0:4i8
0x00833a60	BHNetClientMatch	instance	sendPlayerInformationToServer:password:	v16@0:4@8@12
0x00833de4	BHNetClientMatch	instance	netService:didNotResolve:	v16@0:4@8@12
0x00833e28	BHNetClientMatch	instance	isCloudMatch	c8@0:4
0x00833e7c	BHNetClientMatch	instance	searching	c8@0:4
0x00833eb8	BHNetClientMatch	instance	setSearching:	v12@0:4c8
0x00833efc	BHNetClientMatch	instance	userName	@8@0:4
0x00833f40	BHNetClientMatch	instance	photo	@8@0:4
0x00833f84	BHNetClientMatch	instance	isLocal	c8@0:4
0x00833fc0	BHNetClientMatch	instance	cloudKey	@8@0:4
0x00834068	Column	instance	isTransparent	c8@0:4
0x00834210	Column	instance	updateConfiguration	v8@0:4
0x00834538	Column	instance	initSubDerivedItems	v8@0:4
0x008346bc	Column	instance	objectType	i8@0:4
0x008346d8	Column	instance	initWithWorld:dynamicWorld:atPosition:cache:type:saveDict:placedByClient:	@40@0:4@8@12{?=ii}16@24i28@32@36
0x00834a30	Column	instance	initWithWorld:dynamicWorld:saveDict:cache:	@24@0:4@8@12@16@20
0x00834d34	Column	instance	initWithWorld:dynamicWorld:cache:netData:	@24@0:4@8@12@16@20
0x00835094	Column	instance	getSaveDict	@8@0:4
0x00835384	Column	instance	updateNetDataForClient:	@12@0:4@8
0x008353d8	Column	instance	remoteUpdate:	v12@0:4@8
0x0083562c	Column	instance	creationNetDataForClient:	@12@0:4@8
0x00835a9c	Column	instance	dealloc	v8@0:4
0x00835b60	Column	instance	update:accurateDT:isSimulation:	v20@0:4f8f12c16
0x00835fa0	Column	instance	draw:projectionMatrix:modelViewMatrix:cameraMinXWorld:cameraMaxXWorld:cameraMinYWorld:cameraMaxYWorld:	v156@0:4f8(_GLKMatrix4={?=ffffffffffffffff}[16f])12(_GLKMatrix4={?=ffffffffffffffff}[16f])76i140i144i148i152
0x008363fc	Column	instance	freeblockCreationItemType	i8@0:4
0x00836438	Column	instance	freeBlockCreationSaveDict	@8@0:4
0x00836484	Column	instance	freeBlockCreationDataA	S8@0:4
0x008364a0	Column	instance	freeBlockCreationDataB	S8@0:4
0x008364bc	Column	instance	worldChanged:	v12@0:4^{vector<intpair, std::__1::allocator<intpair> >=^{?}^{?}{__compressed_pair<intpair *, std::__1::allocator<intpair> >=^{?}}}8
0x00836c0c	Column	instance	imageIndex	i8@0:4
0x00836f8c	Column	instance	staticGeometryDrawCubeCountLocal	i8@0:4
0x00837048	Column	instance	staticGeometryDrawCubeCount	i8@0:4
0x008370e8	Column	instance	staticGeometryDrawCubeCountTrans	i8@0:4
0x00837188	Column	instance	addDrawCubeDataLocal:fromIndex:	i16@0:4^f8i12
0x008380ac	Column	instance	addDrawCubeData:fromIndex:	i16@0:4^f8i12
0x00838164	Column	instance	addDrawCubeDataTrans:fromIndex:	i16@0:4^f8i12
0x0083821c	Column	instance	staticGeometryCylinderCount	i8@0:4
0x0083828c	Column	instance	staticGeometryCylinderCountTrans	i8@0:4
0x00838300	Column	instance	addCylinderDataLocal:fromIndex:	i16@0:4^f8i12
0x008387d0	Column	instance	addCylinderData:fromIndex:	i16@0:4^f8i12
0x00838888	Column	instance	addCylinderDataTrans:fromIndex:	i16@0:4^f8i12
0x00838940	Column	instance	removeFromMacroBlock	v8@0:4
0x00838abc	Column	instance	paint:	v12@0:4S8
0x00838cd4	Column	instance	occupiesForegroundContents	c8@0:4
0x00838cf0	Column	instance	itemType	i8@0:4
0x00839508	DynamicObject	instance	initDerivedStuff:loadPhysicalBlockIfNeeded:	c16@0:4c8c12
0x008398d0	DynamicObject	instance	removeFromMacroBlock	v8@0:4
0x008399fc	DynamicObject	instance	objectType	i8@0:4
0x00839a18	DynamicObject	instance	initWithWorld:dynamicWorld:atPosition:cache:type:saveDict:placedByClient:	@40@0:4@8@12{?=ii}16@24i28@32@36
0x00839af8	DynamicObject	instance	initWithWorld:dynamicWorld:atPosition:cache:	@28@0:4@8@12{?=ii}16@24
0x00839f7c	DynamicObject	instance	initWithWorld:dynamicWorld:saveDict:cache:	@24@0:4@8@12@16@20
0x0083a3c0	DynamicObject	instance	initWithWorld:dynamicWorld:cache:netData:	@24@0:4@8@12@16@20
0x0083a740	DynamicObject	instance	dealloc	v8@0:4
0x0083a7ac	DynamicObject	instance	getSaveDict	@8@0:4
0x0083aabc	DynamicObject	instance	dynamicObjectNetData	{DynamicObjectNetData=QIIC[7C]}8@0:4
0x0083ac20	DynamicObject	instance	update:accurateDT:isSimulation:	v20@0:4f8f12c16
0x0083ac50	DynamicObject	instance	draw:projectionMatrix:modelViewMatrix:cameraMinXWorld:cameraMaxXWorld:cameraMinYWorld:cameraMaxYWorld:	v156@0:4f8(_GLKMatrix4={?=ffffffffffffffff}[16f])12(_GLKMatrix4={?=ffffffffffffffff}[16f])76i140i144i148i152
0x0083ae78	DynamicObject	instance	updatePosition:	v16@0:4{?=ii}8
0x0083b554	DynamicObject	instance	requiresPhysicalBlock	c8@0:4
0x0083b570	DynamicObject	instance	worldChanged:	v12@0:4^{vector<intpair, std::__1::allocator<intpair> >=^{?}^{?}{__compressed_pair<intpair *, std::__1::allocator<intpair> >=^{?}}}8
0x0083b588	DynamicObject	instance	shouldSaveEveryChangeInPosition	c8@0:4
0x0083b5a4	DynamicObject	instance	worldContentsChanged:	v12@0:4^{vector<intpair, std::__1::allocator<intpair> >=^{?}^{?}{__compressed_pair<intpair *, std::__1::allocator<intpair> >=^{?}}}8
0x0083b5f8	DynamicObject	instance	waterContentChanged:	v12@0:4^{vector<intpair, std::__1::allocator<intpair> >=^{?}^{?}{__compressed_pair<intpair *, std::__1::allocator<intpair> >=^{?}}}8
0x0083b64c	DynamicObject	instance	creationNetDataForClient:	@12@0:4@8
0x0083b66c	DynamicObject	instance	updateNetDataForClient:	@12@0:4@8
0x0083b68c	DynamicObject	instance	remoteUpdate:	v12@0:4@8
0x0083b7b0	DynamicObject	instance	remoteCreationDataUpdate:	v12@0:4@8
0x0083b8d4	DynamicObject	instance	shouldAddToMacroBlock	c8@0:4
0x0083b8f0	DynamicObject	instance	setFloatPosAndUpdatePosition:	v16@0:4{Vector2=[2f]}8
0x0083b9c4	DynamicObject	instance	staticGeometryDrawCubeCount	i8@0:4
0x0083b9e0	DynamicObject	instance	staticGeometryDrawCubeCountTrans	i8@0:4
0x0083b9fc	DynamicObject	instance	addDrawCubeData:fromIndex:	i16@0:4^f8i12
0x0083ba20	DynamicObject	instance	addDrawCubeDataTrans:fromIndex:	i16@0:4^f8i12
0x0083ba44	DynamicObject	instance	staticGeometryDrawQuadCountForMacroPos:	i16@0:4{?=ii}8
0x0083ba68	DynamicObject	instance	staticGeometryForegroundDrawQuadCountForMacroPos:	i16@0:4{?=ii}8
0x0083ba8c	DynamicObject	instance	addDrawQuadData:fromIndex:forMacroPos:	i24@0:4^f8i12{?=ii}16
0x0083bac4	DynamicObject	instance	addForegroundDrawQuadData:fromIndex:forMacroPos:	i24@0:4^f8i12{?=ii}16
0x0083bafc	DynamicObject	instance	staticGeometryDrawItemQuadCount	i8@0:4
0x0083bb18	DynamicObject	instance	addDrawItemQuadData:fromIndex:	i16@0:4^f8i12
0x0083bb3c	DynamicObject	instance	lightGlowQuadCount	i8@0:4
0x0083bb58	DynamicObject	instance	staticGeometryCylinderCount	i8@0:4
0x0083bb74	DynamicObject	instance	addCylinderData:fromIndex:	i16@0:4^f8i12
0x0083bb98	DynamicObject	instance	staticGeometryCylinderCountTrans	i8@0:4
0x0083bbb4	DynamicObject	instance	addCylinderDataTrans:fromIndex:	i16@0:4^f8i12
0x0083bbd8	DynamicObject	instance	staticGeometryDodoEggCount	i8@0:4
0x0083bbf4	DynamicObject	instance	addDodoEggDrawQuadData:fromIndex:	i16@0:4^f8i12
0x0083bc18	DynamicObject	instance	addLightGlowQuadData:fromIndex:	i16@0:4^f8i12
0x0083c890	DynamicObject	instance	blockheadUnloaded:	v12@0:4@8
0x0083c8a8	DynamicObject	instance	blockheadsLoaded	v8@0:4
0x0083c8bc	DynamicObject	instance	lightPos	{Vector=[4f]}8@0:4
0x0083c960	DynamicObject	instance	isDownlight	c8@0:4
0x0083c97c	DynamicObject	instance	isUplight	c8@0:4
0x0083c998	DynamicObject	instance	getLightRGB	{Vector=[4f]}8@0:4
0x0083c9dc	DynamicObject	instance	needsNetDataToBeSent	c8@0:4
0x0083ca98	DynamicObject	instance	occupiesForegroundContents	c8@0:4
0x0083cab4	DynamicObject	instance	occupiesNormalContents	c8@0:4
0x0083cad0	DynamicObject	instance	occupiesBackgroundContents	c8@0:4
0x0083caec	DynamicObject	instance	ownerID	@8@0:4
0x0083cb28	DynamicObject	instance	mayOnlyBeRemovedByOwner	c8@0:4
0x0083cb7c	DynamicObject	instance	canBeRemovedByBlockhead:	c12@0:4@8
0x0083ce9c	DynamicObject	instance	addArtificialLightContributionForPhysicalBlockLoadedAtXPos:yPos:	v16@0:4i8i12
0x0083ceb8	DynamicObject	instance	clientIDForSavingSeperatelyAndOnlyLoadingWhilePlayerOnline	@8@0:4
0x0083ced4	DynamicObject	instance	renderPos	{Vector2=[2f]}8@0:4
0x0083cf5c	DynamicObject	instance	freeblockCreationItemType	i8@0:4
0x0083cf78	DynamicObject	instance	freeBlockCreationSaveDict	@8@0:4
0x0083cf94	DynamicObject	instance	freeBlockCreationDataA	S8@0:4
0x0083cfb0	DynamicObject	instance	freeBlockCreationDataB	S8@0:4
0x0083cfcc	DynamicObject	instance	pos	{?=ii}8@0:4
0x0083d02c	DynamicObject	instance	floatPos	{Vector2=[2f]}8@0:4
0x0083d08c	DynamicObject	instance	uniqueID	Q8@0:4
0x0083d0f0	DynamicObject	instance	needsRemoved	c8@0:4
0x0083d12c	DynamicObject	instance	setNeedsRemoved:	v12@0:4c8
0x0083d170	DynamicObject	instance	updateNeedsToBeSent	c8@0:4
0x0083d1ac	DynamicObject	instance	setUpdateNeedsToBeSent:	v12@0:4c8
0x0083d1f0	DynamicObject	instance	creationDataNeedsToBeSent	c8@0:4
0x0083d22c	DynamicObject	instance	setCreationDataNeedsToBeSent:	v12@0:4c8
0x0083d270	DynamicObject	instance	unreliableUpdateNeedsToBeSent	c8@0:4
0x0083d2ac	DynamicObject	instance	setUnreliableUpdateNeedsToBeSent:	v12@0:4c8
0x0083d2f0	DynamicObject	instance	isNet	c8@0:4
0x0083d32c	DynamicObject	instance	macroTileOwner	^{MacroTile=CCC^{PhysicalBlock}^{DrawBlock}@f}8@0:4
0x0083d370	DynamicObject	instance	.cxx_construct	@8@0:4
0x0083dbb0	FishingRod	instance	initWithWorld:blockhead:cache:	@20@0:4@8@12@16
0x0083dfec	FishingRod	instance	dealloc	v8@0:4
0x0083e12c	FishingRod	instance	valid	c8@0:4
0x0083e168	FishingRod	instance	setValid:	v12@0:4c8
0x0083e2a4	FishingRod	instance	cameraPos	{Vector2=[2f]}8@0:4
0x0083e344	FishingRod	instance	isCasting	c8@0:4
0x0083e380	FishingRod	instance	directionalSwipe:	v16@0:4{Vector2=[2f]}8
0x0083e870	FishingRod	instance	update:accurateDT:isSimulation:	v20@0:4f8f12c16
0x00840770	FishingRod	instance	draw:projectionMatrix:modelViewMatrix:cameraMinXWorld:cameraMaxXWorld:cameraMinYWorld:cameraMaxYWorld:	v156@0:4f8(_GLKMatrix4={?=ffffffffffffffff}[16f])12(_GLKMatrix4={?=ffffffffffffffff}[16f])76i140i144i148i152
0x00842930	FishingRod	instance	hookedFishDirection	{Vector2=[2f]}8@0:4
0x00842b58	FishingRod	instance	setHookedFish:	v12@0:4@8
0x00842f9c	FishingRod	instance	hookedFish	@8@0:4
0x00842fd8	FishingRod	instance	setPaused:	v12@0:4c8
0x00843120	FishingRod	instance	blockheadUnloaded:	v12@0:4@8
0x008431e0	FishingRod	instance	isInCastingAnimation	c8@0:4
0x0084321c	FishingRod	instance	setIsInCastingAnimation:	v12@0:4c8
0x00843260	FishingRod	instance	castAnimationProgress	f8@0:4
0x008432a8	FishingRod	instance	setCastAnimationProgress:	v12@0:4f8
0x008432f4	FishingRod	instance	hookInAir	c8@0:4
0x00843330	FishingRod	instance	setHookInAir:	v12@0:4c8
0x00843374	FishingRod	instance	castingRight	c8@0:4
0x008433b0	FishingRod	instance	setCastingRight:	v12@0:4c8
0x008433f4	FishingRod	instance	hookPos	{Vector2=[2f]}8@0:4
0x00843454	FishingRod	instance	setHookPos:	v16@0:4{Vector2=[2f]}8
0x008434c4	FishingRod	instance	blockhead	@8@0:4
0x00843508	FishingRod	instance	.cxx_destruct	v8@0:4
0x00843588	FishingRod	instance	.cxx_construct	@8@0:4
0x008442a8	OptionsUI	instance	initWithWorld:windowInfo:cache:pauseUI:	@24@0:4@8^{WindowInfo=ffffffff}12@16@20
0x00845d18	OptionsUI	instance	dismissAlertViews	v8@0:4
0x00845eac	OptionsUI	instance	dealloc	v8@0:4
0x008461bc	OptionsUI	instance	windowInfoChanged:	v12@0:4^{WindowInfo=ffffffff}8
0x008463e4	OptionsUI	instance	render:	v12@0:4f8
0x008477c8	OptionsUI	instance	touchIsInViewAtAll:	c16@0:4{CGPoint=ff}8
0x00847848	OptionsUI	instance	touchIsInUI:	c16@0:4{CGPoint=ff}8
0x008478c8	OptionsUI	instance	startTouch:tapCount:	c20@0:4{CGPoint=ff}8i16
0x00847cec	OptionsUI	instance	moveTouch:	v16@0:4{CGPoint=ff}8
0x0084805c	OptionsUI	instance	endTouch:	v16@0:4{CGPoint=ff}8
0x008483cc	OptionsUI	instance	OKButton:	v12@0:4@8
0x00848434	OptionsUI	instance	restoreButton:	v12@0:4@8
0x008485d4	OptionsUI	instance	alertView:didDismissWithButtonIndex:	v16@0:4@8i12
0x0084870c	OptionsUI	instance	musicSlider:	v12@0:4@8
0x008487d8	OptionsUI	instance	soundSlider:	v12@0:4@8
0x008488a4	OptionsUI	instance	hdTexturesButton:	v12@0:4@8
0x0084896c	OptionsUI	instance	updateHDTexturesButton	v8@0:4
0x00848a04	OptionsUI	instance	multiplayerOptionsButton:	v12@0:4@8
0x00848b60	OptionsUI	instance	soundOptionsButton:	v12@0:4@8
0x00848ca0	OptionsUI	instance	dismissMultiplayerWorldOptions	v8@0:4
0x00848ce0	OptionsUI	instance	dismissSoundOptions	v8@0:4
0x00848d20	OptionsUI	instance	dismissControlOptions	v8@0:4
0x00848d60	OptionsUI	instance	selectAddCreditOption:	v12@0:4c8
0x00848f08	OptionsUI	instance	controlOptionsButton:	v12@0:4@8
0x00849048	OptionsUI	instance	IAPForWorldTopupSucceeeded:transactionID:	v16@0:4@8@12
0x008491fc	OptionsUI	instance	iapCancelled	v8@0:4
0x00849260	OptionsUI	instance	dpadRightSide	c8@0:4
0x00849318	OptionsUI	instance	dpadControl	c8@0:4
0x00849380	OptionsUI	instance	dpadDirectControlDisabled	c8@0:4
0x008493e8	OptionsUI	instance	setdpadControl:	v12@0:4c8
0x00849464	OptionsUI	instance	setdpadDirectControlDisabled:	v12@0:4c8
0x008494e0	OptionsUI	instance	setdpadRightSide:	v12@0:4c8
0x008495ac	OptionsUI	instance	.cxx_construct	@8@0:4
0x00849728	WorldTileLoader	instance	initWithWorld:randomSeed:isNewWorld:saveID:loadedVersion:blockDatabase:	@32@0:4@8I12c16@20i24@28
0x0085475c	WorldTileLoader	instance	compressBlocks	v8@0:4
0x00854770	WorldTileLoader	instance	dealloc	v8@0:4
0x00854c18	WorldTileLoader	instance	refineTerrainCount	i8@0:4
0x00854c54	WorldTileLoader	instance	refineTerrain	v8@0:4
0x00855ad0	WorldTileLoader	instance	getInitialRockAndDirtHeightforX:rockHeight:dirtHeight:	v20@0:4i8^f12^f16
0x00856d18	WorldTileLoader	instance	faultOffsetForX:y:	i16@0:4i8i12
0x00857188	WorldTileLoader	instance	getRockAndDirtHeightforX:rockHeight:dirtHeight:	v20@0:4i8^i12^i16
0x00857340	WorldTileLoader	instance	getCloudHeightForX:	i12@0:4i8
0x00857684	WorldTileLoader	instance	limestoneFractionForX:y:faultOffset:	f20@0:4i8i12i16
0x008578b8	WorldTileLoader	instance	sandstoneFractionForX:y:faultOffset:limestoneFraction:	f24@0:4i8i12i16f20
0x00857a2c	WorldTileLoader	instance	unmodifiedGroundLevelForX:	i12@0:4i8
0x00857bf8	WorldTileLoader	instance	maxOfRockAndDirtHeightForX:	i12@0:4i8
0x00857dc8	WorldTileLoader	instance	lakeHeightForX:	i12@0:4i8
0x00857f48	WorldTileLoader	instance	isCaveForX:y:faultOffset:	c20@0:4i8i12i16
0x00858320	WorldTileLoader	instance	isFloatingIslandCaveForX:y:	c16@0:4i8i12
0x00858664	WorldTileLoader	instance	sendBlockToClientWithoutSavingForBlock:pos:sendToClient:server:sendDynamicObjects:reliable:	c36@0:4^{PhysicalBlock=ii^{Tile}cCdII[32*][32C]}8{?=ii}12@20@24c28c32
0x00859a84	WorldTileLoader	instance	savePhysicalBlock:macroTile:sendToClients:server:sendReliably:	v28@0:4^{PhysicalBlock=ii^{Tile}cCdII[32*][32C]}8^{MacroTile=CCC^{PhysicalBlock}^{DrawBlock}@f}12@16@20c24
0x0085a84c	WorldTileLoader	instance	sandFractionForPos:highRes:	f20@0:4{?=ii}8c16
0x0085ab18	WorldTileLoader	instance	sandFractionForPos:height:highRes:	f24@0:4{?=ii}8i16c20
0x0085b0d0	WorldTileLoader	instance	isDesertForPos:height:	c20@0:4{?=ii}8i16
0x0085b190	WorldTileLoader	instance	isBeachForPos:height:	c20@0:4{?=ii}8i16
0x0085b480	WorldTileLoader	instance	isDesertOrBeachForPos:height:	c20@0:4{?=ii}8i16
0x0085b5b0	WorldTileLoader	instance	fillDirtTile:worldPos:worldDirtHeight:parentType:	v28@0:4^{Tile=CCCCCCCCCCCCCSSSsCISSSSSQ[8S]}8{?=ii}12i20i24
0x0085c214	WorldTileLoader	instance	recursivelyFlowOutWaterFromTile:atPos:	v20@0:4^{Tile=CCCCCCCCCCCCCSSSsCISSSSSQ[8S]}8{?=ii}12
0x0085c518	WorldTileLoader	instance	recursivelyFlowOutDirtFromTile:atPos:	v20@0:4^{Tile=CCCCCCCCCCCCCSSSsCISSSSSQ[8S]}8{?=ii}12
0x0085ce60	WorldTileLoader	instance	placeGemsInCaveForPhysicalBlock:tileIndex:worldX:worldY:floatingIslandType:	v28@0:4^{PhysicalBlock=ii^{Tile}cCdII[32*][32C]}8i12i16i20i24
0x0085e6b0	WorldTileLoader	instance	loadPhysicalBlock:atXPos:yPos:createIfNotCreated:	v24@0:4^{PhysicalBlock=ii^{Tile}cCdII[32*][32C]}8i12i16c20
0x00864188	WorldTileLoader	instance	findBestStartPosition	{?=ii}8@0:4
0x00865074	WorldTileLoader	instance	distanceOrderedFoodTypes	^i8@0:4
0x008650b0	WorldTileLoader	instance	updatePhysicalBlockToLatestVersion:	v12@0:4^{PhysicalBlock=ii^{Tile}cCdII[32*][32C]}8
0x0086652c	WorldTileLoader	instance	unarchiveLightBlocksForClient:	v12@0:4@8
0x00866f30	WorldTileLoader	instance	archiveLightBlocksForClient:	v12@0:4@8
0x00867a58	WorldTileLoader	instance	loadLightBlockForClientLightBlockIndex:clientID:intoPhysicalBlock:	v20@0:4i8@12^{PhysicalBlock=ii^{Tile}cCdII[32*][32C]}16
0x008681e4	WorldTileLoader	instance	sendLightBlockToClientWithoutSavingForBlock:pos:sendToClient:server:	c28@0:4^{PhysicalBlock=ii^{Tile}cCdII[32*][32C]}8{?=ii}12@20@24
0x00868700	WorldTileLoader	instance	saveLightBlockForClientLightBlockIndex:clientID:physicalBlock:sendNow:	v24@0:4i8@12^{PhysicalBlock=ii^{Tile}cCdII[32*][32C]}16c20
0x00868b70	WorldTileLoader	instance	startBulkLightBlockTransaction	v8@0:4
0x00868bd8	WorldTileLoader	instance	finishBulkLightBlockTransaction	c8@0:4
0x00868c40	WorldTileLoader	instance	randomSeed	I8@0:4
0x00868c7c	WorldTileLoader	instance	bestStartPosition	{?=ii}8@0:4
0x00868cdc	WorldTileLoader	instance	treeDensityNoiseFunction	@8@0:4
0x00868d20	WorldTileLoader	instance	seasonOffsetNoiseFunction	@8@0:4
0x00868d64	WorldTileLoader	instance	treePositions	^i8@0:4
0x00868da8	WorldTileLoader	instance	npcPositions	^i8@0:4
0x00868dec	WorldTileLoader	instance	plantPositions	^i8@0:4
0x00868e30	WorldTileLoader	instance	highestPoint	{?=ii}8@0:4
0x00868e90	WorldTileLoader	instance	needsToExit	c8@0:4
0x00868ecc	WorldTileLoader	instance	setNeedsToExit:	v12@0:4c8
0x00868f10	WorldTileLoader	instance	xFrequencyMultiplier	i8@0:4
0x00868f4c	WorldTileLoader	instance	yHeightDivider	f8@0:4
0x00868f94	WorldTileLoader	instance	lightBlockDatabase	@8@0:4
0x00868fd8	WorldTileLoader	instance	.cxx_construct	@8@0:4
0x00869584	GatherBlock	instance	objectType	i8@0:4
0x008695a0	GatherBlock	instance	initWithWorld:dynamicWorld:saveDict:cache:	@24@0:4@8@12@16@20
0x008697a0	GatherBlock	instance	getSaveDict	@8@0:4
0x00869988	GatherBlock	instance	update:accurateDT:isSimulation:	v20@0:4f8f12c16
0x00869d10	GatherBlock	instance	worldChanged:	v12@0:4^{vector<intpair, std::__1::allocator<intpair> >=^{?}^{?}{__compressed_pair<intpair *, std::__1::allocator<intpair> >=^{?}}}8
0x0086a0a0	Charset	instance	initWithFileName:	@12@0:4@8
0x0086cbc4	Charset	instance	dealloc	v8@0:4
0x0086ce00	Charset	instance	characterWithID:	@12@0:4i8
0x0086d200	Charset	instance	size	i8@0:4
0x0086d23c	Charset	instance	base	i8@0:4
0x0086d278	Charset	instance	width	i8@0:4
0x0086d2b4	Charset	instance	height	i8@0:4
0x0086d2f0	Charset	instance	lineHeight	i8@0:4
0x0086d32c	Charset	instance	hasKerning	c8@0:4
0x0086d368	Charset	instance	.cxx_destruct	v8@0:4
0x0086d3e0	Charset	instance	.cxx_construct	@8@0:4
0x0086e90c	CloudInterface	instance	connected	c8@0:4
0x0086e9dc	CloudInterface	instance	init	@8@0:4
0x0086eb2c	CloudInterface	instance	cleanup	v8@0:4
0x0086f640	CloudInterface	instance	dealloc	v8@0:4
0x0086f6f0	CloudInterface	instance	tryToConnectLater	v8@0:4
0x0086f7e0	CloudInterface	instance	cloudInitialConnectionFinished:incorrectVersion:banned:	v20@0:4c8c12c16
0x00870280	CloudInterface	instance	reconnectWithAuthenticationDelegate:	v12@0:4@8
0x008703d0	CloudInterface	instance	connectToCloudWithAuthenticateDelegate:	v12@0:4@8
0x00870c30	CloudInterface	instance	connection:didReceiveResponse:	v16@0:4@8@12
0x00871040	CloudInterface	instance	connection:didReceiveData:	v16@0:4@8@12
0x00871470	CloudInterface	instance	connection:didFailWithError:	v16@0:4@8@12
0x00871f78	CloudInterface	instance	connectionDidFinishLoading:	v12@0:4@8
0x00875668	CloudInterface	instance	authenticateWithCloud:	v12@0:4@8
0x00876210	CloudInterface	instance	attemptToUseCloudFailedWithAction:message:code:	v20@0:4i8@12i16
0x0087719c	CloudInterface	instance	cancelCreateWorld:	v12@0:4@8
0x0087738c	CloudInterface	instance	createCloudWorldWithParameters:	v12@0:4@8
0x00877764	CloudInterface	instance	createOrVerfiyCloudWorldWithName:userName:userPhoto:size:privacy:initialTimeSelection:customRulesDict:expertMode:receipt:transactionID:isVerificationOnly:delegate:	v56@0:4@8@12@16@20i24i28@32c36@40@44c48@52
0x00879428	CloudInterface	instance	startSearchWithParameters:	v12@0:4@8
0x00879778	CloudInterface	instance	startSearchForWorldsMatchingString:searchDelegate:allowPVP:customRules:expertMode:	v28@0:4@8@12i16i20i24
0x0087a514	CloudInterface	instance	startSearchForWorldsWithIds:searchDelegate:	v16@0:4@8@12
0x0087af4c	CloudInterface	instance	cancelSearch:	v12@0:4@8
0x0087b168	CloudInterface	instance	connectToWorldWithWithParameters:isRetry:	v16@0:4@8c12
0x0087b2cc	CloudInterface	instance	retryConnectionAfterStartingStatus:	v12@0:4@8
0x0087b408	CloudInterface	instance	connectToWorldWithID:userName:delegate:	v20@0:4@8@12@16
0x0087b48c	CloudInterface	instance	connectToWorldWithID:userName:delegate:isRetry:	v24@0:4@8@12@16c20
0x0087c3cc	CloudInterface	instance	cancelConnectToWorld:	v12@0:4@8
0x0087c6ec	CloudInterface	instance	topupOrVerifyWorldWithID:time:receipt:transactionID:isVerificationOnly:delegate:	v32@0:4@8i12@16@20c24@28
0x0087d418	CloudInterface	instance	showCloudFeaturesEnabledAlert	v8@0:4
0x0087d42c	CloudInterface	instance	canDisplayAd	c8@0:4
0x0087d4fc	CloudInterface	instance	openOwnerPortalWithUserName:	v12@0:4@8
0x0087d7fc	WorkbenchChoiceUI	instance	loadResources	v8@0:4
0x0087e87c	WorkbenchChoiceUI	instance	initWithWorld:windowInfo:cache:	@20@0:4@8^{WindowInfo=ffffffff}12@16
0x0087e994	WorkbenchChoiceUI	instance	dealloc	v8@0:4
0x0087ec3c	WorkbenchChoiceUI	instance	updateUI	v8@0:4
0x008811f8	WorkbenchChoiceUI	instance	setDynamicObject:blockhead:hasCancel:hasRemove:hasActionButton:hasBanWithUsername:	v32@0:4@8@12c16c20c24@28
0x008814f8	WorkbenchChoiceUI	instance	windowInfoChanged:	v12@0:4^{WindowInfo=ffffffff}8
0x0088161c	WorkbenchChoiceUI	instance	render:translation:pinchScale:	v24@0:4f8{Vector2=[2f]}12f20
0x008838ac	WorkbenchChoiceUI	instance	touchIsInViewAtAll:	c16@0:4{CGPoint=ff}8
0x00883a38	WorkbenchChoiceUI	instance	touchIsInUI:	c16@0:4{CGPoint=ff}8
0x00883fa8	WorkbenchChoiceUI	instance	startTouch:tapCount:	c20@0:4{CGPoint=ff}8i16
0x00884520	WorkbenchChoiceUI	instance	moveTouch:	v16@0:4{CGPoint=ff}8
0x00884918	WorkbenchChoiceUI	instance	endTouch:	v16@0:4{CGPoint=ff}8
0x00884d10	WorkbenchChoiceUI	instance	craftButton:	v12@0:4@8
0x00884e54	WorkbenchChoiceUI	instance	craftOptionBButton:	v12@0:4@8
0x00884ee0	WorkbenchChoiceUI	instance	craftOptionCButton:	v12@0:4@8
0x00884f6c	WorkbenchChoiceUI	instance	removeButton:	v12@0:4@8
0x0088500c	WorkbenchChoiceUI	instance	addFuelButton:	v12@0:4@8
0x008850b8	WorkbenchChoiceUI	instance	cancelButton:	v12@0:4@8
0x00885224	WorkbenchChoiceUI	instance	banButton:	v12@0:4@8
0x008852a8	WorkbenchChoiceUI	instance	center:	{Vector2=[2f]}12@0:4f8
0x00885408	WorkbenchChoiceUI	instance	dimensions	{Vector2=[2f]}8@0:4
0x0088547c	WorkbenchChoiceUI	instance	dynamicObject	@8@0:4
0x008854c0	WorkbenchChoiceUI	instance	.cxx_construct	@8@0:4
0x00885704	WearUI	instance	loadResources	v8@0:4
0x00886070	WearUI	instance	initWithWorld:windowInfo:cache:	@20@0:4@8^{WindowInfo=ffffffff}12@16
0x008861a8	WearUI	instance	dealloc	v8@0:4
0x00886318	WearUI	instance	updateStatus	v8@0:4
0x00887648	WearUI	instance	setBlockhead:type:	v16@0:4@8i12
0x00888aec	WearUI	instance	blockhead	@8@0:4
0x00888b28	WearUI	instance	windowInfoChanged:	v12@0:4^{WindowInfo=ffffffff}8
0x00888c4c	WearUI	instance	render:translation:pinchScale:	v24@0:4f8{Vector2=[2f]}12f20
0x0088a7ec	WearUI	instance	touchIsInViewAtAll:	c16@0:4{CGPoint=ff}8
0x0088a9c4	WearUI	instance	touchIsInUI:	c16@0:4{CGPoint=ff}8
0x0088aad8	WearUI	instance	startTouch:tapCount:	c20@0:4{CGPoint=ff}8i16
0x0088ac4c	WearUI	instance	moveTouch:	v16@0:4{CGPoint=ff}8
0x0088ad5c	WearUI	instance	endTouch:	v16@0:4{CGPoint=ff}8
0x0088ae6c	WearUI	instance	center:	{Vector2=[2f]}12@0:4f8
0x0088af8c	WearUI	instance	dimensions	{Vector2=[2f]}8@0:4
0x0088aff0	WearUI	instance	alertView:didDismissWithButtonIndex:	v16@0:4@8i12
0x0088bf6c	WearUI	instance	eatButton:	v12@0:4@8
0x0088c280	WearUI	instance	buttonEnabled	c8@0:4
0x0088c36c	WearUI	instance	buttonTitle	@8@0:4
0x0088c3d0	WearUI	instance	useButtonTapped	v8@0:4
0x0088c424	WearUI	instance	hideDpadWhenVisible	c8@0:4
0x0088c440	WearUI	instance	.cxx_construct	@8@0:4
0x0088cd60	BHClient	instance	initWithDelegate:match:netNodeType:	@20@0:4@8@12i16
0x0088ce98	BHClient	instance	dealloc	v8@0:4
0x0088d0e0	BHClient	instance	setWorld:clientTileLoader:	v16@0:4@8@12
0x0088d14c	BHClient	instance	match:player:didChangeState:	v20@0:4@8@12i16
0x0088d300	BHClient	instance	match:connectionWithPlayerFailed:withError:	v20@0:4@8@12@16
0x0088d40c	BHClient	instance	match:didFailWithError:	v16@0:4@8@12
0x0088d480	BHClient	instance	cleanup	v8@0:4
0x0088d670	BHClient	instance	textField:shouldChangeCharactersInRange:replacementString:	c24@0:4@8{_NSRange=II}12@20
0x0088d728	BHClient	instance	alertView:didDismissWithButtonIndex:	v16@0:4@8i12
0x0088daa8	BHClient	instance	textFieldShouldReturn:	c12@0:4@8
0x0088db30	BHClient	instance	match:didReceiveData:fromPlayer:	v20@0:4@8@12@16
0x0089180c	BHClient	instance	sendChatMessage:sendToClients:	v16@0:4@8@12
0x00892150	BHClient	instance	sendDataToServer:reliable:	v16@0:4@8c12
0x008923c8	BHClient	instance	sendData:toPeer:reliable:	v20@0:4@8@12c16
0x008924ec	BHClient	instance	chatMessageRecieved:displayNotification:	v16@0:4@8c12
0x00892a78	BHClient	instance	waitingForBlocks	c8@0:4
0x00892ae0	BHClient	instance	purgeChatPicCache	v8@0:4
0x00892b44	BHClient	instance	isCloudMatch	c8@0:4
0x00892bac	BHClient	instance	isGameCenterMatch	c8@0:4
0x00892c14	BHClient	instance	sendNewWelcomeMessageToServer:	v12@0:4@8
0x00892dd8	BHClient	instance	host	@8@0:4
0x00892e3c	BHClient	instance	port	@8@0:4
0x00892ea0	BHClient	instance	serverPlayerID	@8@0:4
0x00892edc	BHClient	instance	gameServerID	@8@0:4
0x00892f20	BHClient	instance	joinPassword	@8@0:4
0x00892f64	BHClient	instance	serverOwnerName	@8@0:4
0x00893108	Scorpion	instance	npcType	i8@0:4
0x00893124	Scorpion	instance	maxAge	f8@0:4
0x00893154	Scorpion	instance	speciesName	@8@0:4
0x00893184	Scorpion	instance	foodItemType	i8@0:4
0x008931a0	Scorpion	instance	capturedItemType	i8@0:4
0x008931bc	Scorpion	instance	captureRequiredItemType	i8@0:4
0x008931d8	Scorpion	instance	getNamesArray	^@8@0:4
0x00893208	Scorpion	instance	getNamesArrayCount	i8@0:4
0x00893224	Scorpion	instance	loadDerivedStuff	v8@0:4
0x00893be0	Scorpion	instance	initWithWorld:dynamicWorld:atPosition:cache:saveDict:isAdult:wasPlaced:placedByClient:	@44@0:4@8@12{?=ii}16@24@28c32c36@40
0x00893d58	Scorpion	instance	initWithWorld:dynamicWorld:saveDict:cache:	@24@0:4@8@12@16@20
0x00893e80	Scorpion	instance	initWithWorld:dynamicWorld:cache:netData:	@24@0:4@8@12@16@20
0x00894080	Scorpion	instance	getSaveDict	@8@0:4
0x008940fc	Scorpion	instance	scorpionUpdateNetDataForClient:	{ScorpionUpdateNetData={NPCUpdateNetData={DynamicObjectNetData=QIIC[7C]}}IIscC[4c]}12@0:4@8
0x00894260	Scorpion	instance	creationNetDataForClient:	@12@0:4@8
0x00894528	Scorpion	instance	updateNetDataForClient:	@12@0:4@8
0x00894614	Scorpion	instance	dealloc	v8@0:4
0x00894820	Scorpion	instance	creationDataStructSize	L8@0:4
0x0089483c	Scorpion	instance	remoteCreationDataUpdate:	v12@0:4@8
0x00895080	Scorpion	instance	doRemoteUpdate:	v48@0:4{ScorpionUpdateNetData={NPCUpdateNetData={DynamicObjectNetData=QIIC[7C]}}IIscC[4c]}8
0x00895498	Scorpion	instance	remoteUpdate:	v12@0:4@8
0x00895630	Scorpion	instance	draw:projectionMatrix:modelViewMatrix:cameraMinXWorld:cameraMaxXWorld:cameraMinYWorld:cameraMaxYWorld:	v156@0:4f8(_GLKMatrix4={?=ffffffffffffffff}[16f])12(_GLKMatrix4={?=ffffffffffffffff}[16f])76i140i144i148i152
0x008a4448	Scorpion	instance	die:	v12@0:4@8
0x008a45f0	Scorpion	instance	update:accurateDT:isSimulation:	v20@0:4f8f12c16
0x008aaf70	Scorpion	instance	maxHealth	S8@0:4
0x008aaf8c	Scorpion	instance	tapIsWithinBodyRadius:	c16@0:4{Vector2=[2f]}8
0x008ab3c8	Scorpion	instance	reactToBeingHit	v8@0:4
0x008ab4bc	Scorpion	instance	isUnderLocalControl	c8@0:4
0x008ab644	Scorpion	instance	hitWithForce:blockhead:	v16@0:4i8@12
0x008ab858	Scorpion	instance	renderPos	{Vector2=[2f]}8@0:4
0x008ab8a0	Scorpion	instance	reactToBeingFed	v8@0:4
0x008abb20	Scorpion	instance	canBeCapturedByBlockhead:withItemType:	c16@0:4@8i12
0x008abbc8	Scorpion	instance	cantBeCapturedTipStringForBlockhead:withItemType:	@16@0:4@8i12
0x008abdb8	Scorpion	instance	riderPosForBlockhead:	{Vector=[4f]}12@0:4@8
0x008abeac	Scorpion	instance	cameraPosForBlockhead:	{Vector2=[2f]}12@0:4@8
0x008abf10	Scorpion	instance	riderBodyYRotationForBlockhead:	f12@0:4@8
0x008abf54	Scorpion	instance	setTargetVelocity:	v16@0:4{Vector2=[2f]}8
0x008abfb8	Scorpion	instance	rideDirection	i8@0:4
0x008ac0b4	Scorpion	instance	addRider:	v12@0:4@8
0x008ac184	Scorpion	instance	removeRider:	v12@0:4@8
0x008ac260	Scorpion	instance	blockheadCanRide:usingItem:	c16@0:4@8i12
0x008ac388	Scorpion	instance	jumpsOnSwipe	c8@0:4
0x008ac3a4	Scorpion	instance	blockheadUnloaded:	v12@0:4@8
0x008ac480	Scorpion	instance	riderRidesWithArmsDown	c8@0:4
0x008ac49c	Scorpion	instance	.cxx_construct	@8@0:4
0x008ac884	DynamicWorld	instance	initWithWorld:worldTileLoader:clientTileLoader:server:client:serverClients:cache:treeDensityNoiseFunction:seasonOffsetNoiseFunction:appDatabase:worldDatabase:dynamicObjectDatabase:	@56@0:4@8@12@16@20@24@28@32@36@40@44@48@52
0x008ad2b4	DynamicWorld	instance	setServer:serverClients:	v16@0:4@8@12
0x008ad320	DynamicWorld	instance	dealloc	v8@0:4
0x008ae490	DynamicWorld	instance	mainThreadRemoveDirFromConversionList:	v12@0:4@8
0x008ae5b8	DynamicWorld	instance	conversionThread:	v12@0:4@8
0x008aedac	DynamicWorld	instance	loadDynamicObjects:repositionBlockheadLoadFailures:	c16@0:4c8c12
0x008b1dd4	DynamicWorld	instance	sendLightblocksToClients	v8@0:4
0x008b254c	DynamicWorld	instance	saveDynamicObjects	v8@0:4
0x008b29bc	DynamicWorld	instance	saveGameWithWorldData:signOwnershipData:	v16@0:4@8@12
0x008b49f8	DynamicWorld	instance	saveAndSendOnlyBlocksThatNeedToBeSent	v8@0:4
0x008b5300	DynamicWorld	instance	initialDynamicObjectsNetDataForMacroTileIndex:wireForClient:	@16@0:4i8@12
0x008b5e54	DynamicWorld	instance	removeDynamicObjectsForMacroTile:	v12@0:4^{MacroTile=CCC^{PhysicalBlock}^{DrawBlock}@f}8
0x008b6f0c	DynamicWorld	instance	saveBlockheads	v8@0:4
0x008b8634	DynamicWorld	instance	saveBlockheadInventory:	v12@0:4@8
0x008b8b80	DynamicWorld	instance	removePortalFromListAtPos:	v16@0:4{?=ii}8
0x008b8c58	DynamicWorld	instance	safeRemoveFromDynamicObjectDatabase:	v12@0:4@8
0x008b8dc0	DynamicWorld	instance	removeSavedInventoryForChest:	v12@0:4@8
0x008b8fc4	DynamicWorld	instance	loadLocalInventoryDataForChest:	@12@0:4@8
0x008b933c	DynamicWorld	instance	saveDynamicObjectsForMacroTile:objectType:xPos:yPos:	v24@0:4^{MacroTile=CCC^{PhysicalBlock}^{DrawBlock}@f}8i12i16i20
0x008baa54	DynamicWorld	instance	loadDynamicObjectsOfType:fromData:physicalBlock:loadedPortal:clientOwnedID:	v28@0:4i8@12^{PhysicalBlock=ii^{Tile}cCdII[32*][32C]}16^c20@24
0x008bd6bc	DynamicWorld	instance	loadClientOwnedDynamicObjectsForClient:physicalBlock:	v16@0:4@8^{PhysicalBlock=ii^{Tile}cCdII[32*][32C]}12
0x008bd9b8	DynamicWorld	instance	loadDynamicObjectsForMacroTile:includeSurfaceBlocks:	v16@0:4^{MacroTile=CCC^{PhysicalBlock}^{DrawBlock}@f}8c12
0x008c3c08	DynamicWorld	instance	remoteCreate:forObjectsOfType:clientID:	v20@0:4@8i12@16
0x008c3e64	DynamicWorld	instance	remoteCreationDataUpdate:forObjectsOfType:fromClient:	v20@0:4@8i12@16
0x008c3fa0	DynamicWorld	instance	remoteUpdate:forObjectsOfType:fromClient:	v20@0:4@8i12@16
0x008c420c	DynamicWorld	instance	remoteRemove:forObjectsOfType:fromClient:	v20@0:4@8i12@16
0x008c4c20	DynamicWorld	instance	updateNetObjects	v8@0:4
0x008c7fe4	DynamicWorld	instance	sendNetDataIfNeededForObject:isCreation:	v16@0:4@8c12
0x008c9740	DynamicWorld	instance	simulate:	v12@0:4f8
0x008c9810	DynamicWorld	instance	update:accurateDT:	v16@0:4f8f12
0x008c98a0	DynamicWorld	instance	hasDynamicObjectsToSaveInMacroPos:	c16@0:4{?=ii}8
0x008c9cac	DynamicWorld	instance	loadAnyBlockheadsForDisconnectedClients	v8@0:4
0x008cbc8c	DynamicWorld	instance	finishSimulating	v8@0:4
0x008cbf40	DynamicWorld	instance	update:accurateDT:isSimulation:	v20@0:4f8f12c16
0x008d0c90	DynamicWorld	instance	createClientFreeblocksWithData:	v12@0:4@8
0x008d11a8	DynamicWorld	instance	preDrawUpdate:cameraMinXWorld:cameraMaxXWorld:cameraMinYWorld:cameraMaxYWorld:	v28@0:4f8i12i16i20i24
0x008d17ec	DynamicWorld	instance	drawOpaqueObjects:projectionMatrix:modelViewMatrix:cameraMinXWorld:cameraMaxXWorld:cameraMinYWorld:cameraMaxYWorld:hideUIType:	v160@0:4f8(_GLKMatrix4={?=ffffffffffffffff}[16f])12(_GLKMatrix4={?=ffffffffffffffff}[16f])76i140i144i148i152i156
0x008d2db8	DynamicWorld	instance	drawInFrontOfBlocksObjects:projectionMatrix:modelViewMatrix:cameraMinXWorld:cameraMaxXWorld:cameraMinYWorld:cameraMaxYWorld:hideUIType:	v160@0:4f8(_GLKMatrix4={?=ffffffffffffffff}[16f])12(_GLKMatrix4={?=ffffffffffffffff}[16f])76i140i144i148i152i156
0x008d4760	DynamicWorld	instance	drawFreeBlocks:projectionMatrix:modelViewMatrix:cameraMinXWorld:cameraMaxXWorld:cameraMinYWorld:cameraMaxYWorld:hideUIType:	v160@0:4f8(_GLKMatrix4={?=ffffffffffffffff}[16f])12(_GLKMatrix4={?=ffffffffffffffff}[16f])76i140i144i148i152i156
0x008d4ff0	DynamicWorld	instance	draw:projectionMatrix:modelViewMatrix:cameraMinXWorld:cameraMaxXWorld:cameraMinYWorld:cameraMaxYWorld:hideUIType:	v160@0:4f8(_GLKMatrix4={?=ffffffffffffffff}[16f])12(_GLKMatrix4={?=ffffffffffffffff}[16f])76i140i144i148i152i156
0x008dc07c	DynamicWorld	instance	drawBlockheadBoxes:projectionMatrix:modelViewMatrix:pinchScale:cameraMinXWorld:cameraMaxXWorld:cameraMinYWorld:cameraMaxYWorld:	v160@0:4f8(_GLKMatrix4={?=ffffffffffffffff}[16f])12(_GLKMatrix4={?=ffffffffffffffff}[16f])76f140i144i148i152i156
0x008dc6b4	DynamicWorld	instance	drawNames:projectionMatrix:modelViewMatrix:pinchScale:cameraMinXWorld:cameraMaxXWorld:cameraMinYWorld:cameraMaxYWorld:drawLocalNames:	v164@0:4f8(_GLKMatrix4={?=ffffffffffffffff}[16f])12(_GLKMatrix4={?=ffffffffffffffff}[16f])76f140i144i148i152i156c160
0x008ddc78	DynamicWorld	instance	createFreeBlockAtPosition:ofType:dataA:dataB:subItems:dynamicObjectSaveDict:hovers:playSound:priorityBlockhead:	v48@0:4{?=ii}8i16S20S24@28@32c36i40@44
0x008de650	DynamicWorld	instance	playTimeCrystalReceivedSoundAtPos:	v16@0:4{?=ii}8
0x008de880	DynamicWorld	instance	createFreeBlockAtPosition:forForegroundContents:forTile:priorityBlockhead:	v28@0:4{?=ii}8c16^{Tile=CCCCCCCCCCCCCSSSsCISSSSSQ[8S]}20@24
0x008df2a8	DynamicWorld	instance	freeblockWithUniqueID:	@16@0:4Q8
0x008df3c4	DynamicWorld	instance	createBackgroundContentFreeBlockAtPosition:forTile:removeBlockhead:	v24@0:4{?=ii}8^{Tile=CCCCCCCCCCCCCSSSsCISSSSSQ[8S]}16@20
0x008df7a4	DynamicWorld	instance	worldChangedAtPos:sendReliably:	v20@0:4{?=ii}8c16
0x008e046c	DynamicWorld	instance	worldContentsChangedAtPos:	v16@0:4{?=ii}8
0x008e0ad0	DynamicWorld	instance	waterChangedAtPos:fullBlock:	v20@0:4{?=ii}8c16
0x008e1390	DynamicWorld	instance	dynamicWorldChangedAtPos:objectType:	v20@0:4{?=ii}8i16
0x008e17ac	DynamicWorld	instance	exploreLightChangedAtMacroPos:clientLightBlockIndex:	v20@0:4{?=ii}8i16
0x008e1b68	DynamicWorld	instance	lightChangedAtMacroPos:sendReliably:	v20@0:4{?=ii}8c16
0x008e1bf0	DynamicWorld	instance	snowChangedAtMacroPos:	v16@0:4{?=ii}8
0x008e1f18	DynamicWorld	instance	lightChangedAtMacroPos:sendReliably:sendAtAll:	v24@0:4{?=ii}8c16c20
0x008e2bac	DynamicWorld	instance	activeBlockhead	@8@0:4
0x008e2cbc	DynamicWorld	instance	activeBlockheadIndex	i8@0:4
0x008e2cf8	DynamicWorld	instance	selectedBlockheadChanged:	v12@0:4i8
0x008e2dc8	DynamicWorld	instance	sowTreeNearParent:adult:adultMaxAge:	v20@0:4@8c12f16
0x008e37c0	DynamicWorld	instance	findBreedingPlantNearPlant:	@12@0:4@8
0x008e3edc	DynamicWorld	instance	sowPlantNearParent:	v12@0:4@8
0x008e49c8	DynamicWorld	instance	sowTreeOrPlantAtPosition:itemType:maxHeight:growthRate:	v28@0:4{?=ii}8i16s20s24
0x008e4e44	DynamicWorld	instance	loadTreeAtPosition:type:maxHeight:growthRate:adultTree:adultMaxAge:	v36@0:4{?=ii}8i16s20s24c28f32
0x008e6250	DynamicWorld	instance	loadStandardDynamicObjectOfType:atPos:	@20@0:4i8{?=ii}12
0x008e6594	DynamicWorld	instance	loadSurfaceBlockAtPos:	v16@0:4{?=ii}8
0x008e6608	DynamicWorld	instance	loadSnowSurfaceBlockAtPos:loadSnow:	v20@0:4{?=ii}8c16
0x008e66d4	DynamicWorld	instance	loadNPCAtPosition:type:saveDict:isAdult:wasPlaced:placedByClient:	c36@0:4{?=ii}8i16@20c24c28@32
0x008e69e8	DynamicWorld	instance	loadPlantAtPosition:type:maxAgeGene:growthRateGene:adult:	v32@0:4{?=ii}8i16s20s24c28
0x008e7608	DynamicWorld	instance	workbenchPlacedAtPosition:ofType:saveDict:placedByClient:clientName:	@32@0:4{?=ii}8i16@20@24@28
0x008e7a60	DynamicWorld	instance	interactionObjectPlacedAtPosition:withItem:flipped:saveDict:placedByClient:clientName:	@36@0:4{?=ii}8@16c20@24@28@32
0x008e80e4	DynamicWorld	instance	placeFireAtPosition:	@16@0:4{?=ii}8
0x008e8320	DynamicWorld	instance	addTorchAtPos:ofType:dataA:dataB:saveDict:placedByClient:	v36@0:4{?=ii}8i16S20S24@28@32
0x008e86b4	DynamicWorld	instance	objectOfType:atPos:	@20@0:4i8{?=ii}12
0x008e888c	DynamicWorld	instance	torchAtPos:	@16@0:4{?=ii}8
0x008e88fc	DynamicWorld	instance	removeStandardObject:	v12@0:4@8
0x008e8fe8	DynamicWorld	instance	removeTorchAtPos:	@16@0:4{?=ii}8
0x008e909c	DynamicWorld	instance	createTreasureChestOrTrollAtTile:atPos:loadTroll:loadTreasure:	v28@0:4^{Tile=CCCCCCCCCCCCCSSSsCISSSSSQ[8S]}8{?=ii}12c20c24
0x008ea738	DynamicWorld	instance	eggAtPos:	@16@0:4{?=ii}8
0x008ea7a8	DynamicWorld	instance	addEggAtPos:saveDict:	v20@0:4{?=ii}8@16
0x008eaa28	DynamicWorld	instance	removeEggAtPos:	@16@0:4{?=ii}8
0x008eaadc	DynamicWorld	instance	paintingWithID:	@16@0:4Q8
0x008eabf8	DynamicWorld	instance	paintingAtPos:	@16@0:4{?=ii}8
0x008eac68	DynamicWorld	instance	addPaintingAtPos:ofType:saveDict:placedByClient:clientName:	v32@0:4{?=ii}8i16@20@24@28
0x008eb00c	DynamicWorld	instance	removePaintingAtPos:	@16@0:4{?=ii}8
0x008eb0c0	DynamicWorld	instance	addStandardObjectAtPos:objectType:itemType:saveDict:placedByClient:	v32@0:4{?=ii}8i16i20@24@28
0x008eb468	DynamicWorld	instance	ladderAtPos:	@16@0:4{?=ii}8
0x008eb4d8	DynamicWorld	instance	addLadderAtPos:ofType:saveDict:placedByClient:	v28@0:4{?=ii}8i16@20@24
0x008eb57c	DynamicWorld	instance	removeLadderAtPos:	@16@0:4{?=ii}8
0x008eb630	DynamicWorld	instance	columnAtPos:	@16@0:4{?=ii}8
0x008eb6a0	DynamicWorld	instance	addColumnAtPos:ofType:saveDict:placedByClient:	v28@0:4{?=ii}8i16@20@24
0x008eb744	DynamicWorld	instance	removeColumnAtPos:	@16@0:4{?=ii}8
0x008eb7f8	DynamicWorld	instance	stairsAtPos:	@16@0:4{?=ii}8
0x008eb868	DynamicWorld	instance	addStairsAtPos:ofType:saveDict:placedByClient:	v28@0:4{?=ii}8i16@20@24
0x008eb90c	DynamicWorld	instance	removeStairsAtPos:	@16@0:4{?=ii}8
0x008eb9c0	DynamicWorld	instance	addWireAtPos:ofType:saveDict:placedByClient:	v28@0:4{?=ii}8i16@20@24
0x008eba64	DynamicWorld	instance	wireAtPos:	@16@0:4{?=ii}8
0x008ebad4	DynamicWorld	instance	removeWireAtPos:	@16@0:4{?=ii}8
0x008ebb88	DynamicWorld	instance	elevatorShaftAtPos:	@16@0:4{?=ii}8
0x008ebbf8	DynamicWorld	instance	addElevatorShaftAtPos:ofType:saveDict:placedByClient:	v28@0:4{?=ii}8i16@20@24
0x008ebc9c	DynamicWorld	instance	removeElevatorShaftAtPos:	@16@0:4{?=ii}8
0x008ebd50	DynamicWorld	instance	openElevatorAtPos:	v16@0:4{?=ii}8
0x008ebed0	DynamicWorld	instance	elevatorMotorAtPos:	@16@0:4{?=ii}8
0x008ebf40	DynamicWorld	instance	elevatorMotorForShaftAtPos:	@16@0:4{?=ii}8
0x008ecd4c	DynamicWorld	instance	addElevatorMotorAtPos:ofType:saveDict:placedByClient:	v28@0:4{?=ii}8i16@20@24
0x008ecdf0	DynamicWorld	instance	removeElevatorMotorAtPos:	@16@0:4{?=ii}8
0x008ecea4	DynamicWorld	instance	addRailAtPos:ofType:ownedByStation:	v24@0:4{?=ii}8i16c20
0x008ed254	DynamicWorld	instance	getRailAtPos:	@16@0:4{?=ii}8
0x008ed2c4	DynamicWorld	instance	removeRailAtPos:	@16@0:4{?=ii}8
0x008ed3a4	DynamicWorld	instance	windowAtPos:	@16@0:4{?=ii}8
0x008ed414	DynamicWorld	instance	addWindowAtPos:ofType:saveDict:placedByClient:	v28@0:4{?=ii}8i16@20@24
0x008ed4b8	DynamicWorld	instance	removeWindowAtPos:	@16@0:4{?=ii}8
0x008ed56c	DynamicWorld	instance	addDoorAtPos:ofType:saveDict:placedByClient:	v28@0:4{?=ii}8i16@20@24
0x008ed7c0	DynamicWorld	instance	doorAtPos:	@16@0:4{?=ii}8
0x008ed950	DynamicWorld	instance	doorCanBeUsedByPathUser:atPos:	c20@0:4@8{?=ii}12
0x008edb58	DynamicWorld	instance	doorIsOpenAtPos:	c16@0:4{?=ii}8
0x008edc38	DynamicWorld	instance	removeDoorAtPos:	@16@0:4{?=ii}8
0x008ee1f0	DynamicWorld	instance	placeBoatInWaterAtPos:saveDict:placedByClient:	v24@0:4{?=ii}8@16@20
0x008ee3e8	DynamicWorld	instance	checkForBoatUnderTap:	@16@0:4{Vector2=[2f]}8
0x008ee5e4	DynamicWorld	instance	boatWithID:	@16@0:4Q8
0x008ee700	DynamicWorld	instance	placeTrainCarAtPos:ofType:saveDict:placedByClient:	v28@0:4{?=ii}8i16@20@24
0x008eef50	DynamicWorld	instance	checkForTrainCarUnderTap:	@16@0:4{Vector2=[2f]}8
0x008ef18c	DynamicWorld	instance	trainCarWithID:	@16@0:4Q8
0x008ef3c8	DynamicWorld	instance	setDoorAtPos:toOpen:direction:	v24@0:4{?=ii}8c16i20
0x008ef488	DynamicWorld	instance	posOfDoorsOtherBlockAtPos:	{?=ii}16@0:4{?=ii}8
0x008ef618	DynamicWorld	instance	treeAtPos:	@16@0:4{?=ii}8
0x008ef6f8	DynamicWorld	instance	getPlantAtPos:	@16@0:4{?=ii}8
0x008efe3c	DynamicWorld	instance	workbenchAtPos:	@16@0:4{?=ii}8
0x008f0090	DynamicWorld	instance	portal	@8@0:4
0x008f015c	DynamicWorld	instance	workbenchHasBeenCrafted	c8@0:4
0x008f0198	DynamicWorld	instance	assignCraftProgressUIToLoadedWorkbenches:	v12@0:4@8
0x008f0550	DynamicWorld	instance	interactionObjectAtPos:	@16@0:4{?=ii}8
0x008f1048	DynamicWorld	instance	interactionObjectWithID:	@16@0:4Q8
0x008f1284	DynamicWorld	instance	interactionObjectTypeForObjectAtPos:	S16@0:4{?=ii}8
0x008f1354	DynamicWorld	instance	removeWorkbenchAtPos:removeBlockhead:	@20@0:4{?=ii}8@16
0x008f145c	DynamicWorld	instance	removeInteractionObjectAtPos:removeBlockhead:	@20@0:4{?=ii}8@16
0x008f1564	DynamicWorld	instance	freeBlocksExistAtPos:	c16@0:4{?=ii}8
0x008f16bc	DynamicWorld	instance	freeBlocksAtPos:	@16@0:4{?=ii}8
0x008f1a78	DynamicWorld	instance	getNextDynamicObjectID	Q8@0:4
0x008f1acc	DynamicWorld	instance	checkForHarmableDynamicObjectUnderTap:ignoreLocalBlockheads:ignoreAllBlockheads:	@24@0:4{Vector2=[2f]}8c16c20
0x008f23f4	DynamicWorld	instance	npcWithID:	@16@0:4Q8
0x008f2630	DynamicWorld	instance	harmableDynamicObjectWithID:	@16@0:4Q8
0x008f28a4	DynamicWorld	instance	npcExistsAtPos:ignoreNPC:	c20@0:4{?=ii}8@16
0x008f2bb4	DynamicWorld	instance	tooManyNPCsToSpawnMoreNearPos:	c16@0:4{?=ii}8
0x008f3288	DynamicWorld	instance	npcCloseEnoughToBreedWithNPC:	@12@0:4@8
0x008f3b80	DynamicWorld	instance	blockheadOccupiesTileAtPos:ignoreBlockhead:	c20@0:4{?=ii}8@16
0x008f45a4	DynamicWorld	instance	blockheadAtPos:	@16@0:4{?=ii}8
0x008f4f88	DynamicWorld	instance	loadGlowBlockIfNeededAtPos:tile:	v20@0:4{?=ii}8^{Tile=CCCCCCCCCCCCCSSSsCISSSSSQ[8S]}16
0x008f5530	DynamicWorld	instance	loadGatherBlockAtPos:	v16@0:4{?=ii}8
0x008f55e8	DynamicWorld	instance	gatherBlockAtPos:	@16@0:4{?=ii}8
0x008f5658	DynamicWorld	instance	teleportBlockhead:toWorkbench:	c16@0:4@8@12
0x008f5b70	DynamicWorld	instance	loadNewBlockheadAtPos:craftableItemObject:uniqueID:	v28@0:4{?=ii}8@16Q20
0x008f64c0	DynamicWorld	instance	isClient	c8@0:4
0x008f6514	DynamicWorld	instance	isServer	c8@0:4
0x008f6568	DynamicWorld	instance	localNetID	@8@0:4
0x008f6698	DynamicWorld	instance	allBlockheadsIncludingNet	@8@0:4
0x008f676c	DynamicWorld	instance	netBlockheads	@8@0:4
0x008f67f8	DynamicWorld	instance	localAndDisconnectedClientBlockheads	@8@0:4
0x008f6954	DynamicWorld	instance	clientPickupRequest:count:clientID:blockheadRequesterUniqueID:	v28@0:4^Q8i12@16Q20
0x008f7000	DynamicWorld	instance	blockheadWithUniqueID:	@16@0:4Q8
0x008f722c	DynamicWorld	instance	remotePickupRequestReply:	v12@0:4@8
0x008f7428	DynamicWorld	instance	clientConnected:	v12@0:4@8
0x008f8108	DynamicWorld	instance	stopAllBlockheadActionsForClientDueToKick:	v12@0:4@8
0x008f85a0	DynamicWorld	instance	clientDisconnected:simulate:	v16@0:4@8c12
0x008f8fcc	DynamicWorld	instance	ridableObjectWithID:	@16@0:4Q8
0x008f932c	DynamicWorld	instance	blockheadWithIDIncludingNet:	@16@0:4Q8
0x008f956c	DynamicWorld	instance	connectionToServerLost	v8@0:4
0x008f9580	DynamicWorld	instance	setPaused:	v12@0:4c8
0x008f9b70	DynamicWorld	instance	getTreeLifeFractionForPos:	{Vector=[4f]}16@0:4{?=ii}8
0x008fad90	DynamicWorld	instance	newFoundListRecievedFromClient:list:	v16@0:4@8@12
0x008fb168	DynamicWorld	instance	clientBlockheadsRecievedForPlayerID:data:	v16@0:4@8@12
0x008fb288	DynamicWorld	instance	clientBlockheadInventoryRecievedForPlayerID:blockheadID:data:	v24@0:4@8Q12@20
0x008fbe90	DynamicWorld	instance	loadClientBlockheadsDataForPlayerID:	@12@0:4@8
0x008fdbf0	DynamicWorld	instance	isControllingBlockheadsForClientPlayer:	c12@0:4@8
0x008fdeac	DynamicWorld	instance	portalPositions	@8@0:4
0x008fdee8	DynamicWorld	instance	findAndSubtractAllPowerUpTo:forUser:	i16@0:4S8@12
0x008fdf6c	DynamicWorld	instance	pathUsers	@8@0:4
0x008fe280	DynamicWorld	instance	railOrStationNameChanged	v8@0:4
0x008fe4a4	DynamicWorld	instance	reloadDynamicObjectStaticGemometryForMacroTile:	v12@0:4^{MacroTile=CCC^{PhysicalBlock}^{DrawBlock}@f}8
0x008fec40	DynamicWorld	instance	reloadDynamicObjectStaticCylindersForMacroTile:	v12@0:4^{MacroTile=CCC^{PhysicalBlock}^{DrawBlock}@f}8
0x008ff3dc	DynamicWorld	instance	reloadDodoEggQuadsForMacroTile:	v12@0:4^{MacroTile=CCC^{PhysicalBlock}^{DrawBlock}@f}8
0x008ff8bc	DynamicWorld	instance	reloadDynamicObjectQuadsForMacroTile:	v12@0:4^{MacroTile=CCC^{PhysicalBlock}^{DrawBlock}@f}8
0x009007c0	DynamicWorld	instance	reloadDynamicObjectItemQuadsForMacroTile:	v12@0:4^{MacroTile=CCC^{PhysicalBlock}^{DrawBlock}@f}8
0x00900ca0	DynamicWorld	instance	reloadLightGlowQuadsForMacroTile:	v12@0:4^{MacroTile=CCC^{PhysicalBlock}^{DrawBlock}@f}8
0x00901180	DynamicWorld	instance	blockheadWillBeUnloaded:	v12@0:4@8
0x00901560	DynamicWorld	instance	requestPaintingDataForPainting:	v12@0:4@8
0x009016c0	DynamicWorld	instance	sendPaintingDataForPaintingWithID:toClient:	v20@0:4Q8@16
0x009019a8	DynamicWorld	instance	paintingDataRecievedFromServer:	v12@0:4@8
0x00901b58	DynamicWorld	instance	sendChestInventoryForChest:toClientOwningBlockheadWithID:	v20@0:4@8Q12
0x00902164	DynamicWorld	instance	chestInventoryDataRecievedFromServer:	v12@0:4@8
0x009023f4	DynamicWorld	instance	userMuteChanged:	v12@0:4@8
0x009025e4	DynamicWorld	instance	userBanChanged:isBanned:	v16@0:4@8c12
0x0090280c	DynamicWorld	instance	playerIsBannedWithID:	c12@0:4@8
0x009028c8	DynamicWorld	instance	playersChanged	v8@0:4
0x00902ac0	DynamicWorld	instance	getOwnerNameForObjectOwnerID:	@12@0:4@8
0x00902b2c	DynamicWorld	instance	appendDebugLog:	v12@0:4@8
0x00902f00	DynamicWorld	instance	blockheads	@8@0:4
0x00902f3c	DynamicWorld	instance	portalIsBeingRemovedAtPos:	v16@0:4{?=ii}8
0x00903014	DynamicWorld	instance	addArtificialLightContributionForPhysicalBlockLoadedAtXPos:yPos:	v16@0:4i8i12
0x009034b8	DynamicWorld	instance	hasLightsToAdd	c8@0:4
0x00903594	DynamicWorld	instance	loadedCountOfObjectsOfType:	i12@0:4i8
0x0090365c	DynamicWorld	instance	poleItemTaken:	v12@0:4i8
0x009039e8	DynamicWorld	instance	checkAndRestorePoleItems:	v12@0:4f8
0x00904e18	DynamicWorld	instance	removeDynamicObjectsBelongingToClient:	v12@0:4@8
0x00905308	DynamicWorld	instance	clientBlockheadWithID:fromClient:requestsDyamicObjectRemovalWithID:	v28@0:4Q8@16Q20
0x00905b2c	DynamicWorld	instance	removeObjectDueToRepair:	v12@0:4@8
0x00905dd0	DynamicWorld	instance	doRepairForTileAtPos:	v16@0:4{?=ii}8
0x009067e0	DynamicWorld	instance	loadDebugChestAtPos:chest:	v20@0:4{?=ii}8@16
0x00906998	DynamicWorld	instance	freeblockPositionChanged:oldPos:	v20@0:4@8{?=ii}12
0x00906ccc	DynamicWorld	instance	.cxx_destruct	v8@0:4
0x00907218	DynamicWorld	instance	.cxx_construct	@8@0:4
0x00915d40	NavigateButtons	instance	initWithFrame:cache:windowInfo:	@32@0:4{CGRect={CGPoint=ff}{CGSize=ff}}8@24^{WindowInfo=ffffffff}28
0x009164e8	NavigateButtons	instance	dealloc	v8@0:4
0x0091661c	NavigateButtons	instance	renderFrame:projectionMatrix:	v76@0:4f8(_GLKMatrix4={?=ffffffffffffffff}[16f])12
0x00916c24	NavigateButtons	instance	startTouch:	c16@0:4{CGPoint=ff}8
0x00916dc8	NavigateButtons	instance	moveTouch:	v16@0:4{CGPoint=ff}8
0x00916f14	NavigateButtons	instance	sendAction	v8@0:4
0x00916fb4	NavigateButtons	instance	endTouch:	v16@0:4{CGPoint=ff}8
0x00917120	NavigateButtons	instance	updateButtonsAndText	v8@0:4
0x00917438	NavigateButtons	instance	setCount:	v12@0:4i8
0x009174a8	NavigateButtons	instance	setValue:	v12@0:4i8
0x00917518	NavigateButtons	instance	value	i8@0:4
0x00917554	NavigateButtons	instance	leftButton:	v12@0:4@8
0x009175f4	NavigateButtons	instance	rightButton:	v12@0:4@8
0x00917818	GameView	instance	startTimer	v8@0:4
0x00917d20	GameView	instance	cancelTimer	v8@0:4
0x00917db8	GameView	instance	timeoutTimer	v8@0:4
0x009180cc	GameView	instance	populateGameSaves	v8@0:4
0x0091b268	GameView	instance	getDefaultGameSaveForWorldWithID:	@12@0:4@8
0x0091b500	GameView	instance	checkForLikeAfterActivate	v8@0:4
0x0091bce8	GameView	instance	cloudAuthenticateContainedCrystals:	v12@0:4i8
0x0091c1dc	GameView	instance	cloudAuthenticateContainedMessageWithTitle:message:	v16@0:4@8@12
0x0091c780	GameView	instance	init	@8@0:4
0x00920374	GameView	instance	dealloc	v8@0:4
0x0092059c	GameView	instance	mainThreadFileWriteFailed:	v12@0:4@8
0x009207e0	GameView	instance	fileWriteFailed:	v12@0:4@8
0x0092085c	GameView	instance	initAds	v8@0:4
0x00920b98	GameView	instance	startupInterstitial	v8@0:4
0x00920f28	GameView	instance	heyzapAdFailed	v8@0:4
0x00920fb8	GameView	instance	heyzapAdHidden	v8@0:4
0x00921064	GameView	instance	authenticateGameCenter	v8@0:4
0x009216d0	GameView	instance	initOpenGL	v8@0:4
0x00921e64	GameView	instance	paymentQueue:updatedTransactions:	v16@0:4@8@12
0x00922110	GameView	instance	completeTransaction:	v12@0:4@8
0x00923698	GameView	instance	iapCompleted	v8@0:4
0x00923778	GameView	instance	iapCancelled	v8@0:4
0x00923860	GameView	instance	iapStarted	v8@0:4
0x00923918	GameView	instance	presentPickerUIWithSourceType:	v12@0:4i8
0x00923d68	GameView	instance	actionSheet:didDismissWithButtonIndex:	v16@0:4@8i12
0x00923f78	GameView	instance	startImagePickerWithDelegate:forRect:cropSize:	v36@0:4@8{CGRect={CGPoint=ff}{CGSize=ff}}12{CGSize=ff}28
0x00924378	GameView	instance	imagePicker:pickedImage:	v16@0:4@8@12
0x00924748	GameView	instance	imagePickerDidCancel:	v12@0:4@8
0x00924b10	GameView	instance	popoverControllerDidDismissPopover:	v12@0:4@8
0x00924cf4	GameView	instance	restoreTransaction:	v12@0:4@8
0x009253bc	GameView	instance	failedTransaction:	v12@0:4@8
0x0092564c	GameView	instance	paymentQueue:restoreCompletedTransactionsFailedWithError:	v16@0:4@8@12
0x009258c4	GameView	instance	paymentQueueRestoreCompletedTransactionsFinished:	v12@0:4@8
0x00925914	GameView	instance	startCameraZoomForTeaserRecord	v8@0:4
0x00925954	GameView	instance	worldIsSimulating	c8@0:4
0x009259c0	GameView	instance	update:accurateDT:	v16@0:4f8f12
0x00928030	GameView	instance	updateiCloudRecentConnectionList	v8@0:4
0x00928bc4	GameView	instance	removeEntryFromiCloudRecentConnectionList:	v12@0:4@8
0x009290b0	GameView	instance	render:	v12@0:4f8
0x0092bc24	GameView	instance	acceleration:	v24@0:4{Vector=[4f]}8
0x0092bc54	GameView	instance	touchIsInUI:	c16@0:4{CGPoint=ff}8
0x0092be2c	GameView	instance	startTouch:withTouch:withEvent:	v24@0:4{CGPoint=ff}8@16@20
0x0092c148	GameView	instance	moveTouch:	v16@0:4{CGPoint=ff}8
0x0092c3f4	GameView	instance	endTouch:	v16@0:4{CGPoint=ff}8
0x0092c638	GameView	instance	cancelTouch:	v16@0:4{CGPoint=ff}8
0x0092c89c	GameView	instance	startSecondaryTouch:withTouch:withEvent:	v24@0:4{CGPoint=ff}8@16@20
0x0092cba8	GameView	instance	moveSecondaryTouch:	v16@0:4{CGPoint=ff}8
0x0092cdd8	GameView	instance	endSecondaryTouch:	v16@0:4{CGPoint=ff}8
0x0092cfa0	GameView	instance	cancelSecondaryTouch:	v16@0:4{CGPoint=ff}8
0x0092d188	GameView	instance	secondaryTouchCancelled	c8@0:4
0x0092d1c4	GameView	instance	pinchGesture:velocity:state:center:numberOfTouches:	v32@0:4f8f12i16{CGPoint=ff}20i28
0x0092de5c	GameView	instance	updateTranslation:	v16@0:4{Vector2=[2f]}8
0x0092ded0	GameView	instance	panGesture:state:translation:velocity:tapLocation:	v40@0:4@8i12{CGPoint=ff}16{CGPoint=ff}24{CGPoint=ff}32
0x0092eba4	GameView	instance	tapGesture:center:	v20@0:4@8{CGPoint=ff}12
0x0092edac	GameView	instance	doubleTapGesture:center:	v20@0:4@8{CGPoint=ff}12
0x0092ee80	GameView	instance	swipeGesture	v8@0:4
0x0092ef38	GameView	instance	pinchScaleChanged	v8@0:4
0x0092f298	GameView	instance	resize:insets:	v32@0:4{CGSize=ff}8{UIEdgeInsets=ffff}16
0x0092f6ac	GameView	instance	willResignActive	v8@0:4
0x0092f8dc	GameView	instance	cloudAuthenticateCompleteWasSuccess:	v12@0:4c8
0x0092f964	GameView	instance	didBecomeActive	v8@0:4
0x00930bb4	GameView	instance	didEnterBackground	v8@0:4
0x00931204	GameView	instance	willEnterForeground	v8@0:4
0x009312dc	GameView	instance	playTappedInNewWorldScreenWithSaveName:worldSize:customRules:expertMode:	v24@0:4@8@12@16c20
0x00931aec	GameView	instance	actuallyDoExitWorldRightNowReallyNow	v8@0:4
0x00932670	GameView	instance	doExitWorld	v8@0:4
0x00932cec	GameView	instance	exitWorld	v8@0:4
0x00932e80	GameView	instance	deleteSaveFile:	v12@0:4@8
0x00933214	GameView	instance	deleteWorldAtIndex:	v12@0:4i8
0x00933e7c	GameView	instance	updateSaveGameValue:forKey:save:	v20@0:4@8@12@16
0x009345fc	GameView	instance	migrateWorldToCustomRulesAtIndex:	v12@0:4i8
0x009347e4	GameView	instance	loadWorldAtIndex:allowPVP:	v16@0:4i8c12
0x00934d78	GameView	instance	displaySearchingAlertIfShould	v8@0:4
0x00934f7c	GameView	instance	startHostingNetworkGameWithUserName:userPhoto:	v16@0:4@8@12
0x009352ac	GameView	instance	cleanupSearchingMatch	v8@0:4
0x009353f0	GameView	instance	startSearchingForClientNetworkGameAtHost:port:userName:userPhoto:cloudKey:	v28@0:4@8@12@16@20@24
0x009357b4	GameView	instance	multipleWorldsFoundForClientMatch:options:	v16@0:4@8@12
0x00935f2c	GameView	instance	netClientMatchServerFound:	v12@0:4@8
0x00936348	GameView	instance	connectionSucceededToMultiplayerServerWithWorldInfo:	v12@0:4@8
0x0093687c	GameView	instance	customRulesHTMLTextForRules:buttonTitle:	@16@0:4@8@12
0x00937da8	GameView	instance	viewServerWelcomeMessage:customRules:allowEdit:	v20@0:4@8@12c16
0x00938c58	GameView	instance	setPaused:	v12@0:4c8
0x00938dac	GameView	instance	allowsRotation	c8@0:4
0x00938f48	GameView	instance	connectionToServerOK	v8@0:4
0x009390c8	GameView	instance	connectionToServerLostShouldRetry:	v12@0:4c8
0x00939580	GameView	instance	cancelSelectedWhileAttemptingToConnect	v8@0:4
0x00939614	GameView	instance	connectionToServerRejectedForReason:extraDataDict:	v16@0:4S8@12
0x00939c3c	GameView	instance	alertView:didDismissWithButtonIndex:	v16@0:4@8i12
0x0093a3b0	GameView	instance	renameWorldAtIndex:withName:	v16@0:4i8@12
0x0093a55c	GameView	instance	mainMenuSoundFinshedFadingOut	v8@0:4
0x0093a718	GameView	instance	gameSoundFinshedFadingOut	v8@0:4
0x0093a8f8	GameView	instance	presentShareUIForImage:	v12@0:4@8
0x0093b008	GameView	instance	presentShareUIForURL:message:rectFromScreenCenter:	v32@0:4@8@12{CGRect={CGPoint=ff}{CGSize=ff}}16
0x0093b6c8	GameView	instance	shouldDisplayInterstitial	c8@0:4
0x0093bc40	GameView	instance	displayInterstitialForTag:	v12@0:4@8
0x0093bdb8	GameView	instance	didShowAdWithTag:	v12@0:4@8
0x0093bf58	GameView	instance	didHideAdWithTag:	v12@0:4@8
0x0093c008	GameView	instance	didCompleteAdWithTag:	v12@0:4@8
0x0093c10c	GameView	instance	displayGameCenterAccountAlertView:	v12@0:4@8
0x0093c420	GameView	instance	achievementsButtonTapped	v8@0:4
0x0093c6c8	GameView	instance	achievementViewControllerDidFinish:	v12@0:4@8
0x0093c740	GameView	instance	gameCenterViewControllerDidFinish:	v12@0:4@8
0x0093c7b8	GameView	instance	messageForAchivementWithIdentifier:	@12@0:4@8
0x0093c7d8	GameView	instance	allowsFPSRateCut	c8@0:4
0x0093c874	GameView	instance	presentSavedToCameraRollAlert	v8@0:4
0x0093c9cc	GameView	instance	instructionsButtonTapped	v8@0:4
0x0093cd28	GameView	instance	instructionsViewDone	v8@0:4
0x0093ce48	GameView	instance	showDoubleTimePromptIfGoodTime:	c12@0:4@8
0x0093d818	GameView	instance	showWelcomeBackPopupWithMessage:	v12@0:4@8
0x0093dcf4	GameView	instance	showTutorialPopupWithTitle:message:lastMessage:	v20@0:4@8@12c16
0x0093ebd4	GameView	instance	preUpdate:	v12@0:4f8
0x0093ec54	GameView	instance	showBlockheadAvailablePrompt:	v12@0:4i8
0x0093f538	GameView	instance	showChatUI	v8@0:4
0x0093f70c	GameView	instance	hideChatView	v8@0:4
0x0093f770	GameView	instance	chatViewVisible	c8@0:4
0x0093f7d8	GameView	instance	chatViewOpen	c8@0:4
0x0093f8c4	GameView	instance	chatViewBack	v8@0:4
0x0093f928	GameView	instance	sendMessage:	v12@0:4@8
0x0093fb3c	GameView	instance	chatMessageRecieved:displayNotification:	v16@0:4@8c12
0x0093feb4	GameView	instance	clearChat	v8@0:4
0x0093ff18	GameView	instance	touchIsInChatView:	c16@0:4{CGPoint=ff}8
0x0093ff8c	GameView	instance	playersChanged	v8@0:4
0x0093fff0	GameView	instance	textField:shouldChangeCharactersInRange:replacementString:	c24@0:4@8{_NSRange=II}12@20
0x00940284	GameView	instance	delayedOpenURLIfNeeded	v8@0:4
0x00940dc4	GameView	instance	handleOpenURL:	c12@0:4@8
0x00940e88	GameView	instance	cloudAuthenticateUnlockedCloudFeatures	v8@0:4
0x00940f24	GameView	instance	pinchZoomToScale:	v12@0:4f8
0x00940f90	GameView	instance	shouldAllowDoubleTap	c8@0:4
0x00940ff0	GameView	instance	hasRewardedVideoAvailable	c8@0:4
0x00941128	GameView	instance	startIncentivizedVideo	v8@0:4
0x0094135c	GameView	instance	rewardIncentivizedVideoCurrency:	v12@0:4@8
0x00942178	GameView	instance	chartboostIncentivizedVideoViewComplete:	v12@0:4i8
0x00942274	GameView	instance	stop	v8@0:4
0x00942288	GameView	instance	recentConnections	@8@0:4
0x009422c4	GameView	instance	showDieConfirmationForBlockhead:	v12@0:4@8
0x00942c04	GameView	instance	cloudWorldWasCreatedWithID:worldName:userName:userPhoto:timeSelection:	v28@0:4@8@12@16@20i24
0x009439d4	GameView	instance	setNewWelcomeMessage:	v12@0:4@8
0x00943a40	GameView	instance	showLowCreditWarningWithMinutes:	v12@0:4i8
0x00944348	GameView	instance	shouldDisplayNewAddedFeaturesAlert	c8@0:4
0x009443b0	GameView	instance	showGDPRAlert	v8@0:4
0x00944558	GameView	instance	alertView:clickedButtonAtIndex:	v16@0:4@8i12
0x009447c8	GameView	instance	viewController	@8@0:4
0x0094480c	GameView	instance	setViewController:	v12@0:4@8
0x00944850	GameView	instance	glView	@8@0:4
0x00944894	GameView	instance	setGlView:	v12@0:4@8
0x009448d8	GameView	instance	gameSaves	@8@0:4
0x0094491c	GameView	instance	appDatabase	@8@0:4
0x00944960	GameView	instance	appDatabaseEnvironment	@8@0:4
0x009449a4	GameView	instance	world	@8@0:4
0x009449e8	GameView	instance	mainMenuUI	@8@0:4
0x00944a2c	GameView	instance	instructionsViewController	@8@0:4
0x00944a70	GameView	instance	pickerShowing	c8@0:4
0x00944aac	GameView	instance	setPickerShowing:	v12@0:4c8
0x00944aec	GameView	instance	welcomeMessageShowing	c8@0:4
0x00944b28	GameView	instance	setWelcomeMessageShowing:	v12@0:4c8
0x00944b68	GameView	instance	chatHaxOngoing	c8@0:4
0x00944ba4	GameView	instance	setChatHaxOngoing:	v12@0:4c8
0x00944be4	GameView	instance	gdprPrompt	@8@0:4
0x00944c24	GameView	instance	setGdprPrompt:	v12@0:4@8
0x00944c64	GameView	instance	.cxx_construct	@8@0:4
0x00945078	ClientTileLoader	instance	initWithWorld:client:saveID:randomSeed:cameraPos:	@32@0:4@8@12@16i20{?=ii}24
0x009470ec	ClientTileLoader	instance	deleteTimers	v8@0:4
0x0094712c	ClientTileLoader	instance	dealloc	v8@0:4
0x00947464	ClientTileLoader	instance	shouldBeCrystalBlockAtX:y:	c16@0:4i8i12
0x00947af8	ClientTileLoader	instance	getInitialRockAndDirtHeightforX:rockHeight:dirtHeight:	v20@0:4i8^f12^f16
0x009482a0	ClientTileLoader	instance	maxOfRockAndDirtHeightForX:	i12@0:4i8
0x00948470	ClientTileLoader	instance	faultOffsetForX:y:	i16@0:4i8i12
0x009488e0	ClientTileLoader	instance	isCaveForX:y:faultOffset:	c20@0:4i8i12i16
0x00948b44	ClientTileLoader	instance	getRockAndDirtHeightforX:rockHeight:dirtHeight:	v20@0:4i8^i12^i16
0x00948cf8	ClientTileLoader	instance	unmodifiedGroundLevelForX:	i12@0:4i8
0x00948ec4	ClientTileLoader	instance	waitingForBlocksCount	i8@0:4
0x00948f24	ClientTileLoader	instance	requestBlockFromServerAtPos:createIfNotCreated:	v20@0:4{?=ii}8c16
0x00949acc	ClientTileLoader	instance	loadPhysicalBlock:atPos:withTilesData:lightData:extraDataDict:	v32@0:4^{PhysicalBlock=ii^{Tile}cCdII[32*][32C]}8{?=ii}12@20@24@28
0x0094a8d0	ClientTileLoader	instance	distanceOrderedFoodTypes	^i8@0:4
0x0094a908	ClientTileLoader	instance	waitingForBlocks	c8@0:4
0x0094a980	ClientTileLoader	instance	waitingForFoodTypes	c8@0:4
0x0094a9d4	ClientTileLoader	instance	blockDataNotLoadedOnServer:	v12@0:4I8
0x0094ab58	ClientTileLoader	instance	updateQueue	v8@0:4
0x0094b794	ClientTileLoader	instance	blockDataRecievedFromServer:	v12@0:4@8
0x0094c090	ClientTileLoader	instance	lightBlockDataRecievedFromServer:	v12@0:4@8
0x0094c4b8	ClientTileLoader	instance	initialDataRecievedFromServer:	v12@0:4@8
0x0094c5ac	ClientTileLoader	instance	sandFractionForPos:highRes:	f20@0:4{?=ii}8c16
0x0094c878	ClientTileLoader	instance	sandFractionForPos:height:highRes:	f24@0:4{?=ii}8i16c20
0x0094cb64	ClientTileLoader	instance	.cxx_destruct	v8@0:4
0x0094cc4c	ClientTileLoader	instance	.cxx_construct	@8@0:4
0x0094f000	Wire	instance	updateWireConfiguration	v8@0:4
0x0094fca0	Wire	instance	initSubDerivedItems	v8@0:4
0x0094fd48	Wire	instance	objectType	i8@0:4
0x0094fd64	Wire	instance	initWithWorld:dynamicWorld:atPosition:cache:type:saveDict:placedByClient:	@40@0:4@8@12{?=ii}16@24i28@32@36
0x0095002c	Wire	instance	initWithWorld:dynamicWorld:saveDict:cache:	@24@0:4@8@12@16@20
0x0095034c	Wire	instance	initWithWorld:dynamicWorld:cache:netData:	@24@0:4@8@12@16@20
0x009506ac	Wire	instance	dealloc	v8@0:4
0x00950770	Wire	instance	getSaveDict	@8@0:4
0x00950a64	Wire	instance	updateNetDataForClient:	@12@0:4@8
0x00950ab8	Wire	instance	creationNetDataForClient:	@12@0:4@8
0x00950f28	Wire	instance	remoteUpdate:	v12@0:4@8
0x009510f8	Wire	instance	draw:projectionMatrix:modelViewMatrix:cameraMinXWorld:cameraMaxXWorld:cameraMinYWorld:cameraMaxYWorld:	v156@0:4f8(_GLKMatrix4={?=ffffffffffffffff}[16f])12(_GLKMatrix4={?=ffffffffffffffff}[16f])76i140i144i148i152
0x00951320	Wire	instance	freeblockCreationItemType	i8@0:4
0x0095135c	Wire	instance	freeBlockCreationSaveDict	@8@0:4
0x00951378	Wire	instance	freeBlockCreationDataA	S8@0:4
0x00951394	Wire	instance	freeBlockCreationDataB	S8@0:4
0x009513b0	Wire	instance	worldChanged:	v12@0:4^{vector<intpair, std::__1::allocator<intpair> >=^{?}^{?}{__compressed_pair<intpair *, std::__1::allocator<intpair> >=^{?}}}8
0x00951f2c	Wire	instance	staticGeometryDrawCubeCount	i8@0:4
0x00952770	Wire	instance	addDrawCubeData:fromIndex:	i16@0:4^f8i12
0x00954a2c	Wire	instance	removeFromMacroBlock	v8@0:4
0x00954b34	Wire	instance	occupiesForegroundContents	c8@0:4
0x00954bd4	Wire	instance	occupiesNormalContents	c8@0:4
0x00954f40	Plant	instance	removeFromMacroBlock	v8@0:4
0x00954fec	Plant	instance	initWithWorld:dynamicWorld:atPosition:cache:maxAgeGene:growthRateGene:treeDensityNoiseFunction:seasonOffsetNoiseFunction:adultPlant:	@48@0:4@8@12{?=ii}16@24S28S32@36@40c44
0x009554a0	Plant	instance	loadSaveDictValues:	v12@0:4@8
0x009559d0	Plant	instance	initWithWorld:dynamicWorld:saveDict:cache:treeDensityNoiseFunction:seasonOffsetNoiseFunction:	@32@0:4@8@12@16@20@24@28
0x00955b98	Plant	instance	initWithWorld:dynamicWorld:cache:netData:	@24@0:4@8@12@16@20
0x00955d10	Plant	instance	dealloc	v8@0:4
0x00955d7c	Plant	instance	getSaveDict	@8@0:4
0x0095649c	Plant	instance	updateNetDataForClient:	@12@0:4@8
0x009564f0	Plant	instance	plantCreationNetData	{PlantCreationNetData={DynamicObjectNetData=QIIC[7C]}SSSSsC[5C]}8@0:4
0x00956608	Plant	instance	creationNetDataForClient:	@12@0:4@8
0x009566e8	Plant	instance	remoteUpdate:	v12@0:4@8
0x00956808	Plant	instance	setFlowering:	v12@0:4c8
0x0095684c	Plant	instance	worldChanged:	v12@0:4^{vector<intpair, std::__1::allocator<intpair> >=^{?}^{?}{__compressed_pair<intpair *, std::__1::allocator<intpair> >=^{?}}}8
0x00956e1c	Plant	instance	isGrowingInCompost	c8@0:4
0x00956ef8	Plant	instance	update:accurateDT:isSimulation:	v20@0:4f8f12c16
0x00957304	Plant	instance	isRequiredSoilType:	c12@0:4i8
0x009573a0	Plant	instance	plantType	i8@0:4
0x009573bc	Plant	instance	gatherProgressForTile:	i16@0:4{?=ii}8
0x00957404	Plant	instance	tileHarvested:removeBlockhead:correctToolMultiplier:	i24@0:4{?=ii}8@16i20
0x00957474	Plant	instance	setGatherProgress:forTile:	v20@0:4i8{?=ii}12
0x009574c8	Plant	instance	removePlantWithoutCreatingFreeblocks	v8@0:4
0x009575cc	Plant	instance	maxAgeGeneVariation	S8@0:4
0x0095768c	Plant	instance	growthRateGeneVariation	S8@0:4
0x0095773c	Plant	instance	isFlowering	c8@0:4
0x00957778	Plant	instance	droppedItemType	i8@0:4
0x00957794	Plant	instance	tileIsKindOfSelf:	c12@0:4^{Tile=CCCCCCCCCCCCCSSSsCISSSSSQ[8S]}8
0x009577b4	Plant	instance	clearAllTileContents	v8@0:4
0x00957af4	Plant	instance	setNeedsRemoved:	v12@0:4c8
0x00957be4	Plant	instance	canBreed	c8@0:4
0x00957c00	Plant	instance	occupiesForegroundContents	c8@0:4
0x00957c1c	Plant	instance	numberOfOccupiedTilesAbove	i8@0:4
0x00957c38	Plant	instance	numberOfOccupiedTilesBelow	i8@0:4
0x00957db4	PortalChestManager	instance	initWithWorld:	@12@0:4@8
0x00958970	PortalChestManager	instance	dealloc	v8@0:4
0x00958a34	PortalChestManager	instance	saveWithMainThreadBlock:	v12@0:4c8
0x009593d8	PortalChestManager	instance	saveAnyPendingDataToDisk	v8@0:4
0x009595a4	PortalChestManager	instance	saveTransactionWithFailureCreation:itemsWereAdded:	v16@0:4@8c12
0x00959f68	PortalChestManager	instance	takeIncomingInventoryItemsFromArray:toIndex:count:	i20@0:4@8i12i16
0x0095a038	PortalChestManager	instance	moveInventoryItemsWithinChestFromArray:toIndex:count:	i20@0:4@8i12i16
0x0095a108	PortalChestManager	instance	portalChestServerAckReceivedWithSuccess:transactionIdentifier:	v16@0:4c8S12
0x0095a934	PortalChestManager	instance	portalChestInventoryItems	@8@0:4
0x0095a9bc	PortalChestManager	instance	takeIncomingInventoryItemsFromArray:toIndex:count:assignedIndexes:	i24@0:4@8i12i16^{set<int, std::__1::less<int>, std::__1::allocator<int> >={__tree<int, std::__1::less<int>, std::__1::allocator<int> >=^{__tree_node<int, void *>}{__compressed_pair<std::__1::__tree_end_node<std::__1::__tree_node_base<void *> *>, std::__1::allocator<std::__1::__tree_node<int, void *> > >={__tree_end_node<std::__1::__tree_node_base<void *> *>=^{__tree_node_base<void *>}}}{__compressed_pair<unsigned long, std::__1::less<int> >=L}}}20
0x0095aba4	PortalChestManager	instance	itemsRemovedToInventory:andOrDropped:	v16@0:4@8@12
0x0095ad94	PortalChestManager	instance	moveInventoryItemsWithinChestFromArray:toIndex:count:assignedIndexes:	i24@0:4@8i12i16^{set<int, std::__1::less<int>, std::__1::allocator<int> >={__tree<int, std::__1::less<int>, std::__1::allocator<int> >=^{__tree_node<int, void *>}{__compressed_pair<std::__1::__tree_end_node<std::__1::__tree_node_base<void *> *>, std::__1::allocator<std::__1::__tree_node<int, void *> > >={__tree_end_node<std::__1::__tree_node_base<void *> *>=^{__tree_node_base<void *>}}}{__compressed_pair<unsigned long, std::__1::less<int> >=L}}}20
0x0095ae70	PortalChestManager	instance	moveInventoryItemsFromArray:toIndex:count:movedItems:assignedIndexes:	i28@0:4@8i12i16@20^{set<int, std::__1::less<int>, std::__1::allocator<int> >={__tree<int, std::__1::less<int>, std::__1::allocator<int> >=^{__tree_node<int, void *>}{__compressed_pair<std::__1::__tree_end_node<std::__1::__tree_node_base<void *> *>, std::__1::allocator<std::__1::__tree_node<int, void *> > >={__tree_end_node<std::__1::__tree_node_base<void *> *>=^{__tree_node_base<void *>}}}{__compressed_pair<unsigned long, std::__1::less<int> >=L}}}24
0x0095bab8	PortalChestManager	instance	hasPendingTransaction	c8@0:4
0x0095c7c4	Yak	instance	npcType	i8@0:4
0x0095c7e0	Yak	instance	maxAge	f8@0:4
0x0095c810	Yak	instance	minFullness	f8@0:4
0x0095c844	Yak	instance	foodToRemoveWhenSpawningNPC	f8@0:4
0x0095c874	Yak	instance	foodPlantType	i8@0:4
0x0095c890	Yak	instance	speciesName	@8@0:4
0x0095c8c0	Yak	instance	foodItemType	i8@0:4
0x0095c8dc	Yak	instance	capturedItemType	i8@0:4
0x0095c8f8	Yak	instance	captureRequiredItemType	i8@0:4
0x0095c914	Yak	instance	setAdultCreationStartValues	v8@0:4
0x0095c9c0	Yak	instance	updateTextures	v8@0:4
0x0095cba8	Yak	instance	loadDerivedStuff	v8@0:4
0x0095d640	Yak	instance	maxHealth	S8@0:4
0x0095d65c	Yak	instance	dealloc	v8@0:4
0x0095d868	Yak	instance	initWithWorld:dynamicWorld:atPosition:cache:saveDict:isAdult:wasPlaced:placedByClient:	@44@0:4@8@12{?=ii}16@24@28c32c36@40
0x0095dae4	Yak	instance	initWithWorld:dynamicWorld:saveDict:cache:	@24@0:4@8@12@16@20
0x0095dcfc	Yak	instance	update:accurateDT:isSimulation:	v20@0:4f8f12c16
0x0095dee4	Yak	instance	getSaveDict	@8@0:4
0x0095e0a8	Yak	instance	yakUpdateNetDataForClient:	{YakUpdateNetData={DonkeyLikeUpdateNetData={NPCUpdateNetData={DynamicObjectNetData=QIIC[7C]}}sssCC}ss[4C]}12@0:4@8
0x0095e270	Yak	instance	creationNetDataForClient:	@12@0:4@8
0x0095e47c	Yak	instance	updateNetDataForClient:	@12@0:4@8
0x0095e568	Yak	instance	doYakRemoteUpdate:	v48@0:4{YakUpdateNetData={DonkeyLikeUpdateNetData={NPCUpdateNetData={DynamicObjectNetData=QIIC[7C]}}sssCC}ss[4C]}8
0x0095e6a0	Yak	instance	remoteUpdate:	v12@0:4@8
0x0095e834	Yak	instance	remoteCreationDataUpdate:	v12@0:4@8
0x0095e99c	Yak	instance	creationDataStructSize	L8@0:4
0x0095e9b8	Yak	instance	setupMatrices:dt:	v20@0:4{Vector2=[2f]}8f16
0x00963040	Yak	instance	drawSubClassStuff:projectionMatrix:modelViewMatrix:	v140@0:4f8(_GLKMatrix4={?=ffffffffffffffff}[16f])12(_GLKMatrix4={?=ffffffffffffffff}[16f])76
0x00965850	Yak	instance	jumps	c8@0:4
0x009658b4	Yak	instance	canBeMilkedByBlockhead:	c12@0:4@8
0x0096596c	Yak	instance	milkByBlockhead:	c12@0:4@8
0x00965c1c	Yak	instance	canBeShavedByBlockhead:	c12@0:4@8
0x00965cd4	Yak	instance	shaveByBlockhead:	c12@0:4@8
0x00965fb0	Yak	instance	createItemDropsForDeath	v8@0:4
0x00966388	Yak	instance	jumpsOnSwipe	c8@0:4
0x009663a4	Yak	instance	.cxx_construct	@8@0:4
0x0096678c	ScrollingButtonsPaint	instance	initWithFrame:cache:windowInfo:paintMixUI:	@36@0:4{CGRect={CGPoint=ff}{CGSize=ff}}8@24^{WindowInfo=ffffffff}28@32
0x00966988	ScrollingButtonsPaint	instance	dealloc	v8@0:4
0x00966a88	ScrollingButtonsPaint	instance	selectedPigmentButtonIndex	i8@0:4
0x00966ac4	ScrollingButtonsPaint	instance	setWorkbench:blockhead:allowsEmptyPigmentSelection:	v20@0:4@8@12c16
0x00967a2c	ScrollingButtonsPaint	instance	renderFrame:projectionMatrix:translationOffset:	v84@0:4f8(_GLKMatrix4={?=ffffffffffffffff}[16f])12{Vector2=[2f]}76
0x00968a10	ScrollingButtonsPaint	instance	craftableAtIndex:	c12@0:4i8
0x00968b20	ScrollingButtonsPaint	instance	touchIsInUI:	c16@0:4{CGPoint=ff}8
0x00968d68	ScrollingButtonsPaint	instance	startTouch:	c16@0:4{CGPoint=ff}8
0x0096934c	ScrollingButtonsPaint	instance	moveTouch:	v16@0:4{CGPoint=ff}8
0x00969ab8	ScrollingButtonsPaint	instance	endTouch:	v16@0:4{CGPoint=ff}8
0x00969d5c	ScrollingButtonsPaint	instance	button:	v12@0:4@8
0x0096a0c8	ScrollingButtonsPaint	instance	scrollInProgress	c8@0:4
0x0096a104	ScrollingButtonsPaint	instance	xScroll	f8@0:4
0x0096a14c	ScrollingButtonsPaint	instance	setXScroll:	v12@0:4f8
0x0096aedc	Boat	instance	loadDerivedStuff	v8@0:4
0x0096b510	Boat	instance	freeblockCreationItemType	i8@0:4
0x0096b52c	Boat	instance	objectType	i8@0:4
0x0096b548	Boat	instance	initWithWorld:dynamicWorld:atPosition:cache:saveDict:placedByClient:	@36@0:4@8@12{?=ii}16@24@28@32
0x0096b818	Boat	instance	initWithWorld:dynamicWorld:saveDict:cache:	@24@0:4@8@12@16@20
0x0096bab8	Boat	instance	initWithWorld:dynamicWorld:cache:netData:	@24@0:4@8@12@16@20
0x0096be3c	Boat	instance	blockheadsLoaded	v8@0:4
0x0096c238	Boat	instance	getSaveDict	@8@0:4
0x0096c674	Boat	instance	creationNetDataForClient:	@12@0:4@8
0x0096cb00	Boat	instance	updateNetDataForClient:	@12@0:4@8
0x0096cb54	Boat	instance	dealloc	v8@0:4
0x0096cd18	Boat	instance	remoteUpdate:	v12@0:4@8
0x0096dc38	Boat	instance	blockheadCanRide:usingItem:	c16@0:4@8i12
0x0096dcd4	Boat	instance	updatePosition:	v16@0:4{?=ii}8
0x0096de60	Boat	instance	update:accurateDT:isSimulation:	v20@0:4f8f12c16
0x00970180	Boat	instance	draw:projectionMatrix:modelViewMatrix:cameraMinXWorld:cameraMaxXWorld:cameraMinYWorld:cameraMaxYWorld:	v156@0:4f8(_GLKMatrix4={?=ffffffffffffffff}[16f])12(_GLKMatrix4={?=ffffffffffffffff}[16f])76i140i144i148i152
0x00976c00	Boat	instance	maxHealth	S8@0:4
0x00976c1c	Boat	instance	renderPos	{Vector2=[2f]}8@0:4
0x00976c98	Boat	instance	riderPosForBlockhead:	{Vector=[4f]}12@0:4@8
0x00976d58	Boat	instance	setTargetVelocity:	v16@0:4{Vector2=[2f]}8
0x00976dcc	Boat	instance	riderDPadShouldGiveDiscreteValues	c8@0:4
0x00976de8	Boat	instance	addRider:	v12@0:4@8
0x00977214	Boat	instance	removeRider:	v12@0:4@8
0x009774e4	Boat	instance	swipeUpGesture	v8@0:4
0x009774f8	Boat	instance	riderBodyYRotationForBlockhead:	f12@0:4@8
0x0097753c	Boat	instance	riderBodyZRotation	f8@0:4
0x00977568	Boat	instance	cameraPosForBlockhead:	{Vector2=[2f]}12@0:4@8
0x00977714	Boat	instance	worldChanged:	v12@0:4^{vector<intpair, std::__1::allocator<intpair> >=^{?}^{?}{__compressed_pair<intpair *, std::__1::allocator<intpair> >=^{?}}}8
0x0097772c	Boat	instance	actionTitle	@8@0:4
0x0097775c	Boat	instance	isDoubleHeight	c8@0:4
0x00977778	Boat	instance	tapIsWithinBodyRadius:	c16@0:4{Vector2=[2f]}8
0x00977b78	Boat	instance	setNeedsRemoved:	v12@0:4c8
0x00977c80	Boat	instance	jumpsOnSwipe	c8@0:4
0x00977c9c	Boat	instance	rideDirection	i8@0:4
0x00977d8c	Boat	instance	requiresFuel	c8@0:4
0x00977da8	Boat	instance	actsAsInteractionObject	@8@0:4
0x00977dc4	Boat	instance	blockheadUnloaded:	v12@0:4@8
0x00977f10	Boat	instance	riderDPadShouldAllowUpDown	c8@0:4
0x00977f2c	Boat	instance	.cxx_construct	@8@0:4
0x009783b0	BlockheadPreviewView	instance	updateClothingCubes	v8@0:4
0x0097b454	BlockheadPreviewView	instance	setSkinOptions:	v28@0:4{BlockheadSkinOptions=CCCC{MJColor8=CCCC}{MJColor8=CCCC}{MJColor8=CCCC}{MJColor8=CCCC}}8
0x0097b500	BlockheadPreviewView	instance	setSkinOptions:happiness:	v32@0:4{BlockheadSkinOptions=CCCC{MJColor8=CCCC}{MJColor8=CCCC}{MJColor8=CCCC}{MJColor8=CCCC}}8f28
0x0097ce30	BlockheadPreviewView	instance	setFromPreviewData:	v48@0:4{BlockheadPreviewDataNew={BlockheadSkinOptions=CCCC{MJColor8=CCCC}{MJColor8=CCCC}{MJColor8=CCCC}{MJColor8=CCCC}}SSSSSSSSCC[2C]}8
0x0097e344	BlockheadPreviewView	instance	initWithFrame:cache:windowInfo:	@32@0:4{CGRect={CGPoint=ff}{CGSize=ff}}8@24^{WindowInfo=ffffffff}28
0x0097ebd8	BlockheadPreviewView	instance	dealloc	v8@0:4
0x0097efa8	BlockheadPreviewView	instance	drawForButtonProjectionMatrix:modelViewMatrix:	v136@0:4(_GLKMatrix4={?=ffffffffffffffff}[16f])8(_GLKMatrix4={?=ffffffffffffffff}[16f])72
0x00994dd0	BlockheadPreviewView	instance	renderFrame:projectionMatrix:center:	v84@0:4f8(_GLKMatrix4={?=ffffffffffffffff}[16f])12{Vector2=[2f]}76
0x0099eb60	BlockheadPreviewView	instance	cameraZ	f8@0:4
0x0099eba8	BlockheadPreviewView	instance	setCameraZ:	v12@0:4f8
0x0099ebf4	BlockheadPreviewView	instance	walking	c8@0:4
0x0099ec30	BlockheadPreviewView	instance	setWalking:	v12@0:4c8
0x0099ec74	BlockheadPreviewView	instance	.cxx_construct	@8@0:4
0x0099f950	TulipPlant	instance	objectType	i8@0:4
0x0099f96c	TulipPlant	instance	initSubDerivedItems	v8@0:4
0x009a09f8	TulipPlant	instance	initWithWorld:dynamicWorld:atPosition:cache:maxAgeGene:growthRateGene:treeDensityNoiseFunction:seasonOffsetNoiseFunction:adultPlant:	@48@0:4@8@12{?=ii}16@24S28S32@36@40c44
0x009a1368	TulipPlant	instance	initWithWorld:dynamicWorld:saveDict:cache:treeDensityNoiseFunction:seasonOffsetNoiseFunction:	@32@0:4@8@12@16@20@24@28
0x009a1684	TulipPlant	instance	initWithWorld:dynamicWorld:cache:netData:	@24@0:4@8@12@16@20
0x009a1854	TulipPlant	instance	getSaveDict	@8@0:4
0x009a1b58	TulipPlant	instance	plantCreationNetData	{PlantCreationNetData={DynamicObjectNetData=QIIC[7C]}SSSSsC[5C]}8@0:4
0x009a1c24	TulipPlant	instance	setFlowering:	v12@0:4c8
0x009a1d20	TulipPlant	instance	update:accurateDT:isSimulation:	v20@0:4f8f12c16
0x009a2b00	TulipPlant	instance	draw:projectionMatrix:modelViewMatrix:cameraMinXWorld:cameraMaxXWorld:cameraMinYWorld:cameraMaxYWorld:	v156@0:4f8(_GLKMatrix4={?=ffffffffffffffff}[16f])12(_GLKMatrix4={?=ffffffffffffffff}[16f])76i140i144i148i152
0x009a498c	TulipPlant	instance	tileIsKindOfSelf:	c12@0:4^{Tile=CCCCCCCCCCCCCSSSsCISSSSSQ[8S]}8
0x009a49c0	TulipPlant	instance	plantType	i8@0:4
0x009a49dc	TulipPlant	instance	isRequiredSoilType:	c12@0:4i8
0x009a4a78	TulipPlant	instance	tileHarvested:removeBlockhead:correctToolMultiplier:	i24@0:4{?=ii}8@16i20
0x009a4f1c	TulipPlant	instance	numberOfOccupiedTilesAbove	i8@0:4
0x009a4f74	TulipPlant	instance	droppedItemType	i8@0:4
0x009a4f90	TulipPlant	instance	staticGeometryDrawQuadCountForMacroPos:	i16@0:4{?=ii}8
0x009a4fb8	TulipPlant	instance	addDrawQuadData:fromIndex:forMacroPos:	i24@0:4^f8i12{?=ii}16
0x009a53c8	TulipPlant	instance	removeFromMacroBlock	v8@0:4
0x009a54d0	TulipPlant	instance	canBreed	c8@0:4
0x009a557c	TulipPlant	instance	mixGenesVariation	S8@0:4
0x009a5770	TulipPlant	instance	colorGenesVariation	S8@0:4
0x009a5d24	TulipPlant	instance	availableFood	f8@0:4
0x009a5d6c	TulipPlant	instance	setAvailableFood:	v12@0:4f8
0x009a5db8	TulipPlant	instance	colorGenes	S8@0:4
0x009a5df4	TulipPlant	instance	setColorGenes:	v12@0:4S8
0x009a5e3c	TulipPlant	instance	.cxx_construct	@8@0:4
0x009a5fe4	CPTexture2D	instance	contentSize	{CGSize=ff}8@0:4
0x009a60fc	CPTexture2D	instance	initWithPVRTCData:pixelFormat:pixelsWide:pixelsHigh:	@24@0:4@8i12I16I20
0x009a65e8	CPTexture2D	instance	initWithData:pixelFormat:pixelsWide:pixelsHigh:contentSize:mipmap:	@36@0:4r^v8i12I16I20{CGSize=ff}24c32
0x009a6bc4	CPTexture2D	instance	dealloc	v8@0:4
0x009a6db8	CPTexture2D	instance	description	@8@0:4
0x009a6f6c	CPTexture2D	instance	pixelFormat	i8@0:4
0x009a6fa4	CPTexture2D	instance	pixelsWide	I8@0:4
0x009a6fdc	CPTexture2D	instance	pixelsHigh	I8@0:4
0x009a7014	CPTexture2D	instance	name	I8@0:4
0x009a704c	CPTexture2D	instance	maxS	f8@0:4
0x009a7090	CPTexture2D	instance	maxT	f8@0:4
0x009a70d4	CPTexture2D	instance	stringSize	{CGSize=ff}8@0:4
0x009a7134	CPTexture2D	instance	dontDeleteTextureOnRelease	c8@0:4
0x009a7170	CPTexture2D	instance	setDontDeleteTextureOnRelease:	v12@0:4c8
0x009a71b0	CPTexture2D	instance	size	{CGSize=ff}8@0:4
0x009ae660	MJSlider	instance	initWithFrame:cache:windowInfo:	@32@0:4{CGRect={CGPoint=ff}{CGSize=ff}}8@24^{WindowInfo=ffffffff}28
0x009aecd8	MJSlider	instance	dealloc	v8@0:4
0x009aedd8	MJSlider	instance	renderFrame:projectionMatrix:	v76@0:4f8(_GLKMatrix4={?=ffffffffffffffff}[16f])12
0x009b00f8	MJSlider	instance	setValueFromTouch:	c16@0:4{CGPoint=ff}8
0x009b0200	MJSlider	instance	startTouch:	c16@0:4{CGPoint=ff}8
0x009b0630	MJSlider	instance	moveTouch:	v16@0:4{CGPoint=ff}8
0x009b07c4	MJSlider	instance	sendAction	v8@0:4
0x009b0864	MJSlider	instance	endTouch:	v16@0:4{CGPoint=ff}8
0x009b0c7c	MJSlider	instance	setDescreteMin:max:	v16@0:4i8i12
0x009b0d54	MJSlider	instance	setValue:	c12@0:4f8
0x009b0fa4	MJSlider	instance	value	f8@0:4
0x009b0fe4	MJSlider	instance	setDescreteValue:	v12@0:4i8
0x009b11c4	MJSlider	instance	descreteValue	i8@0:4
0x009b1200	MJSlider	instance	setCompletionAction:	v12@0:4:8
0x009b1244	MJSlider	instance	knobColor	{MJColor=ffff}8@0:4
0x009b12a4	MJSlider	instance	setKnobColor:	v24@0:4{MJColor=ffff}8
0x009b1324	MJSlider	instance	backgroundTexture	@8@0:4
0x009b1360	MJSlider	instance	setBackgroundTexture:	v12@0:4@8
0x009b13ac	MJSlider	instance	.cxx_construct	@8@0:4
0x009b1598	AddFuelUI	instance	loadResources	v8@0:4
0x009b1afc	AddFuelUI	instance	initWithWorld:windowInfo:cache:	@20@0:4@8^{WindowInfo=ffffffff}12@16
0x009b1c14	AddFuelUI	instance	dealloc	v8@0:4
0x009b1dec	AddFuelUI	instance	setFuelObject:blockhead:	v16@0:4@8@12
0x009b2bfc	AddFuelUI	instance	windowInfoChanged:	v12@0:4^{WindowInfo=ffffffff}8
0x009b2d20	AddFuelUI	instance	render:translation:pinchScale:	v24@0:4f8{Vector2=[2f]}12f20
0x009b757c	AddFuelUI	instance	touchIsInUI:	c16@0:4{CGPoint=ff}8
0x009b784c	AddFuelUI	instance	touchIsInViewAtAll:	c16@0:4{CGPoint=ff}8
0x009b79c8	AddFuelUI	instance	startTouch:tapCount:	c20@0:4{CGPoint=ff}8i16
0x009b7ca4	AddFuelUI	instance	moveTouch:	v16@0:4{CGPoint=ff}8
0x009b7f50	AddFuelUI	instance	endTouch:	v16@0:4{CGPoint=ff}8
0x009b81fc	AddFuelUI	instance	fuelButton:	v12@0:4@8
0x009b868c	AddFuelUI	instance	center:	{Vector2=[2f]}12@0:4f8
0x009b876c	AddFuelUI	instance	canDismiss	c8@0:4
0x009b87d4	AddFuelUI	instance	stopBlockheadInteractingWhenDismissed	c8@0:4
0x009b87f0	AddFuelUI	instance	fuelObject	@8@0:4
0x009b8834	AddFuelUI	instance	.cxx_construct	@8@0:4
0x009bc33c	SunflowerPlant	instance	objectType	i8@0:4
0x009bc358	SunflowerPlant	instance	emitsLight	c8@0:4
0x009bc394	SunflowerPlant	instance	lightFactor	f8@0:4
0x009bc450	SunflowerPlant	instance	lightColor	{Vector=[4f]}8@0:4
0x009bc5a4	SunflowerPlant	instance	maxAgeBase	f8@0:4
0x009bc5d4	SunflowerPlant	instance	seedItemType	i8@0:4
0x009bc5f0	SunflowerPlant	instance	minAllowedTemperature	i8@0:4
0x009bc60c	SunflowerPlant	instance	floweringSeason:	c12@0:4i8
0x009bc658	SunflowerPlant	instance	canDieSeason:	c12@0:4i8
0x009bc688	SunflowerPlant	instance	plantType	i8@0:4
0x009bc6a4	SunflowerPlant	instance	isRequiredSoilType:	c12@0:4i8
0x009bc740	SunflowerPlant	instance	renderImageType	i8@0:4
0x009bc8fc	AppleTree	instance	availableFood	f8@0:4
0x009bc93c	AppleTree	instance	setAvailableFood:	v12@0:4f8
0x009bca08	AppleTree	instance	fruitItemType	i8@0:4
0x009bca24	AppleTree	instance	fruitShouldFallInSeason:	c12@0:4i8
0x009bca54	AppleTree	instance	objectType	i8@0:4
0x009bca70	AppleTree	instance	initWithWorld:dynamicWorld:atPosition:cache:maxHeight:growthRate:treeDensityNoiseFunction:seasonOffsetNoiseFunction:adultTree:adultMaxAge:	@52@0:4@8@12{?=ii}16@24s28s32@36@40c44f48
0x009bd3b0	AppleTree	instance	initWithWorld:dynamicWorld:saveDict:cache:treeDensityNoiseFunction:seasonOffsetNoiseFunction:	@32@0:4@8@12@16@20@24@28
0x009bd548	AppleTree	instance	getSaveDict	@8@0:4
0x009bd680	AppleTree	instance	updateGrowth:	v12@0:4c8
0x009bf588	AppleTree	instance	makeTileDead:	v12@0:4^{Tile=CCCCCCCCCCCCCSSSsCISSSSSQ[8S]}8
0x009bf5f0	AppleTree	instance	update:accurateDT:isSimulation:	v20@0:4f8f12c16
0x009bff14	AppleTree	instance	treeType	i8@0:4
0x009bff30	AppleTree	instance	tileIsKindOfSelf:	c12@0:4^{Tile=CCCCCCCCCCCCCSSSsCISSSSSQ[8S]}8
0x009c012c	ShareUI	instance	initWithWorld:windowInfo:cache:pauseUI:	@24@0:4@8^{WindowInfo=ffffffff}12@16@20
0x009c1c38	ShareUI	instance	dismissAlertViews	v8@0:4
0x009c1e80	ShareUI	instance	dealloc	v8@0:4
0x009c20f4	ShareUI	instance	windowInfoChanged:	v12@0:4^{WindowInfo=ffffffff}8
0x009c2218	ShareUI	instance	render:	v12@0:4f8
0x009c3244	ShareUI	instance	touchIsInViewAtAll:	c16@0:4{CGPoint=ff}8
0x009c32c4	ShareUI	instance	touchIsInUI:	c16@0:4{CGPoint=ff}8
0x009c3344	ShareUI	instance	startTouch:tapCount:	c20@0:4{CGPoint=ff}8i16
0x009c35f0	ShareUI	instance	moveTouch:	v16@0:4{CGPoint=ff}8
0x009c3838	ShareUI	instance	endTouch:	v16@0:4{CGPoint=ff}8
0x009c3a80	ShareUI	instance	OKButton:	v12@0:4@8
0x009c3ae8	ShareUI	instance	shareAppButton:	v12@0:4@8
0x009c3bd8	ShareUI	instance	portalButton:	v12@0:4@8
0x009c41d4	ShareUI	instance	alertView:didDismissWithButtonIndex:	v16@0:4@8i12
0x009c47ac	ShareUI	instance	inviteToWorldButton:	v12@0:4@8
0x009c4e20	ShareUI	instance	twitterButton:	v12@0:4@8
0x009c4f10	ShareUI	instance	facebookButton:	v12@0:4@8
0x009c5000	ShareUI	instance	forumsButton:	v12@0:4@8
0x009c50f0	ShareUI	instance	.cxx_construct	@8@0:4
0x009c7760	MapUI	instance	initWithWorld:windowInfo:cache:translation:	@28@0:4@8^{WindowInfo=ffffffff}12@16{Vector2=[2f]}20
0x009c8b3c	MapUI	instance	dealloc	v8@0:4
0x009c952c	MapUI	instance	reloadTextureAtPos:	v16@0:4{?=ii}8
0x009c97fc	MapUI	instance	windowInfoChanged:	v12@0:4^{WindowInfo=ffffffff}8
0x009c9920	MapUI	instance	render:pinchScale:alpha:	v20@0:4f8f12f16
0x009cb460	MapUI	instance	touchIsInViewAtAll:	c16@0:4{CGPoint=ff}8
0x009cb4e0	MapUI	instance	touchIsInUI:	c16@0:4{CGPoint=ff}8
0x009cb560	MapUI	instance	startTouch:tapCount:	c20@0:4{CGPoint=ff}8i16
0x009cb590	MapUI	instance	moveTouch:	v16@0:4{CGPoint=ff}8
0x009cb5ac	MapUI	instance	endTouch:	v16@0:4{CGPoint=ff}8
0x009cb5c8	MapUI	instance	.cxx_destruct	v8@0:4
0x009cb6a8	MapUI	instance	.cxx_construct	@8@0:4
0x009cf24c	RegenerateUI	instance	loadResources	v8@0:4
0x009cfe88	RegenerateUI	instance	initWithWorld:windowInfo:cache:	@20@0:4@8^{WindowInfo=ffffffff}12@16
0x009cffa0	RegenerateUI	instance	dealloc	v8@0:4
0x009d0144	RegenerateUI	instance	setBlockhead:	v12@0:4@8
0x009d05cc	RegenerateUI	instance	customRulesChanged	v8@0:4
0x009d0c1c	RegenerateUI	instance	windowInfoChanged:	v12@0:4^{WindowInfo=ffffffff}8
0x009d0d40	RegenerateUI	instance	render:translation:pinchScale:	v24@0:4f8{Vector2=[2f]}12f20
0x009d2cac	RegenerateUI	instance	touchIsInUI:	c16@0:4{CGPoint=ff}8
0x009d2e94	RegenerateUI	instance	touchIsInViewAtAll:	c16@0:4{CGPoint=ff}8
0x009d3010	RegenerateUI	instance	startTouch:tapCount:	c20@0:4{CGPoint=ff}8i16
0x009d320c	RegenerateUI	instance	moveTouch:	v16@0:4{CGPoint=ff}8
0x009d3368	RegenerateUI	instance	endTouch:	v16@0:4{CGPoint=ff}8
0x009d34c4	RegenerateUI	instance	dieButton:	v12@0:4@8
0x009d368c	RegenerateUI	instance	completeButton:	v12@0:4@8
0x009d3ea8	RegenerateUI	instance	center:	{Vector2=[2f]}12@0:4f8
0x009d3f9c	RegenerateUI	instance	.cxx_construct	@8@0:4
0x009d414c	CameraUI	instance	initWithWorld:windowInfo:cache:	@20@0:4@8^{WindowInfo=ffffffff}12@16
0x009d53d0	CameraUI	instance	dealloc	v8@0:4
0x009d54d0	CameraUI	instance	windowInfoChanged:	v12@0:4^{WindowInfo=ffffffff}8
0x009d5c24	CameraUI	instance	render:translation:pinchScale:	v24@0:4f8{Vector2=[2f]}12f20
0x009d6054	CameraUI	instance	touchIsInViewAtAll:	c16@0:4{CGPoint=ff}8
0x009d60d4	CameraUI	instance	touchIsInUI:	c16@0:4{CGPoint=ff}8
0x009d620c	CameraUI	instance	startTouch:tapCount:	c20@0:4{CGPoint=ff}8i16
0x009d6398	CameraUI	instance	moveTouch:	v16@0:4{CGPoint=ff}8
0x009d64a0	CameraUI	instance	endTouch:	v16@0:4{CGPoint=ff}8
0x009d65a8	CameraUI	instance	cancelButton:	v12@0:4@8
0x009d6610	CameraUI	instance	takePhotoButton:	v12@0:4@8
0x009d6678	CameraUI	instance	.cxx_construct	@8@0:4
0x009d678c	BitmapString	instance	initWithString:dimensions:horizontalAlignment:font:cache:color:	@48@0:4@8{CGSize=ff}12i20@24@28{MJColor=ffff}32
0x009d68a4	BitmapString	instance	initWithString:dimensions:horizontalAlignment:verticalAlignment:font:cache:color:	@52@0:4@8{CGSize=ff}12i20i24@28@32{MJColor=ffff}36
0x009e2d18	BitmapString	instance	dealloc	v8@0:4
0x009e2dfc	BitmapString	instance	renderWithProjectionMatrix:modelViewMatrix:	v136@0:4(_GLKMatrix4={?=ffffffffffffffff}[16f])8(_GLKMatrix4={?=ffffffffffffffff}[16f])72
0x009e3bd8	BitmapString	instance	actualDimensions	{CGSize=ff}8@0:4
0x009e3c38	BitmapString	instance	color	{MJColor=ffff}8@0:4
0x009e3c98	BitmapString	instance	setColor:	v24@0:4{MJColor=ffff}8
0x009e3d18	BitmapString	instance	.cxx_construct	@8@0:4
0x009e41c8	BlockTextPromptAlertView	class	initialize	v8@0:4
0x009e440c	BlockTextPromptAlertView	class	promptWithTitle:message:defaultText:singleLine:	@24@0:4@8@12@16c20
0x009e44a0	BlockTextPromptAlertView	class	promptWithTitle:message:defaultText:singleLine:block:	@28@0:4@8@12@16c20@?24
0x009e45a4	BlockTextPromptAlertView	instance	initWithTitle:message:defaultText:singleLine:block:	@28@0:4@8@12@16c20@?24
0x009e4e18	BlockTextPromptAlertView	instance	dismissWithClickedButtonIndex:animated:	v16@0:4i8c12
0x009e4f48	BlockTextPromptAlertView	instance	textView:shouldChangeTextInRange:replacementText:	c24@0:4@8{_NSRange=II}12@20
0x009e4ff8	BlockTextPromptAlertView	instance	textViewDidChange:	v12@0:4@8
0x009e5140	BlockTextPromptAlertView	instance	text	@8@0:4
0x009e5434	BlockTextPromptAlertView	instance	dealloc	v8@0:4
0x009e5588	BlockTextPromptAlertView	instance	textView	@8@0:4
0x009e55c4	BlockTextPromptAlertView	instance	setTextView:	v12@0:4@8
0x009e5610	BlockTextPromptAlertView	instance	callBack	@?8@0:4
0x009e5644	BlockTextPromptAlertView	instance	setCallBack:	v12@0:4@?8
0x009e58f4	PauseUI	instance	initWithWorld:windowInfo:cache:	@20@0:4@8^{WindowInfo=ffffffff}12@16
0x009e7334	PauseUI	instance	dismissAlertViews	v8@0:4
0x009e73d4	PauseUI	instance	dealloc	v8@0:4
0x009e76e4	PauseUI	instance	windowInfoChanged:	v12@0:4^{WindowInfo=ffffffff}8
0x009e7860	PauseUI	instance	render:	v12@0:4f8
0x009e8e70	PauseUI	instance	touchIsInViewAtAll:	c16@0:4{CGPoint=ff}8
0x009e8ef0	PauseUI	instance	touchIsInUI:	c16@0:4{CGPoint=ff}8
0x009e902c	PauseUI	instance	startTouch:tapCount:	c20@0:4{CGPoint=ff}8i16
0x009e9440	PauseUI	instance	moveTouch:	v16@0:4{CGPoint=ff}8
0x009e97a8	PauseUI	instance	endTouch:	v16@0:4{CGPoint=ff}8
0x009e9b10	PauseUI	instance	resumeButton:	v12@0:4@8
0x009e9b78	PauseUI	instance	tcButton:	v12@0:4@8
0x009e9c08	PauseUI	instance	achievementsButton:	v12@0:4@8
0x009e9c70	PauseUI	instance	instructionsButton:	v12@0:4@8
0x009ea530	PauseUI	instance	exitButton:	v12@0:4@8
0x009ea598	PauseUI	instance	optionsButton:	v12@0:4@8
0x009ea6f4	PauseUI	instance	dismissOptions	v8@0:4
0x009ea764	PauseUI	instance	shareButton:	v12@0:4@8
0x009ea8c0	PauseUI	instance	dismissShareUI	v8@0:4
0x009ea900	PauseUI	instance	updateHDTexturesButton	v8@0:4
0x009ea964	PauseUI	instance	disable	v8@0:4
0x009ea9a4	PauseUI	instance	enable	v8@0:4
0x009ea9e4	PauseUI	instance	selectAddCreditOption:	v12@0:4c8
0x009eab8c	PauseUI	instance	IAPForWorldTopupSucceeeded:transactionID:	v16@0:4@8@12
0x009ead40	PauseUI	instance	iapCancelled	v8@0:4
0x009eada4	PauseUI	instance	shareUI	@8@0:4
0x009eade8	PauseUI	instance	optionsUI	@8@0:4
0x009eae2c	PauseUI	instance	.cxx_construct	@8@0:4
0x009eafa4	InstructionsViewController	instance	initWithNibName:bundle:isServerScreen:allowEdit:	@24@0:4@8@12c16c20
0x009eb0d8	InstructionsViewController	instance	updateServerWelcomeView	v8@0:4
0x009ebb18	InstructionsViewController	instance	viewSafeAreaInsetsDidChange	v8@0:4
0x009ebb2c	InstructionsViewController	instance	viewDidLoad	v8@0:4
0x009ecb8c	InstructionsViewController	instance	edit	v8@0:4
0x009ed1b8	InstructionsViewController	instance	dealloc	v8@0:4
0x009ed3b0	InstructionsViewController	instance	didReceiveMemoryWarning	v8@0:4
0x009ed41c	InstructionsViewController	instance	done:	v12@0:4@8
0x009ed484	InstructionsViewController	instance	editSave:	v12@0:4@8
0x009ed674	InstructionsViewController	instance	editCancel:	v12@0:4@8
0x009ed6d4	InstructionsViewController	instance	shouldAutorotateToInterfaceOrientation:	c12@0:4i8
0x009ed6f4	InstructionsViewController	instance	shouldAutorotate	c8@0:4
0x009ed710	InstructionsViewController	instance	webView:shouldStartLoadWithRequest:navigationType:	c20@0:4@8@12i16
0x009ed830	InstructionsViewController	instance	setWorldSummaryString:welcomeMessage:worldName:	v20@0:4@8@12@16
0x009eda30	InstructionsViewController	instance	viewDidUnload	v8@0:4
0x009edbb0	InstructionsViewController	instance	gameView	@8@0:4
0x009edbf4	InstructionsViewController	instance	setGameView:	v12@0:4@8
0x009edc38	InstructionsViewController	instance	contentView	@8@0:4
0x009edc6c	InstructionsViewController	instance	setContentView:	v12@0:4@8
0x009edcb8	InstructionsViewController	instance	webView	@8@0:4
0x009edcec	InstructionsViewController	instance	setWebView:	v12@0:4@8
0x009edd38	InstructionsViewController	instance	titleBar	@8@0:4
0x009edd74	InstructionsViewController	instance	setTitleBar:	v12@0:4@8
0x009eddc0	InstructionsViewController	instance	editView	@8@0:4
0x009eddf4	InstructionsViewController	instance	setEditView:	v12@0:4@8
0x009ede40	InstructionsViewController	instance	editViewController	@8@0:4
0x009ede7c	InstructionsViewController	instance	setEditViewController:	v12@0:4@8
0x009edec8	InstructionsViewController	instance	editTitleBar	@8@0:4
0x009edf04	InstructionsViewController	instance	setEditTitleBar:	v12@0:4@8
0x009ee0b0	EAGLView	class	layerClass	#8@0:4
0x009ee108	EAGLView	instance	initWithCoder:	@12@0:4@8
0x009eebf8	EAGLView	instance	gestureRecognizer:shouldRecognizeSimultaneouslyWithGestureRecognizer:	c16@0:4@8@12
0x009eec1c	EAGLView	instance	dealloc	v8@0:4
0x009eed10	EAGLView	instance	setContext:	v12@0:4@8
0x009eee74	EAGLView	instance	createFramebuffer	v8@0:4
0x009efa00	EAGLView	instance	setGameView:	v12@0:4@8
0x009efb40	EAGLView	instance	didMoveToSuperview	v8@0:4
0x009efce0	EAGLView	instance	gameView	@8@0:4
0x009efd1c	EAGLView	instance	deleteFramebuffer	v8@0:4
0x009eff3c	EAGLView	instance	setFramebuffer	v8@0:4
0x009f0098	EAGLView	instance	presentFramebuffer	c8@0:4
0x009f01d4	EAGLView	instance	layoutSubviews	v8@0:4
0x009f02a0	EAGLView	instance	startTouch:withEvent:	v16@0:4@8@12
0x009f0784	EAGLView	instance	moveTouch	v8@0:4
0x009f0ac0	EAGLView	instance	endTouch	v8@0:4
0x009f0d64	EAGLView	instance	cancelTouch	v8@0:4
0x009f1008	EAGLView	instance	startSecondaryTouch:withEvent:	v16@0:4@8@12
0x009f14a4	EAGLView	instance	moveSecondaryTouch	v8@0:4
0x009f17e0	EAGLView	instance	endSecondaryTouch	v8@0:4
0x009f1a84	EAGLView	instance	cancelSecondaryTouch	v8@0:4
0x009f1d28	EAGLView	instance	touchesBegan:withEvent:	v16@0:4@8@12
0x009f2268	EAGLView	instance	touchesMoved:withEvent:	v16@0:4@8@12
0x009f2400	EAGLView	instance	touchesEnded:withEvent:	v16@0:4@8@12
0x009f2654	EAGLView	instance	touchesCancelled:withEvent:	v16@0:4@8@12
0x009f28a8	EAGLView	instance	handlePinchGesture:	v12@0:4@8
0x009f2a74	EAGLView	instance	handlePanGesture:	v12@0:4@8
0x009f2e68	EAGLView	instance	handleTapGesture:	v12@0:4@8
0x009f3164	EAGLView	instance	handleDoubleTapGesture:	v12@0:4@8
0x009f33a8	EAGLView	instance	gestureRecognizer:shouldReceiveTouch:	c16@0:4@8@12
0x009f37bc	EAGLView	instance	handleSwipeGesture:	v12@0:4@8
0x009f3824	EAGLView	instance	cancelAllTouchesDueToBackgrounding	v8@0:4
0x009f39c4	EAGLView	instance	context	@8@0:4
0x009f3a00	EAGLView	instance	.cxx_construct	@8@0:4
0x009f3b14	CrystalManager	class	instance	@8@0:4
0x009f3bdc	CrystalManager	instance	init	@8@0:4
0x009f3d44	CrystalManager	instance	loadFromSave	v8@0:4
0x009f452c	CrystalManager	instance	amount	i8@0:4
0x009f4568	CrystalManager	instance	commitSaveIfNeeded	v8@0:4
0x009f4f34	CrystalManager	instance	save	v8@0:4
0x009f4f74	CrystalManager	instance	modify:modifyString:	v16@0:4i8@12
0x009f526c	CrystalManager	instance	iCloudID	@8@0:4
0x009f5e78	CrystalManager	instance	iCloudServerRejoinID	@8@0:4
0x009f5f24	CrystalManager	instance	countWatcher	@8@0:4
0x009f5f68	CrystalManager	instance	setCountWatcher:	v12@0:4@8
0x009f5fac	CrystalManager	instance	needsSave	c8@0:4
0x009f5fe8	CrystalManager	instance	amountString	@8@0:4
0x009f6198	MJControl	instance	initWithFrame:cache:windowInfo:	@32@0:4{CGRect={CGPoint=ff}{CGSize=ff}}8@24^{WindowInfo=ffffffff}28
0x009f63d4	MJControl	instance	setTarget:action:	v16@0:4@8:12
0x009f6440	MJControl	instance	setFrame:	v24@0:4{CGRect={CGPoint=ff}{CGSize=ff}}8
0x009f65a4	MJControl	instance	touchIsInUI:	c16@0:4{CGPoint=ff}8
0x009f6894	MJControl	instance	startTouch:	c16@0:4{CGPoint=ff}8
0x009f6c54	MJControl	instance	moveTouch:	v16@0:4{CGPoint=ff}8
0x009f6e74	MJControl	instance	sendAction	v8@0:4
0x009f6f3c	MJControl	instance	endTouch:	v16@0:4{CGPoint=ff}8
0x009f72b8	MJControl	instance	cancelAnyTouchStarts	v8@0:4
0x009f72f8	MJControl	instance	enabled	c8@0:4
0x009f7334	MJControl	instance	setEnabled:	v12@0:4c8
0x009f7378	MJControl	instance	sendsEventOnTouchStart	c8@0:4
0x009f73b4	MJControl	instance	setSendsEventOnTouchStart:	v12@0:4c8
0x009f73f8	MJControl	instance	hover	c8@0:4
0x009f7434	MJControl	instance	.cxx_construct	@8@0:4
0x009f7620	MainMenuUI	instance	connected	c8@0:4
0x009f76e0	MainMenuUI	instance	defaultUserName	@8@0:4
0x009f7710	MainMenuUI	instance	setClockPositions	v8@0:4
0x009f7ec8	MainMenuUI	instance	shouldDisplayAlertOnSearchFail	c8@0:4
0x009f7ee4	MainMenuUI	instance	searchResultsReturned:	v12@0:4@8
0x009f824c	MainMenuUI	instance	searchFailed:	v12@0:4i8
0x009f8294	MainMenuUI	instance	searchCancelled	v8@0:4
0x009f82a8	MainMenuUI	instance	updateWorldTitles	v8@0:4
0x009f8be0	MainMenuUI	instance	updateCloudSearchInfo	v8@0:4
0x009f8bf4	MainMenuUI	instance	startSearchForCloudInfoFromWorldIndex:	v12@0:4i8
0x009f90cc	MainMenuUI	instance	cloudInterfaceIsReady	v8@0:4
0x009f91a8	MainMenuUI	instance	gameSavesChanged	v8@0:4
0x009f93a8	MainMenuUI	instance	initWithDelegate:windowInfo:cache:cloudInterface:	@24@0:4@8^{WindowInfo=ffffffff}12@16@20
0x009fc270	MainMenuUI	instance	willShowCreative:shouldMuteAudio:	v16@0:4@8c12
0x009fc3f4	MainMenuUI	instance	didDismissCreative:positiveActionTaken:	v16@0:4@8c12
0x009fc510	MainMenuUI	instance	noodleNews:	v12@0:4@8
0x009fc610	MainMenuUI	instance	dismissAlertViews	v8@0:4
0x009fc874	MainMenuUI	instance	dealloc	v8@0:4
0x009fcf64	MainMenuUI	instance	windowInfoChanged:	v12@0:4^{WindowInfo=ffffffff}8
0x009fdf68	MainMenuUI	instance	render:projectionMatrix:	v76@0:4f8(_GLKMatrix4={?=ffffffffffffffff}[16f])12
0x00a09cf0	MainMenuUI	instance	touchIsInViewAtAll:	c16@0:4{CGPoint=ff}8
0x00a09d70	MainMenuUI	instance	touchIsInUI:	c16@0:4{CGPoint=ff}8
0x00a09df0	MainMenuUI	instance	startTouch:tapCount:	c20@0:4{CGPoint=ff}8i16
0x00a0a4c4	MainMenuUI	instance	moveTouch:	v16@0:4{CGPoint=ff}8
0x00a0ae40	MainMenuUI	instance	endTouch:	v16@0:4{CGPoint=ff}8
0x00a0c014	MainMenuUI	instance	selectMostRecentlyPlayedWorld	v8@0:4
0x00a0c3c8	MainMenuUI	instance	loadWorldPlayButtonTapped	v8@0:4
0x00a0c7f0	MainMenuUI	instance	createWorldPlayButtonTappedIsOnline:	v12@0:4c8
0x00a0c9e4	MainMenuUI	instance	startAttemptingToConnectToWorld	v8@0:4
0x00a0ca4c	MainMenuUI	instance	joinLanWorldButtonTapped	v8@0:4
0x00a0cbd0	MainMenuUI	instance	joinOnlineWorldButtonTapped	v8@0:4
0x00a0cf30	MainMenuUI	instance	joinCloudWorldAtHost:port:key:userName:pic:	v28@0:4@8@12@16@20@24
0x00a0cfe0	MainMenuUI	instance	deleteCurrentWorld	v8@0:4
0x00a0d060	MainMenuUI	instance	migrateCurrentWorldToCustomRules	v8@0:4
0x00a0d0e0	MainMenuUI	instance	renameCurrentWorld:	v12@0:4@8
0x00a0d1e4	MainMenuUI	instance	hostLANGameInCurrentWorld	v8@0:4
0x00a0d488	MainMenuUI	instance	startWorldLoadingWithName:worldSize:isGenerating:	v20@0:4@8i12c16
0x00a0d9c8	MainMenuUI	instance	isLoading	c8@0:4
0x00a0da04	MainMenuUI	instance	setProgress:	v12@0:4f8
0x00a0da84	MainMenuUI	instance	multiplayerGameSelectCancelled	v8@0:4
0x00a0dac4	MainMenuUI	instance	selectJoinOption	v8@0:4
0x00a0dca0	MainMenuUI	instance	gameLaunchedWithUrlToJoinHost:port:	v16@0:4@8@12
0x00a0de90	MainMenuUI	instance	gameLaunchedWithUrlToJoinCloudWorldWithID:name:	v16@0:4@8@12
0x00a0e080	MainMenuUI	instance	timeCrystalButton:	v12@0:4@8
0x00a0e0d8	MainMenuUI	instance	settingsButton:	v12@0:4@8
0x00a0e218	MainMenuUI	instance	moreGamesButton:	v12@0:4@8
0x00a0e29c	MainMenuUI	instance	willShowMoreGames	v8@0:4
0x00a0e2b0	MainMenuUI	instance	didDismissMoreGames	v8@0:4
0x00a0e2c4	MainMenuUI	instance	showTimeCrystalPurcahseUI:	v12@0:4i8
0x00a0e40c	MainMenuUI	instance	crystalCountChanged:	v12@0:4c8
0x00a0ef0c	MainMenuUI	instance	iapStarted	v8@0:4
0x00a0ef70	MainMenuUI	instance	iapCancelled	v8@0:4
0x00a0f024	MainMenuUI	instance	iapCompleted	v8@0:4
0x00a0f088	MainMenuUI	instance	timeCrystalCloseButtonTapped	v8@0:4
0x00a0f0c8	MainMenuUI	instance	startIncentivizedVideo	v8@0:4
0x00a0f12c	MainMenuUI	instance	incentivizedVideoViewComplete:	v12@0:4c8
0x00a0f1a8	MainMenuUI	instance	startImagePickerWithDelegate:forRect:cropSize:	v36@0:4@8{CGRect={CGPoint=ff}{CGSize=ff}}12{CGSize=ff}28
0x00a0f288	MainMenuUI	instance	createWorldImmediately	v8@0:4
0x00a0f314	MainMenuUI	instance	cloudWorldWasCreatedWithID:worldName:userName:userPhoto:timeSelection:	v28@0:4@8@12@16@20i24
0x00a0f3fc	MainMenuUI	instance	shareURL:message:fromRect:	v32@0:4@8@12{CGRect={CGPoint=ff}{CGSize=ff}}16
0x00a0f4c8	MainMenuUI	instance	presentAddCreditUIForWorldWithName:worldID:currentCredit:	v20@0:4@8@12f16
0x00a0fbd4	MainMenuUI	instance	dismissAddCreditUI	v8@0:4
0x00a0fc14	MainMenuUI	instance	isPauseMenu	c8@0:4
0x00a0fc30	MainMenuUI	instance	cloudTopupSucceeded:	v12@0:4f8
0x00a0fc4c	MainMenuUI	instance	cloudTopupFailed:	v12@0:4i8
0x00a0fc64	MainMenuUI	instance	canDisplayAd	c8@0:4
0x00a0fd68	MainMenuUI	instance	hasRewardedVideoAvailable	c8@0:4
0x00a0fdd0	MainMenuUI	instance	IAPForWorldCreationOrTopupSucceeeded:transactionID:	v16@0:4@8@12
0x00a0fee0	MainMenuUI	instance	appDatabase	@8@0:4
0x00a0ff44	MainMenuUI	instance	cloudInterface	@8@0:4
0x00a0ff80	MainMenuUI	instance	doubleTimeUnlocked	c8@0:4
0x00a10070	MainMenuUI	instance	dismissOptions	v8@0:4
0x00a100b0	MainMenuUI	instance	doubleTimeRestoreTapped	v8@0:4
0x00a10174	MainMenuUI	instance	showGDPRAlert	v8@0:4
0x00a101d8	MainMenuUI	instance	attemptingToConnectToWorld	c8@0:4
0x00a10214	MainMenuUI	instance	currentMainMenuSelection	i8@0:4
0x00a10250	MainMenuUI	instance	loadWorldUI	@8@0:4
0x00a10294	MainMenuUI	instance	createWorldUI	@8@0:4
0x00a102d8	MainMenuUI	instance	joinWorldUI	@8@0:4
0x00a1031c	MainMenuUI	instance	tcUI	@8@0:4
0x00a10360	MainMenuUI	instance	.cxx_construct	@8@0:4
0x00a19c0c	WorldHelper	class	recursivelyUpdateSunLightWithList:openIndices:world:	v20@0:4@8@12@16
0x00a1b7d4	WorldHelper	class	updateSunLightForTile:atPos:world:	v24@0:4^{Tile=CCCCCCCCCCCCCSSSsCISSSSSQ[8S]}8{?=ii}12@20
0x00a1bd10	WorldHelper	class	recursivelyRemoveAllSunLightWithList:openIndices:lightWasRemovedList:removeIndices:world:minx:maxX:	v36@0:4@8@12@16@20@24i28i32
0x00a1c680	WorldHelper	class	updateSunLightRemovedForTile:atPos:world:	v24@0:4^{Tile=CCCCCCCCCCCCCSSSsCISSSSSQ[8S]}8{?=ii}12@20
0x00a1ca64	WorldHelper	class	recalculateLightingForPhysicalBlockIfNeeded:world:clientLightBlockIndex:forBlockhead:	v24@0:4^{PhysicalBlock=ii^{Tile}cCdII[32*][32C]}8@12i16@20
0x00a1d730	WorldHelper	class	reloadDrawBlock:world:waterAnimationIndex:slowAnimationIndex:mapPixelData:skyPixelData:	*32@0:4^{DrawBlock=ii[15[3*]][15[3i]]cI*ccciiic^fi^fic^fic^fi^fic^fic^fic^fi^fi{vector<BlockParticleEmitter, std::__1::allocator<BlockParticleEmitter> >=^{BlockParticleEmitter}^{BlockParticleEmitter}{__compressed_pair<BlockParticleEmitter *, std::__1::allocator<BlockParticleEmitter> >=^{BlockParticleEmitter}}}}8@12i16i20@24@28
0x00a31914	WorldHelper	class	reasignDrawBlock:toXPos:yPos:world:	v24@0:4^{DrawBlock=ii[15[3*]][15[3i]]cI*ccciiic^fi^fic^fic^fi^fic^fic^fic^fi^fi{vector<BlockParticleEmitter, std::__1::allocator<BlockParticleEmitter> >=^{BlockParticleEmitter}^{BlockParticleEmitter}{__compressed_pair<BlockParticleEmitter *, std::__1::allocator<BlockParticleEmitter> >=^{BlockParticleEmitter}}}}8i12i16@20
0x00a31da4	WorldHelper	class	checkIfMacroTileCanBeDecommissioned:world:minAge:blockToSavePhyscialBlock:	c28@0:4^{MacroTile=CCC^{PhysicalBlock}^{DrawBlock}@f}8@12d16c24
0x00a329f4	WorldHelper	class	clientMacroTileRequestCanBeCancelledAtMacroPos:world:	c20@0:4{?=ii}8@16
0x00a346c0	OwnershipSign	instance	updateText	v8@0:4
0x00a348e8	OwnershipSign	instance	objectType	i8@0:4
0x00a34904	OwnershipSign	instance	initWithWorld:dynamicWorld:atPosition:cache:item:flipped:saveDict:placedByClient:clientName:	@48@0:4@8@12{?=ii}16@24@28c32@36@40@44
0x00a34afc	OwnershipSign	instance	interactionObjectType	S8@0:4
0x00a34b18	OwnershipSign	instance	initWithWorld:dynamicWorld:saveDict:cache:	@24@0:4@8@12@16@20
0x00a35098	OwnershipSign	instance	initWithWorld:dynamicWorld:cache:netData:	@24@0:4@8@12@16@20
0x00a358c8	OwnershipSign	instance	isSignSubclass	c8@0:4
0x00a358e4	OwnershipSign	instance	getSaveDict	@8@0:4
0x00a35c0c	OwnershipSign	instance	dealloc	v8@0:4
0x00a35d0c	OwnershipSign	instance	netDataExtraDataDict	@8@0:4
0x00a3603c	OwnershipSign	instance	loadRemoteUpdateDataDict:	v12@0:4@8
0x00a3668c	OwnershipSign	instance	destroyItemType	i8@0:4
0x00a366a8	OwnershipSign	instance	title	@8@0:4
0x00a366d8	OwnershipSign	instance	actionTitle	@8@0:4
0x00a36708	OwnershipSign	instance	interactionRenderItemType	i8@0:4
0x00a36724	OwnershipSign	instance	isPaintable	c8@0:4
0x00a36740	OwnershipSign	instance	landOwnerID	@8@0:4
0x00a3677c	OwnershipSign	instance	landOwnerName	@8@0:4
0x00a367b8	OwnershipSign	instance	setLandOwnerID:name:	v16@0:4@8@12
0x00a36b28	OwnershipSign	instance	canBeUsedByBlockhead:	c12@0:4@8
0x00a36bf4	OwnershipSign	instance	setNeedsRemoved:	v12@0:4c8
0x00a36d88	OwnershipSign	instance	occupiesForegroundContents	c8@0:4
0x00a36da4	OwnershipSign	instance	widthRadius	i8@0:4
0x00a36de0	OwnershipSign	instance	heightRadius	i8@0:4
0x00a36e1c	OwnershipSign	instance	setWidthRadius:	v12@0:4i8
0x00a37050	OwnershipSign	instance	setHeightRadius:	v12@0:4i8
0x00a37550	TrainCar	instance	loadDerivedStuff	v8@0:4
0x00a385f8	TrainCar	instance	objectType	i8@0:4
0x00a38614	TrainCar	instance	initWithWorld:dynamicWorld:atPosition:cache:saveDict:placedByClient:	@36@0:4@8@12{?=ii}16@24@28@32
0x00a3892c	TrainCar	instance	initWithWorld:dynamicWorld:saveDict:cache:	@24@0:4@8@12@16@20
0x00a38ed8	TrainCar	instance	initWithWorld:dynamicWorld:cache:netData:	@24@0:4@8@12@16@20
0x00a390cc	TrainCar	instance	blockheadsLoaded	v8@0:4
0x00a394b0	TrainCar	instance	getSaveDict	@8@0:4
0x00a39d64	TrainCar	instance	freeBlockCreationSaveDict	@8@0:4
0x00a39db0	TrainCar	instance	trainCarCreationNetData	{TrainCarCreationNetData={DynamicObjectNetData=QIIC[7C]}QQQQQfffffffffC[3C]}8@0:4
0x00a3a26c	TrainCar	instance	creationNetDataForClient:	@12@0:4@8
0x00a3a34c	TrainCar	instance	updateNetDataForClient:	@12@0:4@8
0x00a3a3a0	TrainCar	instance	dealloc	v8@0:4
0x00a3a5d8	TrainCar	instance	remoteUpdate:	v12@0:4@8
0x00a3c13c	TrainCar	instance	blockheadCanRide:usingItem:	c16@0:4@8i12
0x00a3c264	TrainCar	instance	updatePosition:	v16@0:4{?=ii}8
0x00a3c488	TrainCar	instance	update:accurateDT:isSimulation:	v20@0:4f8f12c16
0x00a3ca44	TrainCar	instance	draw:projectionMatrix:modelViewMatrix:cameraMinXWorld:cameraMaxXWorld:cameraMinYWorld:cameraMaxYWorld:	v156@0:4f8(_GLKMatrix4={?=ffffffffffffffff}[16f])12(_GLKMatrix4={?=ffffffffffffffff}[16f])76i140i144i148i152
0x00a3cc6c	TrainCar	instance	maxHealth	S8@0:4
0x00a3cc88	TrainCar	instance	renderPos	{Vector2=[2f]}8@0:4
0x00a3cd00	TrainCar	instance	riderPosForBlockhead:	{Vector=[4f]}12@0:4@8
0x00a3cd28	TrainCar	instance	riderBodyMatrixForBlockhead:cameraX:	(_GLKMatrix4={?=ffffffffffffffff}[16f])16@0:4@8f12
0x00a3cd78	TrainCar	instance	setTargetVelocity:	v16@0:4{Vector2=[2f]}8
0x00a3cd94	TrainCar	instance	riderDPadShouldGiveDiscreteValues	c8@0:4
0x00a3cdb0	TrainCar	instance	addRider:	v12@0:4@8
0x00a3d384	TrainCar	instance	removeRider:	v12@0:4@8
0x00a3d5ec	TrainCar	instance	swipeUpGesture	v8@0:4
0x00a3d600	TrainCar	instance	riderBodyYRotationForBlockhead:	f12@0:4@8
0x00a3d630	TrainCar	instance	cameraPosForBlockhead:	{Vector2=[2f]}12@0:4@8
0x00a3d6bc	TrainCar	instance	worldChanged:	v12@0:4^{vector<intpair, std::__1::allocator<intpair> >=^{?}^{?}{__compressed_pair<intpair *, std::__1::allocator<intpair> >=^{?}}}8
0x00a3db70	TrainCar	instance	actionTitle	@8@0:4
0x00a3dba0	TrainCar	instance	isDoubleHeight	c8@0:4
0x00a3dbbc	TrainCar	instance	freeblockCreationItemType	i8@0:4
0x00a3dc08	TrainCar	instance	tapIsWithinBodyRadius:	c16@0:4{Vector2=[2f]}8
0x00a3dff8	TrainCar	instance	setNeedsRemoved:	v12@0:4c8
0x00a3e180	TrainCar	instance	jumpsOnSwipe	c8@0:4
0x00a3e19c	TrainCar	instance	rideDirection	i8@0:4
0x00a3e1b8	TrainCar	instance	riderBodyZRotation	f8@0:4
0x00a3e1e4	TrainCar	instance	riderAnimationTimer	f8@0:4
0x00a3e210	TrainCar	instance	itemType	i8@0:4
0x00a3e22c	TrainCar	instance	requiresFuel	c8@0:4
0x00a3e248	TrainCar	instance	setPaused:	v12@0:4c8
0x00a3e260	TrainCar	instance	isEngine	c8@0:4
0x00a3e27c	TrainCar	instance	leftWheelPos	{Vector2=[2f]}8@0:4
0x00a3e2c4	TrainCar	instance	rightWheelPos	{Vector2=[2f]}8@0:4
0x00a3e30c	TrainCar	instance	setRightCar:	v12@0:4@8
0x00a3e454	TrainCar	instance	setLeftCar:	v12@0:4@8
0x00a3e59c	TrainCar	instance	leftCar	@8@0:4
0x00a3e5d8	TrainCar	instance	rightCar	@8@0:4
0x00a3e614	TrainCar	instance	engineCar	@8@0:4
0x00a3e6a4	TrainCar	instance	setEngineCar:	v12@0:4@8
0x00a3eb0c	TrainCar	instance	actsAsInteractionObject	@8@0:4
0x00a3eb28	TrainCar	instance	maxNumberOfRiders	i8@0:4
0x00a3eb44	TrainCar	instance	railOrStationNameChanged	v8@0:4
0x00a3eb58	TrainCar	instance	blockheadUnloaded:	v12@0:4@8
0x00a3ecac	TrainCar	instance	removeFromMacroBlock	v8@0:4
0x00a3ed50	TrainCar	instance	cleanup	v8@0:4
0x00a3ef44	TrainCar	instance	connectsToOtherCars	c8@0:4
0x00a3ef60	TrainCar	instance	riderDPadShouldAllowUpDown	c8@0:4
0x00a3ef7c	TrainCar	instance	.cxx_construct	@8@0:4
0x00a3f1d0	FreightCar	instance	loadDerivedStuff	v8@0:4
0x00a3f85c	FreightCar	instance	objectType	i8@0:4
0x00a3f878	FreightCar	instance	initWithWorld:dynamicWorld:atPosition:cache:saveDict:placedByClient:	@36@0:4@8@12{?=ii}16@24@28@32
0x00a403e8	FreightCar	instance	initWithWorld:dynamicWorld:saveDict:chestSaveDict:cache:	@28@0:4@8@12@16@20@24
0x00a40600	FreightCar	instance	initWithWorld:dynamicWorld:cache:netData:	@24@0:4@8@12@16@20
0x00a40940	FreightCar	instance	getSaveDict	@8@0:4
0x00a409bc	FreightCar	instance	getChestSaveDict	@8@0:4
0x00a40a20	FreightCar	instance	freeBlockCreationSaveDict	@8@0:4
0x00a40b0c	FreightCar	instance	creationNetDataForClient:	@12@0:4@8
0x00a40f98	FreightCar	instance	updateNetDataForClient:	@12@0:4@8
0x00a41294	FreightCar	instance	dealloc	v8@0:4
0x00a4144c	FreightCar	instance	updatePosition:	v16@0:4{?=ii}8
0x00a41530	FreightCar	instance	remoteUpdate:	v12@0:4@8
0x00a41860	FreightCar	instance	update:accurateDT:isSimulation:	v20@0:4f8f12c16
0x00a456d0	FreightCar	instance	draw:projectionMatrix:modelViewMatrix:cameraMinXWorld:cameraMaxXWorld:cameraMinYWorld:cameraMaxYWorld:	v156@0:4f8(_GLKMatrix4={?=ffffffffffffffff}[16f])12(_GLKMatrix4={?=ffffffffffffffff}[16f])76i140i144i148i152
0x00a4cfc8	FreightCar	instance	renderPos	{Vector2=[2f]}8@0:4
0x00a4d73c	FreightCar	instance	cameraPos	{Vector2=[2f]}8@0:4
0x00a4d7c4	FreightCar	instance	setTargetVelocity:	v16@0:4{Vector2=[2f]}8
0x00a4d7e0	FreightCar	instance	itemType	i8@0:4
0x00a4d7fc	FreightCar	instance	actionTitle	@8@0:4
0x00a4d82c	FreightCar	instance	blockheadCanRide:usingItem:	c16@0:4@8i12
0x00a4d850	FreightCar	instance	tapIsWithinBodyRadius:	c16@0:4{Vector2=[2f]}8
0x00a4e0f8	FreightCar	instance	actsAsInteractionObject	@8@0:4
0x00a4e134	FreightCar	instance	childNeedsSaving:	v12@0:4@8
0x00a4e238	FreightCar	instance	blockheadsLoaded	v8@0:4
0x00a4e2f0	FreightCar	instance	setUpdateNeedsToBeSent:	v12@0:4c8
0x00a4e3dc	FreightCar	instance	updateNeedsToBeSent	c8@0:4
0x00a4e4d0	FreightCar	instance	requiresHumanInteraction	c8@0:4
0x00a4e4ec	FreightCar	instance	setNeedsRemoved:	v12@0:4c8
0x00a4e604	FreightCar	instance	needsChestSave	c8@0:4
0x00a4e640	FreightCar	instance	setNeedsChestSave:	v12@0:4c8
0x00a4ec70	HandCar	instance	loadDerivedStuff	v8@0:4
0x00a4f438	HandCar	instance	objectType	i8@0:4
0x00a4f454	HandCar	instance	initWithWorld:dynamicWorld:atPosition:cache:saveDict:placedByClient:	@36@0:4@8@12{?=ii}16@24@28@32
0x00a4f564	HandCar	instance	initWithWorld:dynamicWorld:saveDict:cache:	@24@0:4@8@12@16@20
0x00a4f654	HandCar	instance	initWithWorld:dynamicWorld:cache:netData:	@24@0:4@8@12@16@20
0x00a4f8d0	HandCar	instance	getSaveDict	@8@0:4
0x00a4f94c	HandCar	instance	creationNetDataForClient:	@12@0:4@8
0x00a4fd24	HandCar	instance	dealloc	v8@0:4
0x00a4fe94	HandCar	instance	remoteUpdate:	v12@0:4@8
0x00a4ff08	HandCar	instance	update:accurateDT:isSimulation:	v20@0:4f8f12c16
0x00a54498	HandCar	instance	draw:projectionMatrix:modelViewMatrix:cameraMinXWorld:cameraMaxXWorld:cameraMinYWorld:cameraMaxYWorld:	v156@0:4f8(_GLKMatrix4={?=ffffffffffffffff}[16f])12(_GLKMatrix4={?=ffffffffffffffff}[16f])76i140i144i148i152
0x00a5cbd4	HandCar	instance	renderPos	{Vector2=[2f]}8@0:4
0x00a5d058	HandCar	instance	cameraPosForBlockhead:	{Vector2=[2f]}12@0:4@8
0x00a5d268	HandCar	instance	riderPosForBlockhead:	{Vector=[4f]}12@0:4@8
0x00a5d7a8	HandCar	instance	riderBodyMatrixForBlockhead:cameraX:	(_GLKMatrix4={?=ffffffffffffffff}[16f])16@0:4@8f12
0x00a5ea6c	HandCar	instance	setTargetVelocity:	v16@0:4{Vector2=[2f]}8
0x00a5ead8	HandCar	instance	riderAnimationTimer	f8@0:4
0x00a5eb18	HandCar	instance	itemType	i8@0:4
0x00a5eb34	HandCar	instance	requiresFuel	c8@0:4
0x00a5eb50	HandCar	instance	maxNumberOfRiders	i8@0:4
0x00a5eb6c	HandCar	instance	removeRider:	v12@0:4@8
0x00a5ec34	HandCar	instance	connectsToOtherCars	c8@0:4
0x00a5ec50	HandCar	instance	.cxx_construct	@8@0:4
0x00a5f3c4	MJSegmentedControl	instance	createTitlesWithColor:	v24@0:4{MJColor=ffff}8
0x00a5f8f4	MJSegmentedControl	instance	updateTitles	v8@0:4
0x00a5fabc	MJSegmentedControl	instance	setEnabled:	v12@0:4c8
0x00a5fbbc	MJSegmentedControl	instance	setColor:	v24@0:4{MJColor=ffff}8
0x00a5fcb0	MJSegmentedControl	instance	initWithFrame:cache:windowInfo:titles:	@36@0:4{CGRect={CGPoint=ff}{CGSize=ff}}8@24^{WindowInfo=ffffffff}28@32
0x00a60004	MJSegmentedControl	instance	dealloc	v8@0:4
0x00a60138	MJSegmentedControl	instance	setTextureName:	v12@0:4@8
0x00a60230	MJSegmentedControl	instance	setHidden:	v12@0:4c8
0x00a602bc	MJSegmentedControl	instance	renderFrame:projectionMatrix:	v76@0:4f8(_GLKMatrix4={?=ffffffffffffffff}[16f])12
0x00a61b34	MJSegmentedControl	instance	selectItemAtIndex:	v12@0:4i8
0x00a61b78	MJSegmentedControl	instance	setFrame:	v24@0:4{CGRect={CGPoint=ff}{CGSize=ff}}8
0x00a61ebc	MJSegmentedControl	instance	endTouch:	v16@0:4{CGPoint=ff}8
0x00a6240c	MJSegmentedControl	instance	selectedIndex	i8@0:4
0x00a62448	MJSegmentedControl	instance	setTitleYOffset:	v12@0:4f8
0x00a624bc	MJSegmentedControl	instance	backgroundTexture	@8@0:4
0x00a624f8	MJSegmentedControl	instance	setBackgroundTexture:	v12@0:4@8
0x00a62544	MJSegmentedControl	instance	backgroundSelectedTexture	@8@0:4
0x00a62580	MJSegmentedControl	instance	setBackgroundSelectedTexture:	v12@0:4@8
0x00a62770	NoiseFunction	instance	initWithFrequencyX:frequencyY:frequencyZ:amplitude:seed:tileableX:tileableY:loop:persistance:	@52@0:4i8i12i16d20i28c32c36c40d44
0x00a63170	NoiseFunction	instance	initWithFrequencyX:frequencyY:frequencyZ:amplitude:seed:tileable:loop:persistance:	@48@0:4i8i12i16d20i28c32c36d40
0x00a6324c	NoiseFunction	instance	getX:Y:octaves:	d28@0:4d8d16i24
0x00a63500	NoiseFunction	instance	getX:Y:Z:octaves:	d36@0:4d8d16d24i32
0x00a6454c	NoiseFunction	instance	dealloc	v8@0:4
0x00a6532c	NormalPlant	instance	objectType	i8@0:4
0x00a65348	NormalPlant	instance	maxAgeBase	f8@0:4
0x00a65378	NormalPlant	instance	contentsType	i8@0:4
0x00a654f4	NormalPlant	instance	flowerContentsType	i8@0:4
0x00a65554	NormalPlant	instance	minAllowedTemperature	i8@0:4
0x00a65570	NormalPlant	instance	seedItemType	i8@0:4
0x00a6558c	NormalPlant	instance	folliageItemType	i8@0:4
0x00a655a8	NormalPlant	instance	renderImageType	i8@0:4
0x00a655c4	NormalPlant	instance	foodToRemoveWhenSpawningNPC	f8@0:4
0x00a655f4	NormalPlant	instance	floweringSeason:	c12@0:4i8
0x00a65614	NormalPlant	instance	canDieSeason:	c12@0:4i8
0x00a65634	NormalPlant	instance	npcSpawnType	i8@0:4
0x00a65650	NormalPlant	instance	emitsLight	c8@0:4
0x00a6566c	NormalPlant	instance	lightFactor	f8@0:4
0x00a65698	NormalPlant	instance	lightColor	{Vector=[4f]}8@0:4
0x00a656e4	NormalPlant	instance	initSubDerivedItems	v8@0:4
0x00a659a0	NormalPlant	instance	initWithWorld:dynamicWorld:atPosition:cache:maxAgeGene:growthRateGene:treeDensityNoiseFunction:seasonOffsetNoiseFunction:adultPlant:	@48@0:4@8@12{?=ii}16@24S28S32@36@40c44
0x00a66614	NormalPlant	instance	initWithWorld:dynamicWorld:saveDict:cache:treeDensityNoiseFunction:seasonOffsetNoiseFunction:	@32@0:4@8@12@16@20@24@28
0x00a66a78	NormalPlant	instance	initWithWorld:dynamicWorld:cache:netData:	@24@0:4@8@12@16@20
0x00a66b94	NormalPlant	instance	dealloc	v8@0:4
0x00a66c7c	NormalPlant	instance	setNeedsRemoved:	v12@0:4c8
0x00a66e14	NormalPlant	instance	getSaveDict	@8@0:4
0x00a67034	NormalPlant	instance	setFlowering:	v12@0:4c8
0x00a672d0	NormalPlant	instance	remoteUpdate:	v12@0:4@8
0x00a67414	NormalPlant	instance	lightGlowQuadCount	i8@0:4
0x00a674cc	NormalPlant	instance	addLightGlowQuadData:fromIndex:	i16@0:4^f8i12
0x00a675a0	NormalPlant	instance	update:accurateDT:isSimulation:	v20@0:4f8f12c16
0x00a690c0	NormalPlant	instance	tileIsKindOfSelf:	c12@0:4^{Tile=CCCCCCCCCCCCCSSSsCISSSSSQ[8S]}8
0x00a691a0	NormalPlant	instance	tileHarvested:removeBlockhead:correctToolMultiplier:	i24@0:4{?=ii}8@16i20
0x00a69888	NormalPlant	instance	numberOfOccupiedTilesAbove	i8@0:4
0x00a698e0	NormalPlant	instance	droppedItemType	i8@0:4
0x00a699d8	NormalPlant	instance	staticGeometryDrawQuadCountForMacroPos:	i16@0:4{?=ii}8
0x00a69a00	NormalPlant	instance	addDrawQuadData:fromIndex:forMacroPos:	i24@0:4^f8i12{?=ii}16
0x00a69f60	NormalPlant	instance	removeFromMacroBlock	v8@0:4
0x00a6a180	NormalPlant	instance	addArtificialLightContributionForPhysicalBlockLoadedAtXPos:yPos:	v16@0:4i8i12
0x00a6a1f4	NormalPlant	instance	availableFood	f8@0:4
0x00a6a23c	NormalPlant	instance	setAvailableFood:	v12@0:4f8
0x00a6a3e8	Dodo	instance	npcType	i8@0:4
0x00a6a404	Dodo	instance	maxAge	f8@0:4
0x00a6a434	Dodo	instance	speciesName	@8@0:4
0x00a6a464	Dodo	instance	foodItemType	i8@0:4
0x00a6a480	Dodo	instance	capturedItemType	i8@0:4
0x00a6a49c	Dodo	instance	captureRequiredItemType	i8@0:4
0x00a6a4b8	Dodo	instance	getNamesArray	^@8@0:4
0x00a6a4e8	Dodo	instance	getNamesArrayCount	i8@0:4
0x00a6a508	Dodo	instance	loadDerivedStuff	v8@0:4
0x00a6b664	Dodo	instance	initWithWorld:dynamicWorld:atPosition:cache:saveDict:isAdult:wasPlaced:placedByClient:	@44@0:4@8@12{?=ii}16@24@28c32c36@40
0x00a6b7dc	Dodo	instance	initWithWorld:dynamicWorld:saveDict:cache:	@24@0:4@8@12@16@20
0x00a6b904	Dodo	instance	initWithWorld:dynamicWorld:cache:netData:	@24@0:4@8@12@16@20
0x00a6bb04	Dodo	instance	getSaveDict	@8@0:4
0x00a6bb80	Dodo	instance	dodoUpdateNetDataForClient:	{DodoUpdateNetData={NPCUpdateNetData={DynamicObjectNetData=QIIC[7C]}}IIscc[3c]}12@0:4@8
0x00a6bd3c	Dodo	instance	creationNetDataForClient:	@12@0:4@8
0x00a6bf48	Dodo	instance	updateNetDataForClient:	@12@0:4@8
0x00a6c034	Dodo	instance	dealloc	v8@0:4
0x00a6c1d8	Dodo	instance	doRemoteUpdate:	v48@0:4{DodoUpdateNetData={NPCUpdateNetData={DynamicObjectNetData=QIIC[7C]}}IIscc[3c]}8
0x00a6c590	Dodo	instance	remoteUpdate:	v12@0:4@8
0x00a6c724	Dodo	instance	remoteCreationDataUpdate:	v12@0:4@8
0x00a6c88c	Dodo	instance	creationDataStructSize	L8@0:4
0x00a6c8a8	Dodo	instance	getRandomDirection	i8@0:4
0x00a6c940	Dodo	instance	draw:projectionMatrix:modelViewMatrix:cameraMinXWorld:cameraMaxXWorld:cameraMinYWorld:cameraMaxYWorld:	v156@0:4f8(_GLKMatrix4={?=ffffffffffffffff}[16f])12(_GLKMatrix4={?=ffffffffffffffff}[16f])76i140i144i148i152
0x00a76fc8	Dodo	instance	die:	v12@0:4@8
0x00a77280	Dodo	instance	jumpAndCluck	v8@0:4
0x00a776ec	Dodo	instance	createItemDropsForDeath	v8@0:4
0x00a781c8	Dodo	instance	update:accurateDT:isSimulation:	v20@0:4f8f12c16
0x00a7f11c	Dodo	instance	maxHealth	S8@0:4
0x00a7f138	Dodo	instance	tapIsWithinBodyRadius:	c16@0:4{Vector2=[2f]}8
0x00a7f56c	Dodo	instance	reactToBeingHit	v8@0:4
0x00a7f76c	Dodo	instance	hitWithForce:blockhead:	v16@0:4i8@12
0x00a7f8f8	Dodo	instance	renderPos	{Vector2=[2f]}8@0:4
0x00a7f98c	Dodo	instance	reactToBeingFed	v8@0:4
0x00a7fd68	Dodo	instance	successfulTame	v8@0:4
0x00a7ff88	Dodo	instance	breedString	@8@0:4
0x00a80094	Dodo	instance	canBeCapturedByBlockhead:withItemType:	c16@0:4@8i12
0x00a80178	Dodo	instance	cantBeCapturedTipStringForBlockhead:withItemType:	@16@0:4@8i12
0x00a802e0	Dodo	instance	riderPosForBlockhead:	{Vector=[4f]}12@0:4@8
0x00a803d4	Dodo	instance	cameraPosForBlockhead:	{Vector2=[2f]}12@0:4@8
0x00a80438	Dodo	instance	riderBodyYRotationForBlockhead:	f12@0:4@8
0x00a8047c	Dodo	instance	setTargetVelocity:	v16@0:4{Vector2=[2f]}8
0x00a804e0	Dodo	instance	rideDirection	i8@0:4
0x00a805c8	Dodo	instance	addRider:	v12@0:4@8
0x00a80738	Dodo	instance	removeRider:	v12@0:4@8
0x00a80814	Dodo	instance	blockheadCanRide:usingItem:	c16@0:4@8i12
0x00a8098c	Dodo	instance	jumpsOnSwipe	c8@0:4
0x00a809a8	Dodo	instance	blockheadUnloaded:	v12@0:4@8
0x00a80a84	Dodo	instance	riderRidesWithArmsDown	c8@0:4
0x00a80aa0	Dodo	instance	.cxx_construct	@8@0:4
0x00a810d0	TradePortalUI	instance	loadResources	v8@0:4
0x00a819d8	TradePortalUI	instance	initWithWorld:windowInfo:cache:	@20@0:4@8^{WindowInfo=ffffffff}12@16
0x00a81af0	TradePortalUI	instance	dealloc	v8@0:4
0x00a81efc	TradePortalUI	instance	updateUpgradeSelection	v8@0:4
0x00a890a4	TradePortalUI	instance	updateSelection	v8@0:4
0x00a8978c	TradePortalUI	instance	showGraphForItem:	v12@0:4i8
0x00a89950	TradePortalUI	instance	dismissGraphView	v8@0:4
0x00a899dc	TradePortalUI	instance	setTradePortal:blockhead:	v16@0:4@8@12
0x00a89dd8	TradePortalUI	instance	updatedPricesReceived	v8@0:4
0x00a89e24	TradePortalUI	instance	blockheadInventoryChanged	v8@0:4
0x00a89f04	TradePortalUI	instance	windowInfoChanged:	v12@0:4^{WindowInfo=ffffffff}8
0x00a8a028	TradePortalUI	instance	render:translation:pinchScale:	v24@0:4f8{Vector2=[2f]}12f20
0x00a8d26c	TradePortalUI	instance	touchIsInViewAtAll:	c16@0:4{CGPoint=ff}8
0x00a8d3e8	TradePortalUI	instance	touchIsInUI:	c16@0:4{CGPoint=ff}8
0x00a8d724	TradePortalUI	instance	startTouch:tapCount:	c20@0:4{CGPoint=ff}8i16
0x00a8da68	TradePortalUI	instance	moveTouch:	v16@0:4{CGPoint=ff}8
0x00a8dcc0	TradePortalUI	instance	endTouch:	v16@0:4{CGPoint=ff}8
0x00a8df18	TradePortalUI	instance	center:	{Vector2=[2f]}12@0:4f8
0x00a8dff4	TradePortalUI	instance	dimensions	{Vector2=[2f]}8@0:4
0x00a8e040	TradePortalUI	instance	upgradeButton:	v12@0:4@8
0x00a8e0fc	TradePortalUI	instance	stopBlockheadInteractingWhenDismissed	c8@0:4
0x00a8e118	TradePortalUI	instance	tradePortal	@8@0:4
0x00a8e15c	TradePortalUI	instance	.cxx_construct	@8@0:4
0x00a8e4a4	GKImageCropOverlayView	instance	initWithFrame:	@24@0:4{CGRect={CGPoint=ff}{CGSize=ff}}8
0x00a8e624	GKImageCropOverlayView	instance	drawRect:	v24@0:4{CGRect={CGPoint=ff}{CGSize=ff}}8
0x00a8f0a4	GKImageCropOverlayView	instance	cropSize	{CGSize=ff}8@0:4
0x00a8f0ec	GKImageCropOverlayView	instance	setCropSize:	v16@0:4{CGSize=ff}8
0x00a8f140	GKImageCropOverlayView	instance	toolbar	@8@0:4
0x00a8f17c	GKImageCropOverlayView	instance	setToolbar:	v12@0:4@8
0x00a8f22c	ArtificialLight	instance	recursivelyUpdateLightWithList:	v12@0:4^{list<unsigned int, std::__1::allocator<unsigned int> >={__list_node_base<unsigned int, void *>=^{__list_node<unsigned int, void *>}^{__list_node<unsigned int, void *>}}{__compressed_pair<unsigned long, std::__1::allocator<std::__1::__list_node<unsigned int, void *> > >=L}}8
0x00a92238	ArtificialLight	instance	addToTiles	v8@0:4
0x00a93198	ArtificialLight	instance	removeFromTiles	v8@0:4
0x00a93728	ArtificialLight	instance	objectType	i8@0:4
0x00a93744	ArtificialLight	instance	initWithWorld:dynamicWorld:atPosition:cache:parentObject:colorR:colorG:colorB:heat:radius:lightDirection:	@56@0:4@8@12{?=ii}16@24@28i32i36i40i44i48i52
0x00a93bbc	ArtificialLight	instance	lightColor	{Vector=[4f]}8@0:4
0x00a93c64	ArtificialLight	instance	initWithWorld:dynamicWorld:saveDict:cache:parentObject:	@28@0:4@8@12@16@20@24
0x00a942d4	ArtificialLight	instance	getSaveDict	@8@0:4
0x00a947ac	ArtificialLight	instance	dealloc	v8@0:4
0x00a94898	ArtificialLight	instance	worldChanged:	v12@0:4^{vector<intpair, std::__1::allocator<intpair> >=^{?}^{?}{__compressed_pair<intpair *, std::__1::allocator<intpair> >=^{?}}}8
0x00a9519c	ArtificialLight	instance	removeFromMacroBlock	v8@0:4
0x00a95248	ArtificialLight	instance	addContributionForPhysicalBlockLoadedAtXPos:yPos:	v16@0:4i8i12
0x00a958bc	ArtificialLight	instance	.cxx_construct	@8@0:4
0x00a95bd8	OrangeTree	instance	objectType	i8@0:4
0x00a95bf4	OrangeTree	instance	fruitItemType	i8@0:4
0x00a95c10	OrangeTree	instance	fruitShouldFallInSeason:	c12@0:4i8
0x00a95c40	OrangeTree	instance	initWithWorld:dynamicWorld:atPosition:cache:maxHeight:growthRate:treeDensityNoiseFunction:seasonOffsetNoiseFunction:adultTree:adultMaxAge:	@52@0:4@8@12{?=ii}16@24s28s32@36@40c44f48
0x00a96604	OrangeTree	instance	initWithWorld:dynamicWorld:saveDict:cache:treeDensityNoiseFunction:seasonOffsetNoiseFunction:	@32@0:4@8@12@16@20@24@28
0x00a966fc	OrangeTree	instance	getSaveDict	@8@0:4
0x00a96778	OrangeTree	instance	updateGrowth:	v12@0:4c8
0x00a98648	OrangeTree	instance	update:accurateDT:isSimulation:	v20@0:4f8f12c16
0x00a98d70	OrangeTree	instance	makeTileDead:	v12@0:4^{Tile=CCCCCCCCCCCCCSSSsCISSSSSQ[8S]}8
0x00a98dd8	OrangeTree	instance	treeType	i8@0:4
0x00a98df4	OrangeTree	instance	tileIsKindOfSelf:	c12@0:4^{Tile=CCCCCCCCCCCCCSSSsCISSSSSQ[8S]}8
0x00a98ff0	CoconutTree	instance	objectType	i8@0:4
0x00a9900c	CoconutTree	instance	fruitItemType	i8@0:4
0x00a99028	CoconutTree	instance	fruitShouldFallInSeason:	c12@0:4i8
0x00a990a0	CoconutTree	instance	initWithWorld:dynamicWorld:atPosition:cache:maxHeight:growthRate:treeDensityNoiseFunction:seasonOffsetNoiseFunction:adultTree:adultMaxAge:	@52@0:4@8@12{?=ii}16@24s28s32@36@40c44f48
0x00a99948	CoconutTree	instance	initWithWorld:dynamicWorld:saveDict:cache:treeDensityNoiseFunction:seasonOffsetNoiseFunction:	@32@0:4@8@12@16@20@24@28
0x00a99a40	CoconutTree	instance	loadSaveDictValues:	v12@0:4@8
0x00a99ab4	CoconutTree	instance	getSaveDict	@8@0:4
0x00a99b30	CoconutTree	instance	updateGrowth:	v12@0:4c8
0x00a9aa30	CoconutTree	instance	update:accurateDT:isSimulation:	v20@0:4f8f12c16
0x00a9b268	CoconutTree	instance	makeTileDead:	v12@0:4^{Tile=CCCCCCCCCCCCCSSSsCISSSSSQ[8S]}8
0x00a9b2d0	CoconutTree	instance	tileIsKindOfSelf:	c12@0:4^{Tile=CCCCCCCCCCCCCSSSsCISSSSSQ[8S]}8
0x00a9b36c	CoconutTree	instance	treeType	i8@0:4
0x00a9b388	CoconutTree	instance	isRequiredSoilType:	c12@0:4i8
0x00a9b550	ScrollView	instance	layoutSubviews	v8@0:4
0x00a9b818	GKImageCropView	instance	setImageToCrop:	v12@0:4@8
0x00a9b894	GKImageCropView	instance	imageToCrop	@8@0:4
0x00a9b908	GKImageCropView	instance	setCropSize:	v16@0:4{CGSize=ff}8
0x00a9bd84	GKImageCropView	instance	cropSize	{CGSize=ff}8@0:4
0x00a9be44	GKImageCropView	instance	croppedImage	@8@0:4
0x00a9cae4	GKImageCropView	instance	_orientationTransformedRectOfImage:	{CGAffineTransform=ffffff}12@0:4@8
0x00a9cf28	GKImageCropView	instance	initWithFrame:	@24@0:4{CGRect={CGPoint=ff}{CGSize=ff}}8
0x00a9da4c	GKImageCropView	instance	hitTest:withEvent:	@20@0:4{CGPoint=ff}8@16
0x00a9e2b8	GKImageCropView	instance	layoutSubviews	v8@0:4
0x00a9eb98	GKImageCropView	instance	viewForZoomingInScrollView:	@12@0:4@8
0x00a9ebe8	GKImageCropView	instance	scrollView	@8@0:4
0x00a9ec24	GKImageCropView	instance	setScrollView:	v12@0:4@8
0x00a9ec70	GKImageCropView	instance	imageView	@8@0:4
0x00a9ecac	GKImageCropView	instance	setImageView:	v12@0:4@8
0x00a9ecf8	GKImageCropView	instance	cropOverlayView	@8@0:4
0x00a9ed34	GKImageCropView	instance	setCropOverlayView:	v12@0:4@8
0x00a9ed80	GKImageCropView	instance	resizableCropArea	c8@0:4
0x00a9edbc	GKImageCropView	instance	setResizableCropArea:	v12@0:4c8
0x00a9ee00	GKImageCropView	instance	xOffset	f8@0:4
0x00a9ee3c	GKImageCropView	instance	setXOffset:	v12@0:4f8
0x00a9ee84	GKImageCropView	instance	yOffset	f8@0:4
0x00a9eec0	GKImageCropView	instance	setYOffset:	v12@0:4f8
0x00a9f0dc	Mirror	instance	objectType	i8@0:4
0x00a9f0f8	Mirror	instance	initSubDerivedItems	v8@0:4
0x00a9f28c	Mirror	instance	initWithWorld:dynamicWorld:atPosition:cache:item:flipped:saveDict:placedByClient:clientName:	@48@0:4@8@12{?=ii}16@24@28c32@36@40@44
0x00a9f434	Mirror	instance	initWithWorld:dynamicWorld:saveDict:cache:	@24@0:4@8@12@16@20
0x00a9f550	Mirror	instance	initWithWorld:dynamicWorld:cache:netData:	@24@0:4@8@12@16@20
0x00a9faa0	Mirror	instance	dealloc	v8@0:4
0x00a9fb0c	Mirror	instance	getSaveDict	@8@0:4
0x00a9fb88	Mirror	instance	updateNetDataForClient:	@12@0:4@8
0x00a9ffe8	Mirror	instance	creationNetDataForClient:	@12@0:4@8
0x00aa003c	Mirror	instance	remoteUpdate:	v12@0:4@8
0x00aa0314	Mirror	instance	interactionObjectType	S8@0:4
0x00aa0330	Mirror	instance	update:accurateDT:isSimulation:	v20@0:4f8f12c16
0x00aa0408	Mirror	instance	draw:projectionMatrix:modelViewMatrix:cameraMinXWorld:cameraMaxXWorld:cameraMinYWorld:cameraMaxYWorld:	v156@0:4f8(_GLKMatrix4={?=ffffffffffffffff}[16f])12(_GLKMatrix4={?=ffffffffffffffff}[16f])76i140i144i148i152
0x00aa0630	Mirror	instance	worldChanged:	v12@0:4^{vector<intpair, std::__1::allocator<intpair> >=^{?}^{?}{__compressed_pair<intpair *, std::__1::allocator<intpair> >=^{?}}}8
0x00aa0904	Mirror	instance	worldContentsChanged:	v12@0:4^{vector<intpair, std::__1::allocator<intpair> >=^{?}^{?}{__compressed_pair<intpair *, std::__1::allocator<intpair> >=^{?}}}8
0x00aa091c	Mirror	instance	freeblockCreationItemType	i8@0:4
0x00aa0938	Mirror	instance	freeBlockCreationSaveDict	@8@0:4
0x00aa0984	Mirror	instance	freeBlockCreationDataA	S8@0:4
0x00aa09a0	Mirror	instance	freeBlockCreationDataB	S8@0:4
0x00aa09bc	Mirror	instance	remove:	v12@0:4@8
0x00aa0d64	Mirror	instance	destroyItemType	i8@0:4
0x00aa0d80	Mirror	instance	isDoubleHeight	c8@0:4
0x00aa0d9c	Mirror	instance	title	@8@0:4
0x00aa0dcc	Mirror	instance	actionTitle	@8@0:4
0x00aa0e80	Mirror	instance	interactionRenderItemType	i8@0:4
0x00aa0e9c	Mirror	instance	occupiesNormalContents	c8@0:4
0x00aa0eb8	Mirror	instance	addDrawQuadData:fromIndex:forMacroPos:	i24@0:4^f8i12{?=ii}16
0x00aa1300	Mirror	instance	staticGeometryDrawQuadCountForMacroPos:	i16@0:4{?=ii}8
0x00aa1324	Mirror	instance	removeFromMacroBlock	v8@0:4
0x00aa142c	Mirror	instance	requiresHumanInteraction	c8@0:4
0x00aa16b0	DatabaseConvertor	instance	initWithWorld:worldDatabase:dynamicObjectDatabase:blockDatabase:lightBlockDatabase:serverDatabase:	@32@0:4@8@12@16@20@24@28
0x00aa2154	DatabaseConvertor	instance	dealloc	v8@0:4
0x00aa232c	DatabaseConvertor	instance	getNewLightBlockFiles	v8@0:4
0x00aa2eac	DatabaseConvertor	instance	getNewServerFiles	v8@0:4
0x00aa3d44	DatabaseConvertor	instance	safeDataWithContentsOfFile:	@12@0:4@8
0x00aa3e50	DatabaseConvertor	instance	convertLightBlocks	v8@0:4
0x00aa5174	DatabaseConvertor	instance	lightBlockMainThreadOperationReturned:	v12@0:4@8
0x00aa51b8	DatabaseConvertor	instance	convertWorld	v8@0:4
0x00aa6af8	DatabaseConvertor	instance	removeWorldFiles	v8@0:4
0x00aa6e00	DatabaseConvertor	instance	removeLightBlockFiles	v8@0:4
0x00aa7108	DatabaseConvertor	instance	migrationComplete	c8@0:4
0x00aa71c4	DatabaseConvertor	instance	worldMigrationComplete	c8@0:4
0x00aa7200	DatabaseConvertor	instance	lightBlockMigrationComplete	c8@0:4
0x00aa723c	DatabaseConvertor	instance	serverMigrationComplete	c8@0:4
0x00aa7448	Painting	instance	userMuteChanged:	v12@0:4@8
0x00aa74f4	Painting	instance	userBanChanged:isBanned:	v16@0:4@8c12
0x00aa7688	Painting	instance	updateTexture	v8@0:4
0x00aa7bdc	Painting	instance	initSubDerivedItems	v8@0:4
0x00aa7dc0	Painting	instance	initWithWorld:dynamicWorld:atPosition:cache:type:saveDict:placedByClient:clientName:	@44@0:4@8@12{?=ii}16@24i28@32@36@40
0x00aa81cc	Painting	instance	objectType	i8@0:4
0x00aa81e8	Painting	instance	initWithWorld:dynamicWorld:saveDict:cache:	@24@0:4@8@12@16@20
0x00aa8780	Painting	instance	initWithWorld:dynamicWorld:cache:netData:	@24@0:4@8@12@16@20
0x00aa8d08	Painting	instance	imageDataRecieved:	v12@0:4@8
0x00aa8fc8	Painting	instance	getSaveDict	@8@0:4
0x00aa9390	Painting	instance	updateNetDataForClient:	@12@0:4@8
0x00aa93e4	Painting	instance	creationNetDataForClient:	@12@0:4@8
0x00aa99b4	Painting	instance	dealloc	v8@0:4
0x00aa9b24	Painting	instance	remoteUpdate:	v12@0:4@8
0x00aa9d34	Painting	instance	draw:projectionMatrix:modelViewMatrix:cameraMinXWorld:cameraMaxXWorld:cameraMinYWorld:cameraMaxYWorld:	v156@0:4f8(_GLKMatrix4={?=ffffffffffffffff}[16f])12(_GLKMatrix4={?=ffffffffffffffff}[16f])76i140i144i148i152
0x00aacee8	Painting	instance	freeblockCreationItemType	i8@0:4
0x00aacf24	Painting	instance	freeBlockCreationSaveDict	@8@0:4
0x00aacf70	Painting	instance	freeBlockCreationDataA	S8@0:4
0x00aacf8c	Painting	instance	freeBlockCreationDataB	S8@0:4
0x00aacfa8	Painting	instance	worldChanged:	v12@0:4^{vector<intpair, std::__1::allocator<intpair> >=^{?}^{?}{__compressed_pair<intpair *, std::__1::allocator<intpair> >=^{?}}}8
0x00aad3b4	Painting	instance	removeFromMacroBlock	v8@0:4
0x00aad4bc	Painting	instance	actionTitle	@8@0:4
0x00aad4d8	Painting	instance	isDoubleHeight	c8@0:4
0x00aad4f4	Painting	instance	occupiesForegroundContents	c8@0:4
0x00aad510	Painting	instance	itemType	i8@0:4
0x00aad54c	Painting	instance	setItemType:	v12@0:4i8
0x00aad590	Painting	instance	imageData	@8@0:4
0x00aad5d4	Painting	instance	ownerName	@8@0:4
0x00aad8e4	Ladder	instance	initSubDerivedItems	v8@0:4
0x00aad98c	Ladder	instance	objectType	i8@0:4
0x00aad9a8	Ladder	instance	initWithWorld:dynamicWorld:atPosition:cache:type:saveDict:placedByClient:	@40@0:4@8@12{?=ii}16@24i28@32@36
0x00aadcd4	Ladder	instance	initWithWorld:dynamicWorld:saveDict:cache:	@24@0:4@8@12@16@20
0x00aadf74	Ladder	instance	initWithWorld:dynamicWorld:cache:netData:	@24@0:4@8@12@16@20
0x00aae2ac	Ladder	instance	getSaveDict	@8@0:4
0x00aae518	Ladder	instance	updateNetDataForClient:	@12@0:4@8
0x00aae56c	Ladder	instance	creationNetDataForClient:	@12@0:4@8
0x00aae9b0	Ladder	instance	dealloc	v8@0:4
0x00aaea74	Ladder	instance	draw:projectionMatrix:modelViewMatrix:cameraMinXWorld:cameraMaxXWorld:cameraMinYWorld:cameraMaxYWorld:	v156@0:4f8(_GLKMatrix4={?=ffffffffffffffff}[16f])12(_GLKMatrix4={?=ffffffffffffffff}[16f])76i140i144i148i152
0x00aaec9c	Ladder	instance	freeblockCreationItemType	i8@0:4
0x00aaecd8	Ladder	instance	freeBlockCreationSaveDict	@8@0:4
0x00aaed24	Ladder	instance	freeBlockCreationDataA	S8@0:4
0x00aaed40	Ladder	instance	freeBlockCreationDataB	S8@0:4
0x00aaed5c	Ladder	instance	worldChanged:	v12@0:4^{vector<intpair, std::__1::allocator<intpair> >=^{?}^{?}{__compressed_pair<intpair *, std::__1::allocator<intpair> >=^{?}}}8
0x00aaf15c	Ladder	instance	staticGeometryDrawQuadCountForMacroPos:	i16@0:4{?=ii}8
0x00aaf180	Ladder	instance	addDrawQuadData:fromIndex:forMacroPos:	i24@0:4^f8i12{?=ii}16
0x00aafc6c	Ladder	instance	removeFromMacroBlock	v8@0:4
0x00aafd74	Ladder	instance	paint:	v12@0:4S8
0x00aaff18	Ladder	instance	occupiesForegroundContents	c8@0:4
0x00ab0710	DonkeyLike	instance	loadDerivedStuff	v8@0:4
0x00ab0aa8	DonkeyLike	instance	foodPlantType	i8@0:4
0x00ab0ac4	DonkeyLike	instance	initWithWorld:dynamicWorld:atPosition:cache:saveDict:isAdult:wasPlaced:placedByClient:	@44@0:4@8@12{?=ii}16@24@28c32c36@40
0x00ab0c3c	DonkeyLike	instance	initWithWorld:dynamicWorld:saveDict:cache:	@24@0:4@8@12@16@20
0x00ab0d64	DonkeyLike	instance	initWithWorld:dynamicWorld:cache:netData:	@24@0:4@8@12@16@20
0x00ab0eb0	DonkeyLike	instance	donkeyLikeCreationNetDataForClient:	{DonkeyLikeCreationNetData={NPCCreationNetData={DynamicObjectNetData=QIIC[7C]}QQQSSCCCCssSsC[7C]}{DonkeyLikeUpdateNetData={NPCUpdateNetData={DynamicObjectNetData=QIIC[7C]}}sssCC}}12@0:4@8
0x00ab1008	DonkeyLike	instance	donkeyLikeUpdateNetDataForClient:	{DonkeyLikeUpdateNetData={NPCUpdateNetData={DynamicObjectNetData=QIIC[7C]}}sssCC}12@0:4@8
0x00ab11cc	DonkeyLike	instance	creationNetDataForClient:	@12@0:4@8
0x00ab12f0	DonkeyLike	instance	updateNetDataForClient:	@12@0:4@8
0x00ab13dc	DonkeyLike	instance	creationDataStructSize	L8@0:4
0x00ab13f8	DonkeyLike	instance	dealloc	v8@0:4
0x00ab14c4	DonkeyLike	instance	doDonkeyLikeRemoteUpdate:	v40@0:4{DonkeyLikeUpdateNetData={NPCUpdateNetData={DynamicObjectNetData=QIIC[7C]}}sssCC}8
0x00ab1d18	DonkeyLike	instance	remoteUpdate:	v12@0:4@8
0x00ab1e84	DonkeyLike	instance	remoteCreationDataUpdate:	v12@0:4@8
0x00ab1fc4	DonkeyLike	instance	blockheadCanRide:usingItem:	c16@0:4@8i12
0x00ab2130	DonkeyLike	instance	update:accurateDT:isSimulation:	v20@0:4f8f12c16
0x00ab9df8	DonkeyLike	instance	setupMatrices:dt:	v20@0:4{Vector2=[2f]}8f16
0x00abc508	DonkeyLike	instance	draw:projectionMatrix:modelViewMatrix:cameraMinXWorld:cameraMaxXWorld:cameraMinYWorld:cameraMaxYWorld:	v156@0:4f8(_GLKMatrix4={?=ffffffffffffffff}[16f])12(_GLKMatrix4={?=ffffffffffffffff}[16f])76i140i144i148i152
0x00ac2d08	DonkeyLike	instance	drawSubClassStuff:projectionMatrix:modelViewMatrix:	v140@0:4f8(_GLKMatrix4={?=ffffffffffffffff}[16f])12(_GLKMatrix4={?=ffffffffffffffff}[16f])76
0x00ac2ef0	DonkeyLike	instance	maxHealth	S8@0:4
0x00ac2f10	DonkeyLike	instance	tapIsWithinBodyRadius:	c16@0:4{Vector2=[2f]}8
0x00ac35ec	DonkeyLike	instance	die:	v12@0:4@8
0x00ac381c	DonkeyLike	instance	reactToBeingHit	v8@0:4
0x00ac398c	DonkeyLike	instance	hitWithForce:blockhead:	v16@0:4i8@12
0x00ac4260	DonkeyLike	instance	renderPos	{Vector2=[2f]}8@0:4
0x00ac42e0	DonkeyLike	instance	riderPosForBlockhead:	{Vector=[4f]}12@0:4@8
0x00ac43d4	DonkeyLike	instance	setTargetVelocity:	v16@0:4{Vector2=[2f]}8
0x00ac457c	DonkeyLike	instance	maxVelocity	f8@0:4
0x00ac45a8	DonkeyLike	instance	addRider:	v12@0:4@8
0x00ac46e4	DonkeyLike	instance	removeRider:	v12@0:4@8
0x00ac47dc	DonkeyLike	instance	swipeUpGesture	v8@0:4
0x00ac4858	DonkeyLike	instance	riderBodyYRotationForBlockhead:	f12@0:4@8
0x00ac489c	DonkeyLike	instance	riderBodyZRotationForBlockhead:	f12@0:4@8
0x00ac48d0	DonkeyLike	instance	cameraPosForBlockhead:	{Vector2=[2f]}12@0:4@8
0x00ac4a84	DonkeyLike	instance	worldChanged:	v12@0:4^{vector<intpair, std::__1::allocator<intpair> >=^{?}^{?}{__compressed_pair<intpair *, std::__1::allocator<intpair> >=^{?}}}8
0x00ac4a9c	DonkeyLike	instance	jumpsOnSwipe	c8@0:4
0x00ac4ab8	DonkeyLike	instance	rideDirection	i8@0:4
0x00ac4ba8	DonkeyLike	instance	requiresFuel	c8@0:4
0x00ac4bc4	DonkeyLike	instance	actsAsInteractionObject	@8@0:4
0x00ac4be0	DonkeyLike	instance	blockheadUnloaded:	v12@0:4@8
0x00ac4cd8	DonkeyLike	instance	reactToBeingFed	v8@0:4
0x00ac4f84	DonkeyLike	instance	jumps	c8@0:4
0x00ac4fa0	DonkeyLike	instance	flies	c8@0:4
0x00ac4fbc	DonkeyLike	instance	canJumpMultipleTilesWhileFlying	c8@0:4
0x00ac4fd8	DonkeyLike	instance	generateBreedForChild	i8@0:4
0x00ac4ff4	DonkeyLike	instance	canBeCapturedByBlockhead:withItemType:	c16@0:4@8i12
0x00ac50d8	DonkeyLike	instance	cantBeCapturedTipStringForBlockhead:withItemType:	@16@0:4@8i12
0x00ac5240	DonkeyLike	instance	galloping	c8@0:4
0x00ac525c	DonkeyLike	instance	.cxx_construct	@8@0:4
0x00ac5644	InventoryItem	instance	initWithType:dataA:dataB:subItems:dynamicObjectSaveDict:	@28@0:4i8S12S16@20@24
0x00ac5cd8	InventoryItem	instance	dealloc	v8@0:4
0x00ac5dd8	InventoryItem	instance	initWithSaveData:	@12@0:4@8
0x00ac64d4	InventoryItem	instance	saveData	@8@0:4
0x00ac6ddc	InventoryItem	instance	updateSubItemSlot:atIndex:	v16@0:4@8i12
0x00ac7130	InventoryItem	instance	subItemSlotDataAtIndex:	@12@0:4i8
0x00ac745c	InventoryItem	instance	itemType	i8@0:4
0x00ac7498	InventoryItem	instance	subItems	@8@0:4
0x00ac74dc	InventoryItem	instance	selectedSubItemIndex	C8@0:4
0x00ac7518	InventoryItem	instance	setSelectedSubItemIndex:	v12@0:4C8
0x00ac755c	InventoryItem	instance	dataA	S8@0:4
0x00ac7598	InventoryItem	instance	setDataA:	v12@0:4S8
0x00ac75e0	InventoryItem	instance	dataB	S8@0:4
0x00ac761c	InventoryItem	instance	setDataB:	v12@0:4S8
0x00ac7664	InventoryItem	instance	dynamicObjectSaveDict	@8@0:4
0x00ac7814	CraftableItemObject	instance	initWithCraftableItem:	@132@0:4{CraftableItem=ii[8i][8i]iiiSSi[8i]}8
0x00ac7900	CraftableItemObject	instance	initWithSaveDict:	@12@0:4@8
0x00ac7a54	CraftableItemObject	instance	getSaveDict	@8@0:4
0x00ac7b8c	CraftableItemObject	instance	freeBlockCreationItemSaveDict	@8@0:4
0x00ac7ba8	CraftableItemObject	instance	craftableItem	{CraftableItem=ii[8i][8i]iiiSSi[8i]}8@0:4
0x00ac7c08	CraftableItemObject	instance	setCraftableItem:	v132@0:4{CraftableItem=ii[8i][8i]iiiSSi[8i]}8
0x00ac7c84	CraftableItemObject	instance	.cxx_construct	@8@0:4
0x00ac8480	UIManager	instance	initWithWorld:cache:windowInfo:	@20@0:4@8@12^{WindowInfo=ffffffff}16
0x00aca3c8	UIManager	instance	dealloc	v8@0:4
0x00acac40	UIManager	instance	render:projectionMatrix:cameraZ:cameraMinXWorld:cameraMaxXWorld:cameraMinYWorld:cameraMaxYWorld:hideUIType:pinchScale:mapAlpha:	v108@0:4f8(_GLKMatrix4={?=ffffffffffffffff}[16f])12f76i80i84i88i92i96f100f104
0x00acccdc	UIManager	instance	blockheadInventoryChanged:inventoryIndex:itemWasAddedOrRemoved:	v20@0:4@8i12c16
0x00acd22c	UIManager	instance	selectedBlockheadChanged:forceUpdate:dontFollow:	v20@0:4i8c12c16
0x00ad0560	UIManager	instance	blockheadReachedAddFuelDestination:workbench:	v16@0:4@8@12
0x00ad065c	UIManager	instance	blockheadReachedCraftDestination:craftingItem:craftingObject:count:	v24@0:4@8@12@16i20
0x00ad0878	UIManager	instance	displayCraftProgressUIIfActiveBlockhead:workbench:	v16@0:4@8@12
0x00ad0ac8	UIManager	instance	displayCraftProgressUIForTradeMissionForBlockhead:	v12@0:4@8
0x00ad0e70	UIManager	instance	blockhead:tookOwnershipOfInteractionObject:	v16@0:4@8@12
0x00ad19d0	UIManager	instance	setServer:	v12@0:4@8
0x00ad1a3c	UIManager	instance	deleteTimers	v8@0:4
0x00ad1bc4	UIManager	instance	setInventoryUIToExpanded:	v12@0:4c8
0x00ad1c40	UIManager	instance	workbenchTapped:hasCancel:	v16@0:4@8c12
0x00ad2c0c	UIManager	instance	interactionObjectTapped:hasCancel:	v16@0:4@8c12
0x00ad3450	UIManager	instance	ridableObjectTapped:hasCancel:	v16@0:4@8c12
0x00ad3968	UIManager	instance	inspectNPCTapped:	v12@0:4@8
0x00ad3cb8	UIManager	instance	paintingTapped:	c12@0:4@8
0x00ad4330	UIManager	instance	playUIPopSound	v8@0:4
0x00ad43ec	UIManager	instance	showPetUIForPet:	v12@0:4@8
0x00ad4514	UIManager	instance	selectedToolChanged:	v12@0:4i8
0x00ad45a8	UIManager	instance	toolWasTapped:	v12@0:4c8
0x00ad53a0	UIManager	instance	displayDismountUI	v8@0:4
0x00ad5504	UIManager	instance	displaySignUIForSign:	v12@0:4@8
0x00ad5e60	UIManager	instance	hideAnyHideableUI	v8@0:4
0x00ad6254	UIManager	instance	hideAnyHideableUIDueToActiveInteractionStopping	v8@0:4
0x00ad657c	UIManager	instance	hideAnyHideableUIDueToPanAtPoint:	v16@0:4{CGPoint=ff}8
0x00ad6b84	UIManager	instance	tap:	c16@0:4{CGPoint=ff}8
0x00ad7300	UIManager	instance	touchIsInUI:	c16@0:4{CGPoint=ff}8
0x00ad7748	UIManager	instance	startTouch:tapCount:index:	c24@0:4{CGPoint=ff}8i16i20
0x00ad8048	UIManager	instance	moveTouch:index:	v20@0:4{CGPoint=ff}8i16
0x00ad8644	UIManager	instance	endTouch:wasCancelled:index:	v24@0:4{CGPoint=ff}8c16i20
0x00ad8cb0	UIManager	instance	windowInfoChanged:	v12@0:4^{WindowInfo=ffffffff}8
0x00ad9128	UIManager	instance	panBlockingUIDisplayed	c8@0:4
0x00ad91bc	UIManager	instance	gameBlockingUIDisplayed	c8@0:4
0x00ad9284	UIManager	instance	displayPauseUIIfAble	c8@0:4
0x00ad944c	UIManager	instance	hidePauseUIIfAble	c8@0:4
0x00ad94f4	UIManager	instance	blockheadCountChanged	v8@0:4
0x00ad9558	UIManager	instance	blockheadWasRemoved	v8@0:4
0x00ad9668	UIManager	instance	showUIForActiveBlockheadReachingInteractionObject:	v12@0:4@8
0x00adb0f4	UIManager	instance	showUIForTappedWorkbench:	v12@0:4@8
0x00adb6f4	UIManager	instance	displayInventoryFullPopUpForPos:	v16@0:4{?=ii}8
0x00adb848	UIManager	instance	hideInventoryFullPopup	v8@0:4
0x00adb8b4	UIManager	instance	displaySleepUIForBlockhead:	v12@0:4@8
0x00adbae8	UIManager	instance	hideSleepUIForBlockhead:	v12@0:4@8
0x00adbd18	UIManager	instance	displayRegenerateUIForBlockhead:	v12@0:4@8
0x00adbf4c	UIManager	instance	hideRegenerateUIForBlockhead:	v12@0:4@8
0x00adc17c	UIManager	instance	reloadCraftUI	v8@0:4
0x00adc2dc	UIManager	instance	flashInventoryAtIndex:subIndex:forBlockhead:color:	v24@0:4i8i12@16i20
0x00adc3d8	UIManager	instance	canDisplayAd	c8@0:4
0x00adc470	UIManager	instance	timeCrystalCloseButtonTapped	v8@0:4
0x00adc4dc	UIManager	instance	showTimeCrystalUITapped	v8@0:4
0x00adc5ac	UIManager	instance	showTimeCrystalUIWithRequiredCrystals:	v12@0:4i8
0x00adc97c	UIManager	instance	showCameraUI	v8@0:4
0x00adc9ec	UIManager	instance	showPurchaseDoubleTimeDialog	v8@0:4
0x00adca50	UIManager	instance	showFreeOffers	v8@0:4
0x00adca90	UIManager	instance	setFuelUIShouldBeDisplayed:forBlockhead:fuelObject:	v20@0:4c8@12@16
0x00adcc60	UIManager	instance	useButtonVisibleAndEnabled	c8@0:4
0x00adcf34	UIManager	instance	useButtonTitle	@8@0:4
0x00add260	UIManager	instance	useButtonTapped	v8@0:4
0x00add6c8	UIManager	instance	inventoryIsOnRightOfScreen	c8@0:4
0x00add7ec	UIManager	instance	updateTradePortalUIs	v8@0:4
0x00adda78	UIManager	instance	updateChestUI	v8@0:4
0x00addb7c	UIManager	instance	showJetPackUIForActiveBlockhead	v8@0:4
0x00addd4c	UIManager	instance	dismissJetPackUI	v8@0:4
0x00adddb8	UIManager	instance	dpadShouldBeHiddenDueToOtherUI	c8@0:4
0x00ade014	UIManager	instance	chatNotificationsShouldBeSupressed	c8@0:4
0x00ade07c	UIManager	instance	iapCompleted	v8@0:4
0x00ade11c	UIManager	instance	iapCancelled	v8@0:4
0x00ade1f0	UIManager	instance	hidePauseUI	c8@0:4
0x00ade22c	UIManager	instance	setHidePauseUI:	v12@0:4c8
0x00ade270	UIManager	instance	mapDisplayed	c8@0:4
0x00ade2ac	UIManager	instance	setMapDisplayed:	v12@0:4c8
0x00ade2f0	UIManager	instance	currentTouchIsInInventoryButtons	c8@0:4
0x00ade32c	UIManager	instance	setCurrentTouchIsInInventoryButtons:	v12@0:4c8
0x00ade370	UIManager	instance	currentTouchIsInAnyButtons	c8@0:4
0x00ade3ac	UIManager	instance	setCurrentTouchIsInAnyButtons:	v12@0:4c8
0x00ade3f0	UIManager	instance	dismissCameraUI	c8@0:4
0x00ade42c	UIManager	instance	setDismissCameraUI:	v12@0:4c8
0x00ade470	UIManager	instance	dpad	@8@0:4
0x00ade4b4	UIManager	instance	worldUI	@8@0:4
0x00ade4f8	UIManager	instance	craftUI	@8@0:4
0x00ade53c	UIManager	instance	pauseUI	@8@0:4
0x00ade580	UIManager	instance	mapUI	@8@0:4
0x00ade5c4	UIManager	instance	tcUI	@8@0:4
0x00ade608	UIManager	instance	tcUIDisplayed	c8@0:4
0x00ade644	UIManager	instance	workbenchChoiceUI	@8@0:4
0x00ade688	UIManager	instance	addBlockheadUI	@8@0:4
0x00ade6cc	UIManager	instance	paintMixUI	@8@0:4
0x00ade710	UIManager	instance	chestUI	@8@0:4
0x00ade754	UIManager	instance	blockheadUI	@8@0:4
0x00ade798	UIManager	instance	craftProgressUI	@8@0:4
0x00ade7dc	UIManager	instance	addFuelUI	@8@0:4
0x00ade820	UIManager	instance	jetPackUI	@8@0:4
0x00ade864	UIManager	instance	sleepProgressUI	@8@0:4
0x00ade8a8	UIManager	instance	regenerateUI	@8@0:4
0x00ade8ec	UIManager	instance	hungerUI	@8@0:4
0x00ade930	UIManager	instance	wearUI	@8@0:4
0x00ade974	UIManager	instance	inventoryFullUI	@8@0:4
0x00ade9b8	UIManager	instance	cameraUI	@8@0:4
0x00ade9fc	UIManager	instance	tradingPostSellUI	@8@0:4
0x00adea40	UIManager	instance	tradingPostBuyUI	@8@0:4
0x00adea84	UIManager	instance	ownershipSignUI	@8@0:4
0x00adeac8	UIManager	instance	workbenchProgressBarUI	@8@0:4
0x00adeb0c	UIManager	instance	tradePortalUI	@8@0:4
0x00adeb50	UIManager	instance	tradeMissionUI	@8@0:4
0x00adeb94	UIManager	instance	petUI	@8@0:4
0x00adebd8	UIManager	instance	customizeBlockheadUI	@8@0:4
0x00adec1c	UIManager	instance	signTextUI	@8@0:4
0x00adf0e4	SoundOptionsUI	instance	initWithDelegate:windowInfo:cache:	@20@0:4@8^{WindowInfo=ffffffff}12@16
0x00ae0224	SoundOptionsUI	instance	dealloc	v8@0:4
0x00ae03fc	SoundOptionsUI	instance	windowInfoChanged:	v12@0:4^{WindowInfo=ffffffff}8
0x00ae0520	SoundOptionsUI	instance	render:	v12@0:4f8
0x00ae122c	SoundOptionsUI	instance	touchIsInViewAtAll:	c16@0:4{CGPoint=ff}8
0x00ae12ac	SoundOptionsUI	instance	touchIsInUI:	c16@0:4{CGPoint=ff}8
0x00ae132c	SoundOptionsUI	instance	startTouch:tapCount:	c20@0:4{CGPoint=ff}8i16
0x00ae14a8	SoundOptionsUI	instance	moveTouch:	v16@0:4{CGPoint=ff}8
0x00ae15f0	SoundOptionsUI	instance	endTouch:	v16@0:4{CGPoint=ff}8
0x00ae1738	SoundOptionsUI	instance	OKButton:	v12@0:4@8
0x00ae17a0	SoundOptionsUI	instance	musicSlider:	v12@0:4@8
0x00ae186c	SoundOptionsUI	instance	soundSlider:	v12@0:4@8
0x00ae1938	SoundOptionsUI	instance	.cxx_construct	@8@0:4
0x00ae1ab0	Workbench	instance	objectType	i8@0:4
0x00ae1acc	Workbench	instance	initLevelStuff	v8@0:4
0x00ae3634	Workbench	instance	initSubDerivedItems	v8@0:4
0x00ae3c6c	Workbench	instance	getLightRGB	{Vector=[4f]}8@0:4
0x00ae3f64	Workbench	instance	updatePortalLight	v8@0:4
0x00ae42c0	Workbench	instance	initWithWorld:dynamicWorld:atPosition:cache:type:flipped:saveDict:placedByClient:clientName:	@48@0:4@8@12{?=ii}16@24i28c32@36@40@44
0x00ae4ed8	Workbench	instance	initWithWorld:dynamicWorld:saveDict:cache:	@24@0:4@8@12@16@20
0x00ae6490	Workbench	instance	initWithWorld:dynamicWorld:cache:netData:	@24@0:4@8@12@16@20
0x00ae6c3c	Workbench	instance	dealloc	v8@0:4
0x00ae6ed8	Workbench	instance	blockheadsLoaded	v8@0:4
0x00ae7248	Workbench	instance	blockheadWouldLikeToTakeOwnership:withSaveDict:	v16@0:4@8@12
0x00ae81d0	Workbench	instance	getSaveDict	@8@0:4
0x00ae9510	Workbench	instance	updateNetDataForClient:	@12@0:4@8
0x00ae9b5c	Workbench	instance	interactionObjectType	S8@0:4
0x00ae9b78	Workbench	instance	abortCraft	v8@0:4
0x00aeaac4	Workbench	instance	abortImmediatelyAndRestoreBlockheadItems	v8@0:4
0x00aeb47c	Workbench	instance	craftCompleted	v8@0:4
0x00aed318	Workbench	instance	totalItemsLeftToCraft	i8@0:4
0x00aed44c	Workbench	instance	currentlyCraftingItemType	i8@0:4
0x00aed558	Workbench	instance	hurryCompletion:	v12@0:4i8
0x00aedb58	Workbench	instance	updateHasFuel	v8@0:4
0x00aee208	Workbench	instance	combinedLightForSolarPanelWithFullSunlight	f8@0:4
0x00aee508	Workbench	instance	combinedLightForSolarPanel	f8@0:4
0x00aeea18	Workbench	instance	update:accurateDT:isSimulation:	v20@0:4f8f12c16
0x00af11f0	Workbench	instance	draw:projectionMatrix:modelViewMatrix:cameraMinXWorld:cameraMaxXWorld:cameraMinYWorld:cameraMaxYWorld:	v156@0:4f8(_GLKMatrix4={?=ffffffffffffffff}[16f])12(_GLKMatrix4={?=ffffffffffffffff}[16f])76i140i144i148i152
0x00afa7e8	Workbench	instance	title	@8@0:4
0x00afb128	Workbench	instance	craftableItems	^^{CraftableItem}8@0:4
0x00afb164	Workbench	instance	craftItem:withBlockhead:craftProgressUI:count:	c24@0:4@8@12@16i20
0x00afc87c	Workbench	instance	startManagingFuelWithBlockhead:	v12@0:4@8
0x00afcafc	Workbench	instance	requiresHumanInteraction	c8@0:4
0x00afcb38	Workbench	instance	worldChanged:	v12@0:4^{vector<intpair, std::__1::allocator<intpair> >=^{?}^{?}{__compressed_pair<intpair *, std::__1::allocator<intpair> >=^{?}}}8
0x00afd4e8	Workbench	instance	freeblockCreationItemType	i8@0:4
0x00afd7f0	Workbench	instance	freeBlockCreationSaveDict	@8@0:4
0x00afd83c	Workbench	instance	freeBlockCreationDataA	S8@0:4
0x00afd858	Workbench	instance	freeBlockCreationDataB	S8@0:4
0x00afd874	Workbench	instance	remove:	v12@0:4@8
0x00afdec4	Workbench	instance	fuelCount	i8@0:4
0x00afdf94	Workbench	instance	addToFuel:	v12@0:4i8
0x00afe31c	Workbench	instance	hasRequiredFuel	c8@0:4
0x00afe40c	Workbench	instance	isDoubleHeight	c8@0:4
0x00afe4c4	Workbench	instance	setNeedsRemoved:	v12@0:4c8
0x00afe63c	Workbench	instance	fractionComplete	f8@0:4
0x00afe67c	Workbench	instance	requiresPhysicalBlock	c8@0:4
0x00afe968	Workbench	instance	setLevelSilently:	v12@0:4i8
0x00afeae0	Workbench	instance	upgradeToNextLevel	v8@0:4
0x00aff768	Workbench	instance	remoteUpdate:	v12@0:4@8
0x00b01180	Workbench	instance	remoteBlockheadRemovedWithID:	v16@0:4Q8
0x00b01284	Workbench	instance	availableElectricity	S8@0:4
0x00b012c0	Workbench	instance	conductsElectricity	c8@0:4
0x00b0137c	Workbench	instance	subtractElectricty:	c12@0:4S8
0x00b01750	Workbench	instance	actionTitle	@8@0:4
0x00b0179c	Workbench	instance	fuelItemCount	i8@0:4
0x00b01894	Workbench	instance	fuelItems	^i8@0:4
0x00b019c0	Workbench	instance	addToFuelForItem:	v12@0:4i8
0x00b01bd4	Workbench	instance	isStorageDevice	c8@0:4
0x00b01c24	Workbench	instance	generatesElectricity	c8@0:4
0x00b01cac	Workbench	instance	usesStoresConductsOrProducesElectricity	c8@0:4
0x00b01ec0	Workbench	instance	energyFraction	f8@0:4
0x00b02060	Workbench	instance	setPaused:	v12@0:4c8
0x00b02134	Workbench	instance	canDismissFuelUI	c8@0:4
0x00b02150	Workbench	instance	destroyItemType	i8@0:4
0x00b021b4	Workbench	instance	fuelUIPos	{Vector2=[2f]}8@0:4
0x00b0222c	Workbench	instance	staticGeometryDrawQuadCountForMacroPos:	i16@0:4{?=ii}8
0x00b02608	Workbench	instance	addDrawQuadData:fromIndex:forMacroPos:	i24@0:4^f8i12{?=ii}16
0x00b05ec4	Workbench	instance	staticGeometryDrawCubeCount	i8@0:4
0x00b05f90	Workbench	instance	addDrawCubeData:fromIndex:	i16@0:4^f8i12
0x00b0ab4c	Workbench	instance	rendersDynamicObjectQuad	c8@0:4
0x00b0ae18	Workbench	instance	rendersDynamicObjectCubes	c8@0:4
0x00b0aec0	Workbench	instance	removeFromMacroBlock	v8@0:4
0x00b0b25c	Workbench	instance	blockheadUnloaded:	v12@0:4@8
0x00b0b398	Workbench	instance	lightGlowQuadCount	i8@0:4
0x00b0b51c	Workbench	instance	lightPos	{Vector=[4f]}8@0:4
0x00b0b648	Workbench	instance	occupiesNormalContents	c8@0:4
0x00b0b664	Workbench	instance	addArtificialLightContributionForPhysicalBlockLoadedAtXPos:yPos:	v16@0:4i8i12
0x00b0b6d8	Workbench	instance	canBeUsedInExpertModeWhenNotOwned	c8@0:4
0x00b0b738	Workbench	instance	requiresFuel	c8@0:4
0x00b0b7d0	Workbench	instance	requiresElectricty	c8@0:4
0x00b0b868	Workbench	instance	upgradeName	@8@0:4
0x00b0ba64	Workbench	instance	fuelTypesCount	i8@0:4
0x00b0baf8	Workbench	instance	fuelTypes	^i8@0:4
0x00b0bb8c	Workbench	instance	titleForCraftProgressUI	@8@0:4
0x00b0bbd8	Workbench	instance	upgradeNameForCraftProgressUI	@8@0:4
0x00b0bc24	Workbench	instance	hurryCostForCraftTimeRemaining:totalCraftTime:	i16@0:4i8i12
0x00b0bca4	Workbench	instance	numberOfCraftableItems	i8@0:4
0x00b0bce0	Workbench	instance	numberOfCraftableItemsUpToCurrentLevel	i8@0:4
0x00b0bd1c	Workbench	instance	type	i8@0:4
0x00b0bd58	Workbench	instance	level	i8@0:4
0x00b0bd94	Workbench	instance	selectedIndex	i8@0:4
0x00b0bdd0	Workbench	instance	setSelectedIndex:	v12@0:4i8
0x00b0be14	Workbench	instance	craftingItemObject	@8@0:4
0x00b0be58	Workbench	instance	count	i8@0:4
0x00b0be94	Workbench	instance	countLeft	i8@0:4
0x00b0bed0	Workbench	instance	craftProgressUI	@8@0:4
0x00b0bf14	Workbench	instance	setCraftProgressUI:	v12@0:4@8
0x00b0bf58	Workbench	instance	xScroll	f8@0:4
0x00b0bfa0	Workbench	instance	setXScroll:	v12@0:4f8
0x00b0cc48	CreateWorldUI	instance	initWithDelegate:windowInfo:cache:cloudInterface:	@24@0:4@8^{WindowInfo=ffffffff}12@16@20
0x00b0eca4	CreateWorldUI	instance	updatePriceViewsForInitialWorldCredit	v8@0:4
0x00b0f5cc	CreateWorldUI	instance	productsRequest:didReceiveResponse:	v16@0:4@8@12
0x00b0fac0	CreateWorldUI	instance	startNewSession	v8@0:4
0x00b10d08	CreateWorldUI	instance	dismissAlertViews	v8@0:4
0x00b11088	CreateWorldUI	instance	dealloc	v8@0:4
0x00b11750	CreateWorldUI	instance	windowInfoChanged:	v12@0:4^{WindowInfo=ffffffff}8
0x00b17148	CreateWorldUI	instance	renderFrame:projectionMatrix:	v76@0:4f8(_GLKMatrix4={?=ffffffffffffffff}[16f])12
0x00b1aae8	CreateWorldUI	instance	finalCancelButton:	v12@0:4@8
0x00b1e22c	CreateWorldUI	instance	verifyWorldWithReceipt:transactionID:	v16@0:4@8@12
0x00b1e614	CreateWorldUI	instance	showFinalOnlineCreateAlertView	v8@0:4
0x00b1f354	CreateWorldUI	instance	createCloudWorldWithReceiptData:transactionID:	v16@0:4@8@12
0x00b1f6fc	CreateWorldUI	instance	IAPForWorldCreationSucceeeded:transactionID:	v16@0:4@8@12
0x00b1f7c0	CreateWorldUI	instance	finalCreateButton:	v12@0:4@8
0x00b2da8c	CreateWorldUI	instance	worldSizeControl:	v12@0:4@8
0x00b2dc74	CreateWorldUI	instance	privacyControl:	v12@0:4@8
0x00b2dcf0	CreateWorldUI	instance	timeControl:	v12@0:4@8
0x00b2dd6c	CreateWorldUI	instance	customRulesControl:	v12@0:4@8
0x00b2defc	CreateWorldUI	instance	expertModeControl:	v12@0:4@8
0x00b2df78	CreateWorldUI	instance	privacyHelpButton:	v12@0:4@8
0x00b2e304	CreateWorldUI	instance	timeHelpButton:	v12@0:4@8
0x00b2e6a4	CreateWorldUI	instance	locationHelpButton:	v12@0:4@8
0x00b2ea30	CreateWorldUI	instance	customRulesHelpButton:	v12@0:4@8
0x00b2edbc	CreateWorldUI	instance	startTouch:	c16@0:4{CGPoint=ff}8
0x00b2f9d0	CreateWorldUI	instance	moveTouch:	v16@0:4{CGPoint=ff}8
0x00b3029c	CreateWorldUI	instance	endTouch:	v16@0:4{CGPoint=ff}8
0x00b30b68	CreateWorldUI	instance	textField:shouldChangeCharactersInRange:replacementString:	c24@0:4@8{_NSRange=II}12@20
0x00b30dfc	CreateWorldUI	instance	alertView:didDismissWithButtonIndex:	v16@0:4@8i12
0x00b313c0	CreateWorldUI	instance	textFieldShouldReturn:	c12@0:4@8
0x00b31444	CreateWorldUI	instance	worldNameButton:	v12@0:4@8
0x00b317f0	CreateWorldUI	instance	nickNameButton:	v12@0:4@8
0x00b31b10	CreateWorldUI	instance	picButton:	v12@0:4@8
0x00b31c50	CreateWorldUI	instance	imageWithImage:scaledToSize:	@20@0:4@8{CGSize=ff}12
0x00b31e20	CreateWorldUI	instance	imagePickerFinishedWithImage:	v12@0:4@8
0x00b32280	CreateWorldUI	instance	cloudCreateWorldVerificationSucceeded	v8@0:4
0x00b32680	CreateWorldUI	instance	delayedVerifyWorldWithAppReceipt	v8@0:4
0x00b326d8	CreateWorldUI	instance	cloudCreateWorldVerificationReturnedUsedReceipt	v8@0:4
0x00b32858	CreateWorldUI	instance	cloudCreateWorldVerificationFailed:	v12@0:4i8
0x00b3299c	CreateWorldUI	instance	cloudCreateWorldSucceededWithWorldID:	v12@0:4@8
0x00b32bc8	CreateWorldUI	instance	cloudCreateWorldFailed:	v12@0:4i8
0x00b32d0c	CreateWorldUI	instance	cloudCreateWorldCancelled	v8@0:4
0x00b32d70	CreateWorldUI	instance	cloudConnectionFailed:presentTopupUI:	v16@0:4i8c12
0x00b32ddc	CreateWorldUI	instance	cloudConnectionCancelled	v8@0:4
0x00b32e40	CreateWorldUI	instance	cloudConnectionRequestSucceededWithHost:port:key:	v20@0:4@8@12@16
0x00b32f10	CreateWorldUI	instance	customRules	@8@0:4
0x00b32fc0	CreateWorldUI	instance	createWorldName	@8@0:4
0x00b33004	CreateWorldUI	instance	userName	@8@0:4
0x00b33048	CreateWorldUI	instance	userPhoto	@8@0:4
0x00b3308c	CreateWorldUI	instance	createWorldSize	@8@0:4
0x00b330d0	CreateWorldUI	instance	privacySelection	i8@0:4
0x00b3310c	CreateWorldUI	instance	timeSelection	i8@0:4
0x00b33148	CreateWorldUI	instance	expertModeSelection	c8@0:4
0x00b33184	CreateWorldUI	instance	state	i8@0:4
0x00b3349c	SleepProgressUI	instance	loadResources	v8@0:4
0x00b34230	SleepProgressUI	instance	initWithWorld:windowInfo:cache:	@20@0:4@8^{WindowInfo=ffffffff}12@16
0x00b34348	SleepProgressUI	instance	dealloc	v8@0:4
0x00b344ec	SleepProgressUI	instance	setBlockhead:	v12@0:4@8
0x00b348cc	SleepProgressUI	instance	windowInfoChanged:	v12@0:4^{WindowInfo=ffffffff}8
0x00b349f0	SleepProgressUI	instance	render:translation:pinchScale:	v24@0:4f8{Vector2=[2f]}12f20
0x00b36c80	SleepProgressUI	instance	touchIsInUI:	c16@0:4{CGPoint=ff}8
0x00b36e90	SleepProgressUI	instance	touchIsInViewAtAll:	c16@0:4{CGPoint=ff}8
0x00b3700c	SleepProgressUI	instance	startTouch:tapCount:	c20@0:4{CGPoint=ff}8i16
0x00b37234	SleepProgressUI	instance	moveTouch:	v16@0:4{CGPoint=ff}8
0x00b373c4	SleepProgressUI	instance	endTouch:	v16@0:4{CGPoint=ff}8
0x00b37554	SleepProgressUI	instance	abortButton:	v12@0:4@8
0x00b375bc	SleepProgressUI	instance	completeButton:	v12@0:4@8
0x00b37dd8	SleepProgressUI	instance	center:	{Vector2=[2f]}12@0:4f8
0x00b37ef4	SleepProgressUI	instance	canDismiss	c8@0:4
0x00b37f10	SleepProgressUI	instance	.cxx_construct	@8@0:4
0x00b380c0	TrainStation	instance	objectType	i8@0:4
0x00b380dc	TrainStation	instance	initSubDerivedItems	v8@0:4
0x00b38978	TrainStation	instance	initWithWorld:dynamicWorld:atPosition:cache:item:flipped:saveDict:placedByClient:clientName:	@48@0:4@8@12{?=ii}16@24@28c32@36@40@44
0x00b38f88	TrainStation	instance	initWithWorld:dynamicWorld:saveDict:cache:	@24@0:4@8@12@16@20
0x00b3912c	TrainStation	instance	initWithWorld:dynamicWorld:cache:netData:	@24@0:4@8@12@16@20
0x00b39480	TrainStation	instance	getSaveDict	@8@0:4
0x00b39590	TrainStation	instance	updateNetDataForClient:	@12@0:4@8
0x00b395e4	TrainStation	instance	creationNetDataForClient:	@12@0:4@8
0x00b39acc	TrainStation	instance	remoteUpdate:	v12@0:4@8
0x00b39df0	TrainStation	instance	dealloc	v8@0:4
0x00b39f60	TrainStation	instance	updateBitmapString	v8@0:4
0x00b3a290	TrainStation	instance	interactionObjectType	S8@0:4
0x00b3a2b0	TrainStation	instance	draw:projectionMatrix:modelViewMatrix:cameraMinXWorld:cameraMaxXWorld:cameraMinYWorld:cameraMaxYWorld:	v156@0:4f8(_GLKMatrix4={?=ffffffffffffffff}[16f])12(_GLKMatrix4={?=ffffffffffffffff}[16f])76i140i144i148i152
0x00b3e6c8	TrainStation	instance	freeblockCreationItemType	i8@0:4
0x00b3e6e4	TrainStation	instance	freeBlockCreationSaveDict	@8@0:4
0x00b3e730	TrainStation	instance	freeBlockCreationDataA	S8@0:4
0x00b3e74c	TrainStation	instance	freeBlockCreationDataB	S8@0:4
0x00b3e768	TrainStation	instance	remove:	v12@0:4@8
0x00b3ecdc	TrainStation	instance	setNeedsRemoved:	v12@0:4c8
0x00b3eea4	TrainStation	instance	title	@8@0:4
0x00b3ef34	TrainStation	instance	setText:	v12@0:4@8
0x00b3f108	TrainStation	instance	requiresHumanInteraction	c8@0:4
0x00b3f124	TrainStation	instance	text	@8@0:4
0x00b3f160	TrainStation	instance	requiresSingleLineTextEditing	c8@0:4
0x00b3f17c	TrainStation	instance	destroyItemType	i8@0:4
0x00b3f198	TrainStation	instance	worldChanged:	v12@0:4^{vector<intpair, std::__1::allocator<intpair> >=^{?}^{?}{__compressed_pair<intpair *, std::__1::allocator<intpair> >=^{?}}}8
0x00b3f7f0	TrainStation	instance	canBeUsedByBlockhead:	c12@0:4@8
0x00b3f9d0	TrainStation	instance	interactionRenderItemType	i8@0:4
0x00b3f9ec	TrainStation	instance	occupiesNormalContents	c8@0:4
0x00b3fc70	TableSelectionAlertView	class	initialize	v8@0:4
0x00b40100	TableSelectionAlertView	class	alertWithTitle:message:options:	@20@0:4@8@12@16
0x00b401d0	TableSelectionAlertView	instance	initWithTitle:message:options:	@20@0:4@8@12@16
0x00b41bc4	TableSelectionAlertView	instance	dealloc	v8@0:4
0x00b41da8	TableSelectionAlertView	instance	tableView:numberOfRowsInSection:	i16@0:4@8i12
0x00b41e14	TableSelectionAlertView	instance	tableView:cellForRowAtIndexPath:	@16@0:4@8@12
0x00b42500	TableSelectionAlertView	instance	tableView:heightForRowAtIndexPath:	f16@0:4@8@12
0x00b42538	TableSelectionAlertView	instance	updateOptions:	v12@0:4@8
0x00b42770	TableSelectionAlertView	instance	addButtonWithTitle:color:block:	v20@0:4@8@12@?16
0x00b4291c	TableSelectionAlertView	instance	addButtonWithTitle:block:	v16@0:4@8@?12
0x00b42998	TableSelectionAlertView	instance	setCancelButtonWithTitle:block:	v16@0:4@8@?12
0x00b42a14	TableSelectionAlertView	instance	setDestructiveButtonWithTitle:block:	v16@0:4@8@?12
0x00b42a90	TableSelectionAlertView	instance	show	v8@0:4
0x00b42bd8	TableSelectionAlertView	instance	imageWithImage:scaledToSize:	@20@0:4@8{CGSize=ff}12
0x00b42da8	TableSelectionAlertView	instance	showNow	v8@0:4
0x00b455a8	TableSelectionAlertView	instance	dismissWithClickedButtonIndex:animated:	v16@0:4i8c12
0x00b45a80	TableSelectionAlertView	instance	buttonDown:	v12@0:4@8
0x00b45b40	TableSelectionAlertView	instance	buttonClicked:	v12@0:4@8
0x00b45c98	TableSelectionAlertView	instance	view	@8@0:4
0x00b45d04	DebugLogger	class	instance	@8@0:4
0x00b45dcc	DebugLogger	instance	init	@8@0:4
0x00b45eec	DebugLogger	instance	commit	v8@0:4
0x00b46110	DebugLogger	instance	logMessage:	v12@0:4@8
0x00b495cc	GKImageCropViewController	instance	_actionCancel	v8@0:4
0x00b49654	GKImageCropViewController	instance	_actionUse	v8@0:4
0x00b49758	GKImageCropViewController	instance	_setupNavigationBar	v8@0:4
0x00b499c8	GKImageCropViewController	instance	_setupCropView	v8@0:4
0x00b49cd8	GKImageCropViewController	instance	_setupCancelButton	v8@0:4
0x00b4a338	GKImageCropViewController	instance	_setupUseButton	v8@0:4
0x00b4a850	GKImageCropViewController	instance	_toolbarBackgroundImage	@8@0:4
0x00b4aa40	GKImageCropViewController	instance	_setupToolbar	v8@0:4
0x00b4b364	GKImageCropViewController	instance	init	@8@0:4
0x00b4b3f4	GKImageCropViewController	instance	viewDidLoad	v8@0:4
0x00b4b718	GKImageCropViewController	instance	viewDidUnload	v8@0:4
0x00b4b784	GKImageCropViewController	instance	viewWillLayoutSubviews	v8@0:4
0x00b4bb58	GKImageCropViewController	instance	shouldAutorotateToInterfaceOrientation:	c12@0:4i8
0x00b4bc20	GKImageCropViewController	instance	prefersStatusBarHidden	c8@0:4
0x00b4bc3c	GKImageCropViewController	instance	sourceImage	@8@0:4
0x00b4bc78	GKImageCropViewController	instance	setSourceImage:	v12@0:4@8
0x00b4bcc4	GKImageCropViewController	instance	cropSize	{CGSize=ff}8@0:4
0x00b4bd0c	GKImageCropViewController	instance	setCropSize:	v16@0:4{CGSize=ff}8
0x00b4bd60	GKImageCropViewController	instance	delegate	@8@0:4
0x00b4bd9c	GKImageCropViewController	instance	setDelegate:	v12@0:4@8
0x00b4bde8	GKImageCropViewController	instance	imageCropView	@8@0:4
0x00b4be24	GKImageCropViewController	instance	setImageCropView:	v12@0:4@8
0x00b4be70	GKImageCropViewController	instance	toolbar	@8@0:4
0x00b4beac	GKImageCropViewController	instance	setToolbar:	v12@0:4@8
0x00b4bef8	GKImageCropViewController	instance	cancelButton	@8@0:4
0x00b4bf34	GKImageCropViewController	instance	setCancelButton:	v12@0:4@8
0x00b4bf80	GKImageCropViewController	instance	useButton	@8@0:4
0x00b4bfbc	GKImageCropViewController	instance	setUseButton:	v12@0:4@8
0x00b4c008	GKImageCropViewController	instance	resizeableCropArea	c8@0:4
0x00b4c044	GKImageCropViewController	instance	setResizeableCropArea:	v12@0:4c8
0x00b4c1d0	TradeMissionManager	class	instance	@8@0:4
0x00b4c298	TradeMissionManager	instance	missionChangedOrCompleted	v8@0:4
0x00b4c9cc	TradeMissionManager	instance	init	@8@0:4
0x00b4cb18	TradeMissionManager	instance	setWorld:appDatabase:	v16@0:4@8@12
0x00b4ce1c	TradeMissionManager	instance	saveIfNeeded	v8@0:4
0x00b4d09c	TradeMissionManager	instance	setDelegate:	v12@0:4@8
0x00b4d0e0	TradeMissionManager	instance	reCheckForMissions	v8@0:4
0x00b4d42c	TradeMissionManager	instance	connection:didReceiveResponse:	v16@0:4@8@12
0x00b4d4d8	TradeMissionManager	instance	connection:didReceiveData:	v16@0:4@8@12
0x00b4d588	TradeMissionManager	instance	connection:didFailWithError:	v16@0:4@8@12
0x00b4d790	TradeMissionManager	instance	connectionDidFinishLoading:	v12@0:4@8
0x00b4e08c	TradeMissionManager	instance	getCounterForLevel:nowTime:	Q20@0:4i8d12
0x00b4e0e8	TradeMissionManager	instance	uniqueIDForCurrentMissionForLevel:	Q12@0:4i8
0x00b4e220	TradeMissionManager	instance	missionForLevel:	{TradeMission=QIIISSCCCC[4C]}12@0:4i8
0x00b4e5a0	TradeMissionManager	instance	timeUntilNextMissionAtLevel:	i12@0:4i8
0x00b4e6ac	TradeMissionManager	instance	missionCompletedOrInProgressWithID:	c16@0:4Q8
0x00b4e7bc	TradeMissionManager	instance	localTime	d8@0:4
0x00b4e808	TradeMissionManager	instance	serverTime	d8@0:4
0x00b4e894	TradeMissionManager	instance	startTradeMission:withBlockheadID:worldID:	v52@0:4{TradeMission=QIIISSCCCC[4C]}8Q40@48
0x00b4ee00	TradeMissionManager	instance	completionFractionForMissionForBlockhead:secondsComplete:totalDuration:	f20@0:4@8^f12^f16
0x00b4f118	TradeMissionManager	instance	completionFractionForMissionForBlockhead:	f12@0:4@8
0x00b4f170	TradeMissionManager	instance	craftableItemForMissionForBlockhead:	{CraftableItem=ii[8i][8i]iiiSSi[8i]}12@0:4@8
0x00b4f298	TradeMissionManager	instance	completeActiveMissionForBlockhead:	v12@0:4@8
0x00b4f8e4	TradeMissionManager	instance	abortAnyActiveMissionsForBlockhead:allowRedo:	v16@0:4@8c12
0x00b4fe9c	TradeMissionManager	instance	valid	c8@0:4
0x00b4fed8	TradeMissionManager	instance	connectionFailed	c8@0:4
0x00b501e0	CornPlant	instance	objectType	i8@0:4
0x00b501fc	CornPlant	instance	maxAgeBase	f8@0:4
0x00b5022c	CornPlant	instance	seedItemType	i8@0:4
0x00b50248	CornPlant	instance	minAllowedTemperature	i8@0:4
0x00b50264	CornPlant	instance	floweringSeason:	c12@0:4i8
0x00b502b0	CornPlant	instance	canDieSeason:	c12@0:4i8
0x00b502e0	CornPlant	instance	plantType	i8@0:4
0x00b502fc	CornPlant	instance	isRequiredSoilType:	c12@0:4i8
0x00b50398	CornPlant	instance	renderImageType	i8@0:4
0x00b50520	GKCropBorderView	instance	initWithFrame:	@24@0:4{CGRect={CGPoint=ff}{CGSize=ff}}8
0x00b50660	GKCropBorderView	instance	drawRect:	v24@0:4{CGRect={CGPoint=ff}{CGSize=ff}}8
0x00b50a64	GKCropBorderView	instance	_calculateAllNeededHandleRects	@8@0:4
0x00b51688	BlockBackground	class	instance	@8@0:4
0x00b517c0	BlockBackground	instance	setParentView:	v12@0:4@8
0x00b518a0	BlockBackground	instance	init	@8@0:4
0x00b51b40	BlockBackground	instance	layoutSubviews	v8@0:4
0x00b52184	BlockBackground	instance	addView:	v12@0:4@8
0x00b52398	BlockBackground	instance	reduceAlphaIfEmpty	v8@0:4
0x00b525e0	BlockBackground	instance	removeView:	v12@0:4@8
0x00b527e4	CactusTree	instance	objectType	i8@0:4
0x00b52800	CactusTree	instance	fruitItemType	i8@0:4
0x00b5281c	CactusTree	instance	fruitShouldFallInSeason:	c12@0:4i8
0x00b52850	CactusTree	instance	initWithWorld:dynamicWorld:atPosition:cache:maxHeight:growthRate:treeDensityNoiseFunction:seasonOffsetNoiseFunction:adultTree:adultMaxAge:	@52@0:4@8@12{?=ii}16@24s28s32@36@40c44f48
0x00b533bc	CactusTree	instance	initWithWorld:dynamicWorld:saveDict:cache:treeDensityNoiseFunction:seasonOffsetNoiseFunction:	@32@0:4@8@12@16@20@24@28
0x00b534b4	CactusTree	instance	loadSaveDictValues:	v12@0:4@8
0x00b53728	CactusTree	instance	getSaveDict	@8@0:4
0x00b53a50	CactusTree	instance	updateGrowth:	v12@0:4c8
0x00b54c60	CactusTree	instance	update:accurateDT:isSimulation:	v20@0:4f8f12c16
0x00b5561c	CactusTree	instance	makeTileDead:	v12@0:4^{Tile=CCCCCCCCCCCCCSSSsCISSSSSQ[8S]}8
0x00b55650	CactusTree	instance	tileIsKindOfSelf:	c12@0:4^{Tile=CCCCCCCCCCCCCSSSsCISSSSSQ[8S]}8
0x00b556a4	CactusTree	instance	treeType	i8@0:4
0x00b556c0	CactusTree	instance	isRequiredSoilType:	c12@0:4i8
0x00b5575c	CactusTree	instance	availableFood	f8@0:4
0x00b557a4	CactusTree	instance	setAvailableFood:	v12@0:4f8
0x00b55950	JetPackUI	instance	loadResources	v8@0:4
0x00b56790	JetPackUI	instance	initWithWorld:windowInfo:cache:	@20@0:4@8^{WindowInfo=ffffffff}12@16
0x00b568a8	JetPackUI	instance	dealloc	v8@0:4
0x00b56a18	JetPackUI	instance	setBlockhead:	v12@0:4@8
0x00b56b4c	JetPackUI	instance	windowInfoChanged:	v12@0:4^{WindowInfo=ffffffff}8
0x00b56c70	JetPackUI	instance	render:translation:pinchScale:	v24@0:4f8{Vector2=[2f]}12f20
0x00b58bb8	JetPackUI	instance	touchIsInUI:	c16@0:4{CGPoint=ff}8
0x00b58d54	JetPackUI	instance	touchIsInViewAtAll:	c16@0:4{CGPoint=ff}8
0x00b58ed0	JetPackUI	instance	startTouch:tapCount:	c20@0:4{CGPoint=ff}8i16
0x00b59074	JetPackUI	instance	moveTouch:	v16@0:4{CGPoint=ff}8
0x00b591d0	JetPackUI	instance	endTouch:	v16@0:4{CGPoint=ff}8
0x00b5932c	JetPackUI	instance	addFuelButton:	v12@0:4@8
0x00b594c4	JetPackUI	instance	freeFlightButton:	v12@0:4@8
0x00b5952c	JetPackUI	instance	center:	{Vector2=[2f]}12@0:4f8
0x00b5960c	JetPackUI	instance	.cxx_construct	@8@0:4
0x00b5aa88	TCUI	instance	initWithDelegate:windowInfo:cache:requiredAmount:	@24@0:4@8^{WindowInfo=ffffffff}12@16i20
0x00b5d3fc	TCUI	instance	showHeyzapTest:	v12@0:4@8
0x00b5d458	TCUI	instance	updateRequiredAmount:	v12@0:4i8
0x00b5d558	TCUI	instance	productsRequest:didReceiveResponse:	v16@0:4@8@12
0x00b5dec0	TCUI	instance	dealloc	v8@0:4
0x00b5e2d8	TCUI	instance	windowInfoChanged:	v12@0:4^{WindowInfo=ffffffff}8
0x00b5e470	TCUI	instance	render:	v12@0:4f8
0x00b5fa2c	TCUI	instance	touchIsInViewAtAll:	c16@0:4{CGPoint=ff}8
0x00b5faac	TCUI	instance	touchIsInUI:	c16@0:4{CGPoint=ff}8
0x00b5fb2c	TCUI	instance	startTouch:tapCount:	c20@0:4{CGPoint=ff}8i16
0x00b5fe90	TCUI	instance	moveTouch:	v16@0:4{CGPoint=ff}8
0x00b60108	TCUI	instance	endTouch:	v16@0:4{CGPoint=ff}8
0x00b60380	TCUI	instance	buyButton:	v12@0:4@8
0x00b611a8	TCUI	instance	optionsButton:	v12@0:4@8
0x00b611c0	TCUI	instance	exitButton:	v12@0:4@8
0x00b61228	TCUI	instance	freeOffersButton:	v12@0:4@8
0x00b61384	TCUI	instance	freeOfferCloseButtonTapped	v8@0:4
0x00b61444	TCUI	instance	incentivizedVideoViewComplete:	v12@0:4c8
0x00b614c0	TCUI	instance	iapCancelled	v8@0:4
0x00b61500	TCUI	instance	iapCompleted	v8@0:4
0x00b61540	TCUI	instance	freeOfferUI	@8@0:4
0x00b61584	TCUI	instance	.cxx_construct	@8@0:4
0x00b61698	MJSound	instance	loadWavFile:format:size:frequency:data:	c28@0:4r*8^i12^i16^i20^^v24
0x00b61a20	MJSound	instance	openWAVFile:	c12@0:4@8
0x00b61c34	MJSound	instance	openFile:	c12@0:4@8
0x00b61f44	MJSound	instance	close	v8@0:4
0x00b620a0	MJSound	instance	initWithFile:	@12@0:4@8
0x00b62268	MJSound	instance	fileName	@8@0:4
0x00b622a4	MJSound	instance	initWithSound:	@12@0:4@8
0x00b62600	MJSound	instance	dealloc	v8@0:4
0x00b626f4	MJSound	instance	setXOffset:	v12@0:4f8
0x00b627b8	MJSound	instance	play	v8@0:4
0x00b62b24	MJSound	instance	playAfterDelay:	v12@0:4f8
0x00b62c50	MJSound	instance	stop	v8@0:4
0x00b62d40	MJSound	instance	fadeOut:	v12@0:4f8
0x00b62e68	MJSound	instance	setPaused:	v12@0:4c8
0x00b62fdc	MJSound	instance	pause	v8@0:4
0x00b63030	MJSound	instance	update:	v12@0:4f8
0x00b632a4	MJSound	instance	setLooping:	v12@0:4c8
0x00b63368	MJSound	instance	setLegacyVolume:	v12@0:4f8
0x00b63460	MJSound	instance	setVolume:	v12@0:4f8
0x00b63570	MJSound	instance	getLegacyVolume	f8@0:4
0x00b635bc	MJSound	instance	setPitch:	v12@0:4f8
0x00b636bc	MJSound	instance	hasFinishedPlaying	c8@0:4
0x00b63768	MJSound	instance	isPlaying	c8@0:4
0x00b637a4	MJSound	instance	setInUse:	v12@0:4c8
0x00b637e8	MJSound	instance	isInUse	c8@0:4
0x00b63824	MJSound	instance	setMasterVolumeMultiplier:	v12@0:4f8
0x00b63910	MJSound	instance	sound	@8@0:4
0x00b63928	MJSound	instance	paused	c8@0:4
0x00b63964	MJSound	instance	buffer	I8@0:4
0x00b639a0	MJSound	instance	setPlaybackFrequencyInMultiSound:	v12@0:4f8
0x00b63a64	MJSound	instance	setPosition:	v16@0:4{Vector2=[2f]}8
0x00b6404c	MJSound	instance	playAtPosition:	v16@0:4{Vector2=[2f]}8
0x00b640e8	MJSound	instance	randomNumberWithinMultiPlaybackFrequency	c8@0:4
0x00b641b0	MJSound	instance	hasMultiSoundPlayBackFrequency	c8@0:4
0x00b641ec	MJSound	instance	setHasMultiSoundPlayBackFrequency:	v12@0:4c8
0x00b64230	MJSound	instance	multiSoundPlayBackFrequency	f8@0:4
0x00b64278	MJSound	instance	setMultiSoundPlayBackFrequency:	v12@0:4f8
0x00b642c4	MJSound	instance	.cxx_construct	@8@0:4
0x00b64378	PineTree	instance	objectType	i8@0:4
0x00b64394	PineTree	instance	fruitItemType	i8@0:4
0x00b643b0	PineTree	instance	shouldAddFallenFruits	c8@0:4
0x00b643d0	PineTree	instance	initWithWorld:dynamicWorld:atPosition:cache:maxHeight:growthRate:treeDensityNoiseFunction:seasonOffsetNoiseFunction:adultTree:adultMaxAge:	@52@0:4@8@12{?=ii}16@24s28s32@36@40c44f48
0x00b64f48	PineTree	instance	initWithWorld:dynamicWorld:saveDict:cache:treeDensityNoiseFunction:seasonOffsetNoiseFunction:	@32@0:4@8@12@16@20@24@28
0x00b651bc	PineTree	instance	getSaveDict	@8@0:4
0x00b652f8	PineTree	instance	updateGrowth:	v12@0:4c8
0x00b66f40	PineTree	instance	makeTileDead:	v12@0:4^{Tile=CCCCCCCCCCCCCSSSsCISSSSSQ[8S]}8
0x00b66fa8	PineTree	instance	update:accurateDT:isSimulation:	v20@0:4f8f12c16
0x00b67a18	PineTree	instance	treeType	i8@0:4
0x00b67a34	PineTree	instance	tileIsKindOfSelf:	c12@0:4^{Tile=CCCCCCCCCCCCCSSSsCISSSSSQ[8S]}8
0x00b67c30	CraftUI	instance	loadResources	v8@0:4
0x00b68648	CraftUI	instance	initWithWorld:windowInfo:cache:	@20@0:4@8^{WindowInfo=ffffffff}12@16
0x00b687b8	CraftUI	instance	dealloc	v8@0:4
0x00b68c88	CraftUI	instance	craftableItemAtIndex:	{CraftableItem=ii[8i][8i]iiiSSi[8i]}12@0:4i8
0x00b69c70	CraftUI	instance	updateBlockheadCraftableItem	v8@0:4
0x00b6a44c	CraftUI	instance	updateTeleportCraftableItem	v8@0:4
0x00b6c5a0	CraftUI	instance	updateSelection	v8@0:4
0x00b795f8	CraftUI	instance	updateRequiredSelection	v8@0:4
0x00b7960c	CraftUI	instance	setWorkbench:blockhead:	v16@0:4@8@12
0x00b79ee0	CraftUI	instance	productsRequest:didReceiveResponse:	v16@0:4@8@12
0x00b7aab4	CraftUI	instance	blockheadInventoryChanged	v8@0:4
0x00b7abb4	CraftUI	instance	windowInfoChanged:	v12@0:4^{WindowInfo=ffffffff}8
0x00b7acd8	CraftUI	instance	render:translation:pinchScale:	v24@0:4f8{Vector2=[2f]}12f20
0x00b80eb4	CraftUI	instance	touchIsInViewAtAll:	c16@0:4{CGPoint=ff}8
0x00b81030	CraftUI	instance	touchIsInUI:	c16@0:4{CGPoint=ff}8
0x00b81248	CraftUI	instance	startTouch:tapCount:	c20@0:4{CGPoint=ff}8i16
0x00b8146c	CraftUI	instance	moveTouch:	v16@0:4{CGPoint=ff}8
0x00b81608	CraftUI	instance	endTouch:	v16@0:4{CGPoint=ff}8
0x00b817a4	CraftUI	instance	purchaseDoubleTime	v8@0:4
0x00b81968	CraftUI	instance	craftButton:	v12@0:4@8
0x00b82300	CraftUI	instance	countSlider:	v12@0:4@8
0x00b837a4	CraftUI	instance	center:	{Vector2=[2f]}12@0:4f8
0x00b838c8	CraftUI	instance	dimensions	{Vector2=[2f]}8@0:4
0x00b83914	CraftUI	instance	imageWithImage:scaledToSize:	@20@0:4@8{CGSize=ff}12
0x00b83ae4	CraftUI	instance	imagePickerFinishedWithImage:	v12@0:4@8
0x00b83f94	CraftUI	instance	workbench	@8@0:4
0x00b83fd8	CraftUI	instance	doubleTimePriceString	@8@0:4
0x00b8401c	CraftUI	instance	.cxx_construct	@8@0:4
0x00b87ac0	MJSoundManager	instance	initWithMasterVolume:	@12@0:4f8
0x00b88130	MJSoundManager	instance	reinitialize	c8@0:4
0x00b88514	MJSoundManager	instance	handleInterruption:	v12@0:4@8
0x00b886d0	MJSoundManager	instance	interruptionBegan	v8@0:4
0x00b88758	MJSoundManager	instance	attemptToReinitializeAudio	v8@0:4
0x00b8880c	MJSoundManager	instance	interuptionEnded	v8@0:4
0x00b88858	MJSoundManager	class	instance	@8@0:4
0x00b8893c	MJSoundManager	instance	dealloc	v8@0:4
0x00b88aac	MJSoundManager	instance	soundNamed:	@12@0:4@8
0x00b88dac	MJSoundManager	instance	multiSoundNamed:	@12@0:4@8
0x00b89054	MJSoundManager	instance	multiSoundWithSounds:	@12@0:4@8
0x00b894c0	MJSoundManager	instance	externalMultiSoundWithKey:	@12@0:4@8
0x00b89538	MJSoundManager	instance	setSoundVolume:	v12@0:4f8
0x00b89c7c	MJSoundManager	instance	setMusicVolume:	v12@0:4f8
0x00b89e18	MJSoundManager	instance	musicVolume	f8@0:4
0x00b89e58	MJSoundManager	instance	soundVolume	f8@0:4
0x00b89e98	MJSoundManager	instance	setListenerPosition:zoom:	v20@0:4{Vector2=[2f]}8f16
0x00b89f68	MJSoundManager	instance	listenerPos	{Vector2=[2f]}8@0:4
0x00b89fb0	MJSoundManager	instance	resignActive	v8@0:4
0x00b8a350	MJSoundManager	instance	becomeActive	v8@0:4
0x00b8a5c0	MJSoundManager	instance	update:	v12@0:4f8
0x00b8a7c8	MJSoundManager	instance	fadeOutMP3PlaybackWithStop:	v12@0:4c8
0x00b8a9d0	MJSoundManager	instance	fadeOutMP3PlaybackWithFinishNotificationObject:action:stopOnFadeOut:	v20@0:4@8:12c16
0x00b8aa80	MJSoundManager	instance	loadMP3IfSafe:withTimeOffset:	v20@0:4@8d12
0x00b8b168	MJSoundManager	instance	stopMusicForDeactivateEvent	v8@0:4
0x00b8b1e4	MJSoundManager	instance	restartMusicAfterActiveEvent:	v12@0:4c8
0x00b8b1fc	MJSoundManager	instance	playMP3IfSafe:withTimeOffset:	v20@0:4@8d12
0x00b8b358	MJSoundManager	instance	playMP3IfSafe:	v12@0:4@8
0x00b8b3c4	MJSoundManager	instance	stopMP3Playback	v8@0:4
0x00b8b5a0	MJSoundManager	instance	isPlayingMP3	c8@0:4
0x00b8b608	MJSoundManager	instance	mainThreadSetMP3Volume:	v12@0:4@8
0x00b8ba30	MJSoundManager	instance	runFade	v8@0:4
0x00b8be1c	MJSoundManager	instance	fadeInMP3Playback	v8@0:4
0x00b8c06c	MJSoundManager	instance	audioPlayerBeginInterruption:	v12@0:4@8
0x00b8c10c	MJSoundManager	instance	audioPlayerEndInterruption:	v12@0:4@8
0x00b8c1b0	MJSoundManager	instance	isFadingOut	c8@0:4
0x00b8c1f0	MJSoundManager	instance	currentMP3time	d8@0:4
0x00b8c2b8	MJSoundManager	instance	safeToPlayMP3s	c8@0:4
0x00b8c30c	MJSoundManager	instance	setRequiresRecord:	v12@0:4c8
0x00b8c3b8	MJSoundManager	instance	setLoopMP3s:	v12@0:4c8
0x00b8c4b8	MJSoundManager	instance	registerExternalMultiSound:forKey:	v16@0:4@8@12
0x00b8c598	MJSoundManager	instance	silentSwitchWasOnDuringLaunch	c8@0:4
0x00b8c5d4	MJSoundManager	instance	setSilentSwitchWasOnDuringLaunch:	v12@0:4c8
0x00b8c618	MJSoundManager	instance	dontPlayAnySounds	c8@0:4
0x00b8c654	MJSoundManager	instance	setDontPlayAnySounds:	v12@0:4c8
0x00b8c698	MJSoundManager	instance	worldWidthMacro	i8@0:4
0x00b8c6d4	MJSoundManager	instance	setWorldWidthMacro:	v12@0:4i8
0x00b8c718	MJSoundManager	instance	lastPlayedMP3Path	@8@0:4
0x00b8c75c	MJSoundManager	instance	.cxx_construct	@8@0:4
0x00b8c810	Blockhead	instance	health	f8@0:4
0x00b8c850	Blockhead	instance	death	f8@0:4
0x00b8c890	Blockhead	instance	happiness	f8@0:4
0x00b8c8d0	Blockhead	instance	fullness	f8@0:4
0x00b8c910	Blockhead	instance	energy	f8@0:4
0x00b8c9b8	Blockhead	instance	meditationProgress	f8@0:4
0x00b8c9f8	Blockhead	instance	environment	f8@0:4
0x00b8ca38	Blockhead	instance	environmentTemperature	f8@0:4
0x00b8ca78	Blockhead	instance	environmentExposure	f8@0:4
0x00b8cab8	Blockhead	instance	environmentLight	f8@0:4
0x00b8caf8	Blockhead	instance	drownFraction	f8@0:4
0x00b8cb38	Blockhead	instance	hasCoffeeEnergy	c8@0:4
0x00b8cb90	Blockhead	instance	regenerationProgress	f8@0:4
0x00b8cbd0	Blockhead	instance	currentAnimationType	i8@0:4
0x00b8cc0c	Blockhead	instance	updateClothingCubes	v8@0:4
0x00b8fccc	Blockhead	instance	updateSkin	v8@0:4
0x00b9111c	Blockhead	instance	initSubDerivedStuffStuff	v8@0:4
0x00b91dec	Blockhead	instance	objectType	i8@0:4
0x00b91e08	Blockhead	instance	initWithWorld:dynamicWorld:atPosition:cache:blockheadNumber:craftableItemObject:uniqueID:	@44@0:4@8@12{?=ii}16@24i28@32Q36
0x00b95fe4	Blockhead	instance	initWithWorld:dynamicWorld:saveDict:savedInventorySlots:cache:repositionOnLoadFailure:clientSaveDir:clientLocallySavedDict:	@40@0:4@8@12@16@20@24c28@32@36
0x00b9b6a0	Blockhead	instance	netInteractionObjectWasLoaded:	v12@0:4@8
0x00b9b86c	Blockhead	instance	clothingItemAtIndex:	@12@0:4i8
0x00b9ba78	Blockhead	instance	updateAnimation	v8@0:4
0x00b9be40	Blockhead	instance	setupFromNetCreationData:	v12@0:4@8
0x00b9d0f8	Blockhead	instance	initWithWorld:dynamicWorld:cache:netData:	@24@0:4@8@12@16@20
0x00b9d59c	Blockhead	instance	previewData	@8@0:4
0x00b9d894	Blockhead	instance	creationNetDataForClient:	@12@0:4@8
0x00b9dedc	Blockhead	instance	updateNetDataForClient:	@12@0:4@8
0x00b9e9d4	Blockhead	instance	getSaveDict	@8@0:4
0x00b9ea28	Blockhead	instance	getSaveDictIncludingWorkbenchOrInterationObject:	@12@0:4c8
0x00b9ffe4	Blockhead	instance	dealloc	v8@0:4
0x00ba097c	Blockhead	instance	goalInteractionForNPCChaseForNPC:withItemType:	i16@0:4@8i12
0x00ba0ed8	Blockhead	instance	tileIsLitForSelf:atPos:	c20@0:4^{Tile=CCCCCCCCCCCCCSSSsCISSSSSQ[8S]}8{?=ii}12
0x00ba0fe0	Blockhead	instance	interactionTypeForTile:atPos:item:pickupRejectedDueToInventoryFull:includeActions:faceIndex:allowProtectedActions:	i40@0:4^{Tile=CCCCCCCCCCCCCSSSsCISSSSSQ[8S]}8{?=ii}12@20^c24c28i32c36
0x00ba9d8c	Blockhead	instance	canDigBackWallforTile:atPos:withItem:includeActions:	c28@0:4^{Tile=CCCCCCCCCCCCCSSSsCISSSSSQ[8S]}8{?=ii}12@20c24
0x00baa1dc	Blockhead	instance	currentInteractionIsGoodOrBad	i8@0:4
0x00baa364	Blockhead	instance	currentInteractionType	i8@0:4
0x00baa3a0	Blockhead	instance	currentInteractionTypeForTile:atPos:pickupRejectedDueToInventoryFull:includeActions:faceIndex:allowProtectedActions:	i36@0:4^{Tile=CCCCCCCCCCCCCSSSsCISSSSSQ[8S]}8{?=ii}12^c20c24i28c32
0x00baa488	Blockhead	instance	updatePosition:	v16@0:4{?=ii}8
0x00bab850	Blockhead	instance	willBeCraftingAtWorkbench:	c12@0:4@8
0x00babab0	Blockhead	instance	willBeAddingFuelAtWorkbench:	c12@0:4@8
0x00babc70	Blockhead	instance	willBeInteractingWithInteractionObject:	c12@0:4@8
0x00bac004	Blockhead	instance	isCraftingAtAnyWorkbench	c8@0:4
0x00bac054	Blockhead	instance	isAddingFuelToAnyWorkbench	c8@0:4
0x00bac0a4	Blockhead	instance	setInteractionWorkbench:	v12@0:4@8
0x00bac158	Blockhead	instance	interactionWorkbench	@8@0:4
0x00bac194	Blockhead	instance	getCurrentCraftProgress	f8@0:4
0x00bac27c	Blockhead	instance	currentCraftIsOutOfFuel	c8@0:4
0x00bac624	Blockhead	instance	isInteractingWithAnyInteractionObject	c8@0:4
0x00bac674	Blockhead	instance	setInteractionObject:	v12@0:4@8
0x00bac728	Blockhead	instance	interactionObject	@8@0:4
0x00bac764	Blockhead	instance	isHeadingForSquare:	c16@0:4{?=ii}8
0x00bac9a8	Blockhead	instance	currentTraverseToKeyFrame	i8@0:4
0x00bac9e4	Blockhead	instance	isCorrectToolForBackWallOfType:forItem:	c16@0:4i8i12
0x00bacd0c	Blockhead	instance	goodOrBadInteractionForAction:	{InteractionTestResult=iiSS}12@0:4@8
0x00bae630	Blockhead	instance	updateGatherSpeedAndAnimationForCurrentInterationAndItem	v8@0:4
0x00bb01f0	Blockhead	instance	stopRiding	v8@0:4
0x00bb0a1c	Blockhead	instance	pickupDynamicObject:	v12@0:4@8
0x00bb0e70	Blockhead	instance	startInteractingWithTileAtIndex:tile:interactionType:	v20@0:4i8^{Tile=CCCCCCCCCCCCCSSSsCISSSSSQ[8S]}12i16
0x00bb2c6c	Blockhead	instance	stopInteracting	v8@0:4
0x00bb3468	Blockhead	instance	freeBlockBonusCreationCount	i8@0:4
0x00bb3488	Blockhead	instance	freeBlockCreationCountForTile:withItem:	{FreeBlockCreationCount=ii{Vector=[4f]}}16@0:4^{Tile=CCCCCCCCCCCCCSSSsCISSSSSQ[8S]}8@12
0x00bb47d0	Blockhead	instance	canCollapse	c8@0:4
0x00bb4cfc	Blockhead	instance	canSleepOnSpot	c8@0:4
0x00bb51c0	Blockhead	instance	canMeditate	c8@0:4
0x00bb564c	Blockhead	instance	canEat	c8@0:4
0x00bb5740	Blockhead	instance	die	v8@0:4
0x00bb63b8	Blockhead	instance	collapseIfPossible	v8@0:4
0x00bb6b48	Blockhead	instance	sleepOnSpotIfPossible	v8@0:4
0x00bb6e68	Blockhead	instance	meditateIfPossible	v8@0:4
0x00bb7054	Blockhead	instance	sleepOnSpotIfPossibleOtherwiseCancelActions	v8@0:4
0x00bb7114	Blockhead	instance	remoteUpdate:	v12@0:4@8
0x00bb8d6c	Blockhead	instance	remoteCreationDataUpdate:	v12@0:4@8
0x00bb8e54	Blockhead	instance	isIdle	c8@0:4
0x00bb8fa4	Blockhead	instance	onTradeMission	c8@0:4
0x00bb8fe0	Blockhead	instance	shouldContinueSimulating	c8@0:4
0x00bb91a8	Blockhead	instance	setNeedsRemoved:	v12@0:4c8
0x00bb9238	Blockhead	instance	update:accurateDT:isSimulation:	v20@0:4f8f12c16
0x00be5854	Blockhead	instance	prepareInventoryForSaving	v8@0:4
0x00be5d40	Blockhead	instance	pickupItemForTile:astPos:	@20@0:4^{Tile=CCCCCCCCCCCCCSSSsCISSSSSQ[8S]}8{?=ii}12
0x00be91fc	Blockhead	instance	pickUpItemIfPossibleInTile:atPos:	v20@0:4^{Tile=CCCCCCCCCCCCCSSSsCISSSSSQ[8S]}8{?=ii}12
0x00bec89c	Blockhead	instance	sufferDamage:isSimulation:recoil:	v20@0:4f8c12c16
0x00bed9ac	Blockhead	instance	drawForButtonProjectionMatrix:modelViewMatrix:	v136@0:4(_GLKMatrix4={?=ffffffffffffffff}[16f])8(_GLKMatrix4={?=ffffffffffffffff}[16f])72
0x00c01a98	Blockhead	instance	preDrawUpdate:cameraMinXWorld:cameraMaxXWorld:cameraMinYWorld:cameraMaxYWorld:	v28@0:4f8i12i16i20i24
0x00c38e68	Blockhead	instance	draw:projectionMatrix:modelViewMatrix:cameraMinXWorld:cameraMaxXWorld:cameraMinYWorld:cameraMaxYWorld:	v156@0:4f8(_GLKMatrix4={?=ffffffffffffffff}[16f])12(_GLKMatrix4={?=ffffffffffffffff}[16f])76i140i144i148i152
0x00c49968	Blockhead	instance	drawTransparentInventoryItem:projectionMatrix:modelViewMatrix:cameraMinXWorld:cameraMaxXWorld:cameraMinYWorld:cameraMaxYWorld:	v156@0:4f8(_GLKMatrix4={?=ffffffffffffffff}[16f])12(_GLKMatrix4={?=ffffffffffffffff}[16f])76i140i144i148i152
0x00c54bb0	Blockhead	instance	drawName:modelViewMatrix:pinchScale:cameraMinXWorld:cameraMaxXWorld:cameraMinYWorld:cameraMaxYWorld:	v156@0:4(_GLKMatrix4={?=ffffffffffffffff}[16f])8(_GLKMatrix4={?=ffffffffffffffff}[16f])72f136i140i144i148i152
0x00c564c8	Blockhead	instance	drawBoxes:projectionMatrix:modelViewMatrix:pinchScale:cameraMinXWorld:cameraMaxXWorld:cameraMinYWorld:cameraMaxYWorld:	v160@0:4f8(_GLKMatrix4={?=ffffffffffffffff}[16f])12(_GLKMatrix4={?=ffffffffffffffff}[16f])76f140i144i148i152i156
0x00c5c9f0	Blockhead	instance	setPath:type:goalInteraction:extraData:	v24@0:4@8i12i16@20
0x00c5d748	Blockhead	instance	canPickUpItemOfType:subItems:	i16@0:4i8@12
0x00c5d7b8	Blockhead	instance	canPickUpItemOfType:subItems:dataA:dataB:	i24@0:4i8@12S16S20
0x00c5ec34	Blockhead	instance	checkIfCanWarpInSecondBlockheadAfterItemAdded:dataB:	c16@0:4i8i12
0x00c5f904	Blockhead	instance	addItemToInventory:	i12@0:4@8
0x00c5f960	Blockhead	instance	addItemToInventory:flash:	i16@0:4@8c12
0x00c5f9d8	Blockhead	instance	addItemToInventory:flash:disableWarpCheck:	i20@0:4@8c12c16
0x00c5fa6c	Blockhead	instance	addItemToInventory:flash:disableWarpCheck:forceSlotIndex:	i24@0:4@8c12c16i20
0x00c61c00	Blockhead	instance	pickupFreeblockIfPossible:inTile:intentional:	c20@0:4@8^{Tile=CCCCCCCCCCCCCSSSsCISSSSSQ[8S]}12c16
0x00c638a0	Blockhead	instance	inventoryItems	@8@0:4
0x00c638dc	Blockhead	instance	countOfInventoryItemsWithSpecificDataBOfType:dataB:includeActions:	i20@0:4i8i12c16
0x00c644e4	Blockhead	instance	countOfInventoryItemsOfType:includeActions:	i16@0:4i8c12
0x00c6455c	Blockhead	instance	usageMultiplierForFirstItemOfType:	f12@0:4i8
0x00c64ca4	Blockhead	instance	inventoryLocationOfFirstInstanceOfItemType:	{?=ii}12@0:4i8
0x00c65204	Blockhead	instance	totalCash	i8@0:4
0x00c6595c	Blockhead	instance	subtractCash:	v12@0:4i8
0x00c67a58	Blockhead	instance	itemIndexWithGoodInteractionTypeForTile:	{?=ii}12@0:4^{Tile=CCCCCCCCCCCCCSSSsCISSSSSQ[8S]}8
0x00c683c0	Blockhead	instance	sowableItemForAIItemType	i8@0:4
0x00c68964	Blockhead	instance	sowableItemForAIItemIndex	{?=ii}8@0:4
0x00c68f4c	Blockhead	instance	placableLightForAIItemType	i8@0:4
0x00c69424	Blockhead	instance	placableLightForAIItemIndex	{?=ii}8@0:4
0x00c69920	Blockhead	instance	mostCommonFoodTypeIndex	{?=ii}8@0:4
0x00c6a070	Blockhead	instance	itemWillBeRemovedFromInventory:	v12@0:4@8
0x00c6a4f8	Blockhead	instance	subtractItemsFromInventoryOfType:count:	@16@0:4i8i12
0x00c6a55c	Blockhead	instance	subtractItemsFromInventoryOfType:count:dataB:	@20@0:4i8i12i16
0x00c6be48	Blockhead	instance	incrementUsageOfItem:indexToUse:wasAttack:	v20@0:4@8i12c16
0x00c6becc	Blockhead	instance	incrementUsageOfItem:indexToUse:wasAttack:multiplier:	v24@0:4@8i12c16i20
0x00c6cb00	Blockhead	instance	incrementPassiveItemUsage	v8@0:4
0x00c6cb54	Blockhead	instance	incrementUsageOfInteractionItem:	v12@0:4c8
0x00c6cd08	Blockhead	instance	incrementUsageOfClothing	v8@0:4
0x00c6d618	Blockhead	instance	incrementUsageOfIceClothing	v8@0:4
0x00c6dd30	Blockhead	instance	incrementDamageOfArmorClothing:	v12@0:4f8
0x00c6e6b0	Blockhead	instance	incrementFuelUsage	v8@0:4
0x00c6ebc0	Blockhead	instance	inventoryWasChanged:subIndex:wasUsage:	v20@0:4i8i12c16
0x00c7156c	Blockhead	instance	inventoryNeedsSaving	c8@0:4
0x00c7162c	Blockhead	instance	setInventoryNeedsSaving:	v12@0:4c8
0x00c71800	Blockhead	instance	dropInventoryItemsAtIndex:subIndex:count:ignoreFreeblocks:	v24@0:4i8i12i16c20
0x00c71fa0	Blockhead	instance	moveInventoryItemsFromIndex:fromSubIndex:toIndex:toSubIndex:count:	i28@0:4i8i12i16i20i24
0x00c722e8	Blockhead	instance	removeInventoryItemsFromIndex:fromSubIndex:count:	v20@0:4i8i12i16
0x00c72628	Blockhead	instance	moveInventoryItemsFromArray:fromIndex:fromSubIndex:toIndex:toSubIndex:count:movedItems:	i36@0:4@8i12i16i20i24i28@32
0x00c730d0	Blockhead	instance	worldChanged:	v12@0:4^{vector<intpair, std::__1::allocator<intpair> >=^{?}^{?}{__compressed_pair<intpair *, std::__1::allocator<intpair> >=^{?}}}8
0x00c730e8	Blockhead	instance	worldContentsChanged:	v12@0:4^{vector<intpair, std::__1::allocator<intpair> >=^{?}^{?}{__compressed_pair<intpair *, std::__1::allocator<intpair> >=^{?}}}8
0x00c73100	Blockhead	instance	craftItemFinished:atWorkbench:	v16@0:4c8@12
0x00c731c4	Blockhead	instance	requiresPhysicalBlock	c8@0:4
0x00c73288	Blockhead	instance	currentItemSlot	@8@0:4
0x00c73518	Blockhead	instance	setCurrentItemToItemAtIndex:	v16@0:4{?=ii}8
0x00c73804	Blockhead	instance	currentItem	@8@0:4
0x00c73b38	Blockhead	instance	currentItemSubIndex	i8@0:4
0x00c73d6c	Blockhead	instance	removeItem:index:wasUsedUp:	v20@0:4@8i12c16
0x00c746d0	Blockhead	instance	removeCurrentItem	v8@0:4
0x00c74c70	Blockhead	instance	removeInteractionItem:	v12@0:4c8
0x00c74e24	Blockhead	instance	hasInteractionInventoryItemAvailable	c8@0:4
0x00c75364	Blockhead	instance	setSelectedToolIndex:	v12@0:4i8
0x00c753d4	Blockhead	instance	selectedToolIndex	i8@0:4
0x00c75410	Blockhead	instance	infoForPathRecalculation	@8@0:4
0x00c7922c	Blockhead	instance	setWaitingForPathToPos:	v16@0:4{?=ii}8
0x00c79494	Blockhead	instance	setNoLongerWaitingForPath	v8@0:4
0x00c794d4	Blockhead	instance	waitingForPath	c8@0:4
0x00c79510	Blockhead	instance	crouching	c8@0:4
0x00c79598	Blockhead	instance	useCurrentItemIfPossible	c8@0:4
0x00c7adbc	Blockhead	instance	idle	c8@0:4
0x00c7af40	Blockhead	instance	asleep	c8@0:4
0x00c7afc8	Blockhead	instance	meditating	c8@0:4
0x00c7b018	Blockhead	instance	regenerating	c8@0:4
0x00c7b054	Blockhead	instance	wakeUp	v8@0:4
0x00c7b0a0	Blockhead	instance	falling	c8@0:4
0x00c7b15c	Blockhead	instance	sleepRushed	v8@0:4
0x00c7b2d8	Blockhead	instance	regenerateRushed	v8@0:4
0x00c7b31c	Blockhead	instance	setMotion:	v16@0:4{Vector2=[2f]}8
0x00c7b4a0	Blockhead	instance	motionShouldBeDiscreteValues	c8@0:4
0x00c7b560	Blockhead	instance	swipeUpGesture	v8@0:4
0x00c7b5fc	Blockhead	instance	cameraPos	{Vector2=[2f]}8@0:4
0x00c7b8a0	Blockhead	instance	cameraZOffset	f8@0:4
0x00c7b990	Blockhead	instance	allowsPanning	c8@0:4
0x00c7bb4c	Blockhead	instance	fishingRodCast:	v16@0:4{Vector2=[2f]}8
0x00c7bd30	Blockhead	instance	setRidingObject:	v12@0:4@8
0x00c7bee4	Blockhead	instance	requiresMotionEvents	c8@0:4
0x00c7c0d0	Blockhead	instance	dpadShouldAllowUpDown	c8@0:4
0x00c7c224	Blockhead	instance	requiresSwipeEvents	c8@0:4
0x00c7c320	Blockhead	instance	stopInteractingWithInteractionObjectsIfNoInteractionObject	v8@0:4
0x00c7c4a8	Blockhead	instance	canUseDynamicObject:	c12@0:4@8
0x00c7c5f0	Blockhead	instance	removeInventoryItemIdenticalTo:	v12@0:4@8
0x00c7ca5c	Blockhead	instance	remotePickupRequestResponse:uniqueIDs:count:	v20@0:4c8^Q12i16
0x00c7cde8	Blockhead	instance	cancelAnyActionAtGoalPos:orWithInteractionObjectID:goalInteraction:craftCountOrExtraData:	c32@0:4{?=ii}8Q16i24s28
0x00c7d2b8	Blockhead	instance	hasCancelableActionAtGoalPos:orWithInteractionObjectID:goalInteraction:craftCountOrExtraData:	c32@0:4{?=ii}8Q16i24s28
0x00c7d590	Blockhead	instance	queueActionWithGoalPos:goalInteraction:pathType:interactionObjectID:craftableItemObject:craftCountOrExtraData:isAI:	c44@0:4{?=ii}8i16i20Q24@32s36c40
0x00c7d680	Blockhead	instance	queueActionWithGoalPos:goalInteraction:pathType:interactionObjectID:craftableItemObject:craftCountOrExtraData:disableCancelCheck:isAI:	c48@0:4{?=ii}8i16i20Q24@32s36c40c44
0x00c800e4	Blockhead	instance	hasActions	c8@0:4
0x00c8015c	Blockhead	instance	currentInteractionRequiresHumanInput	c8@0:4
0x00c803b8	Blockhead	instance	actionCount	i8@0:4
0x00c8041c	Blockhead	instance	setPaused:	v12@0:4c8
0x00c80584	Blockhead	instance	paused	c8@0:4
0x00c805c0	Blockhead	instance	currentTipText	@8@0:4
0x00c80940	Blockhead	instance	stopAllActions	v8@0:4
0x00c80b84	Blockhead	instance	fillReceiptsReturned:	v12@0:4@8
0x00c80de0	Blockhead	instance	isRunByAI	c8@0:4
0x00c80e34	Blockhead	instance	stopFishing	v8@0:4
0x00c80fb0	Blockhead	instance	fishingRod	@8@0:4
0x00c80fec	Blockhead	instance	canFish	c8@0:4
0x00c811e0	Blockhead	instance	addToCrystalDiscrepency:	v12@0:4i8
0x00c8122c	Blockhead	instance	canTeleportToPos:	c16@0:4{?=ii}8
0x00c81750	Blockhead	instance	teleportToPos:	c16@0:4{?=ii}8
0x00c81a44	Blockhead	instance	canEnterFreeFlightMode	c8@0:4
0x00c81cd8	Blockhead	instance	doubleTimeUnlocked	c8@0:4
0x00c81da4	Blockhead	instance	waitingForFillRequestAtPos:	c16@0:4{?=ii}8
0x00c81e80	Blockhead	instance	localNetID	@8@0:4
0x00c81f74	Blockhead	instance	addExpectedCraftItem:	v12@0:4i8
0x00c820e8	Blockhead	instance	canCrawl	c8@0:4
0x00c82104	Blockhead	instance	hungerPaused	c8@0:4
0x00c8219c	Blockhead	instance	tapIsWithinBodyRadius:	c16@0:4{Vector2=[2f]}8
0x00c82628	Blockhead	instance	hitWithForce:blockhead:	v16@0:4i8@12
0x00c828c4	Blockhead	instance	isVisible	c8@0:4
0x00c82900	Blockhead	instance	center	{Vector2=[2f]}8@0:4
0x00c82a2c	Blockhead	instance	willDieIfHitByForce:	c12@0:4i8
0x00c82a4c	Blockhead	instance	interacting	c8@0:4
0x00c82a88	Blockhead	instance	dieForGood	v8@0:4
0x00c82e90	Blockhead	instance	updateNameTextView	v8@0:4
0x00c82f18	Blockhead	instance	canFly	c8@0:4
0x00c82fc4	Blockhead	instance	jetpackFuelCount	i8@0:4
0x00c833bc	Blockhead	instance	addToJetFuel	c8@0:4
0x00c837b8	Blockhead	instance	jetPackIsLowOnFuel	c8@0:4
0x00c83864	Blockhead	instance	freeFlightButtonTapped	v8@0:4
0x00c83a54	Blockhead	instance	isInJetPackFreeFlightMode	c8@0:4
0x00c83a90	Blockhead	instance	updateJetMotion:	v12@0:4f8
0x00c863e0	Blockhead	instance	hasJetPackEquipped	c8@0:4
0x00c86434	Blockhead	instance	freeBlockPickupRadius	f8@0:4
0x00c86548	Blockhead	instance	isMale	c8@0:4
0x00c86584	Blockhead	instance	changeName:	v12@0:4@8
0x00c867d8	Blockhead	instance	heldItemType	i8@0:4
0x00c86934	Blockhead	instance	moving	c8@0:4
0x00c86ae4	Blockhead	instance	dpadShouldBeDisplayed	c8@0:4
0x00c86e4c	Blockhead	instance	beingControlledByDPad	c8@0:4
0x00c86e88	Blockhead	instance	distanceTravelledThisDPadMovementSinceLastRequest	{Vector2=[2f]}8@0:4
0x00c87060	Blockhead	instance	startTradeMission:tradePortal:	v44@0:4{TradeMission=QIIISSCCCC[4C]}8@40
0x00c87a60	Blockhead	instance	unableToWorkReason	i8@0:4
0x00c87b8c	Blockhead	instance	titleForCraftProgressUI	@8@0:4
0x00c87bc8	Blockhead	instance	isDoubleHeight	c8@0:4
0x00c87be8	Blockhead	instance	abortCraft	v8@0:4
0x00c881f8	Blockhead	instance	hurryCompletion:	v12@0:4i8
0x00c88c08	Blockhead	instance	craftProgressUICompleteButtonTapped	v8@0:4
0x00c89c2c	Blockhead	instance	craftProgressUIRequiresCollectButtonWhenCompleted	c8@0:4
0x00c89c48	Blockhead	instance	hurryCostForCraftTimeRemaining:totalCraftTime:	i16@0:4i8i12
0x00c89df0	Blockhead	instance	skinOptions	{BlockheadSkinOptions=CCCC{MJColor8=CCCC}{MJColor8=CCCC}{MJColor8=CCCC}{MJColor8=CCCC}}8@0:4
0x00c89e3c	Blockhead	instance	customizationChanged:	v28@0:4{BlockheadSkinOptions=CCCC{MJColor8=CCCC}{MJColor8=CCCC}{MJColor8=CCCC}{MJColor8=CCCC}}8
0x00c89eec	Blockhead	instance	customizationComplete:	v28@0:4{BlockheadSkinOptions=CCCC{MJColor8=CCCC}{MJColor8=CCCC}{MJColor8=CCCC}{MJColor8=CCCC}}8
0x00c8a014	Blockhead	instance	customizeBlockheadUIShouldHaveOKButton	c8@0:4
0x00c8a030	Blockhead	instance	nextPos	{?=ii}8@0:4
0x00c8a090	Blockhead	instance	name	@8@0:4
0x00c8a0d4	Blockhead	instance	pathNeedsRecalculated	c8@0:4
0x00c8a110	Blockhead	instance	setPathNeedsRecalculated:	v12@0:4c8
0x00c8a154	Blockhead	instance	renderPos	{Vector2=[2f]}8@0:4
0x00c8a1b4	Blockhead	instance	saveItemSlotsArray	@8@0:4
0x00c8a1f8	Blockhead	instance	clientID	@8@0:4
0x00c8a230	Blockhead	instance	setClientID:	v12@0:4@8
0x00c8a27c	Blockhead	instance	clientName	@8@0:4
0x00c8a2b4	Blockhead	instance	setClientName:	v12@0:4@8
0x00c8a300	Blockhead	instance	clientSaveDir	@8@0:4
0x00c8a338	Blockhead	instance	setClientSaveDir:	v12@0:4@8
0x00c8a384	Blockhead	instance	viewRadius	i8@0:4
0x00c8a3c0	Blockhead	instance	needsHarmFlash	c8@0:4
0x00c8a3fc	Blockhead	instance	setNeedsHarmFlash:	v12@0:4c8
0x00c8a440	Blockhead	instance	rideObject	@8@0:4
0x00c8a484	Blockhead	instance	isCurrentlyActiveBlockheadAccordingToNetData	c8@0:4
0x00c8a4c0	Blockhead	instance	isClientBlockheadBeingControlledByServer	c8@0:4
0x00c8a4fc	Blockhead	instance	setIsClientBlockheadBeingControlledByServer:	v12@0:4c8
0x00c8a540	Blockhead	instance	currentTemperature	f8@0:4
0x00c8a588	Blockhead	instance	cancelSimulateDueToCollapse	c8@0:4
0x00c8a5c4	Blockhead	instance	tipType	i8@0:4
0x00c8a600	Blockhead	instance	setTipType:	v12@0:4i8
0x00c8a644	Blockhead	instance	actionQueue	@8@0:4
0x00c8a688	Blockhead	instance	currentTradeMission	{TradeMission=QIIISSCCCC[4C]}8@0:4
0x00c8a6e8	Blockhead	instance	.cxx_destruct	v8@0:4
0x00c8a768	Blockhead	instance	.cxx_construct	@8@0:4
0x00c8d4fc	BHChatButton	class	initialize	v8@0:4
0x00c8d970	BHChatButton	instance	initWithFrame:	@24@0:4{CGRect={CGPoint=ff}{CGSize=ff}}8
0x00c8dc30	BHChatButton	instance	setGreen:	v12@0:4c8
0x00c8dd80	BHTapView	instance	initWithFrame:chatView:	@28@0:4{CGRect={CGPoint=ff}{CGSize=ff}}8@24
0x00c8de8c	BHTapView	instance	touchesBegan:withEvent:	v16@0:4@8@12
0x00c8df6c	ChatView	class	initialize	v8@0:4
0x00c8e2fc	ChatView	instance	init	@8@0:4
0x00c8e4c0	ChatView	instance	dealloc	v8@0:4
0x00c8e908	ChatView	instance	keyboardWillBeHidden:	v12@0:4@8
0x00c8e920	ChatView	instance	transitionFromNotificationToFullViewDisplayTextEntry:	v12@0:4c8
0x00c8ef50	ChatView	instance	updateFrameInViewDelayed:	v12@0:4@8
0x00c8f160	ChatView	instance	updateFrameInView:	v12@0:4@8
0x00c91034	ChatView	instance	showInView:isNotification:displayTextEntry:	v20@0:4@8c12c16
0x00c933b8	ChatView	instance	endEditingOrHide	v8@0:4
0x00c9349c	ChatView	instance	hide	v8@0:4
0x00c93794	ChatView	instance	updateNotifcations:	v12@0:4c8
0x00c9415c	ChatView	instance	delayedUpdateNotifcations	v8@0:4
0x00c941b0	ChatView	instance	updateHeightForMessage:	v12@0:4@8
0x00c948a4	ChatView	instance	addChatMessage:displayNotification:	v16@0:4@8c12
0x00c94f7c	ChatView	instance	textView:shouldChangeTextInRange:replacementText:	c24@0:4@8{_NSRange=II}12@20
0x00c95034	ChatView	instance	endTextEditing	v8@0:4
0x00c955a4	ChatView	instance	newButton:	v12@0:4@8
0x00c960dc	ChatView	instance	closeButton:	v12@0:4@8
0x00c9612c	ChatView	instance	tableView:numberOfRowsInSection:	i16@0:4@8i12
0x00c96198	ChatView	instance	tableViewCellWithReuseIdentifier:	@12@0:4@8
0x00c96e8c	ChatView	instance	tableView:cellForRowAtIndexPath:	@16@0:4@8@12
0x00c97ac4	ChatView	instance	tableView:heightForRowAtIndexPath:	f16@0:4@8@12
0x00c97cb8	ChatView	instance	touchInView:	c16@0:4{CGPoint=ff}8
0x00c980a0	ChatView	instance	clear	v8@0:4
0x00c9814c	ChatView	instance	textViewDidBeginEditing:	v12@0:4@8
0x00c981bc	ChatView	instance	view	@8@0:4
0x00c981f8	ChatView	instance	visible	c8@0:4
0x00c98234	ChatView	instance	delegate	@8@0:4
0x00c98278	ChatView	instance	setDelegate:	v12@0:4@8
0x00c982bc	ChatView	instance	isNotification	c8@0:4
0x00c984cc	Window	instance	initSubDerivedItems	v8@0:4
0x00c984e0	Window	instance	objectType	i8@0:4
0x00c984fc	Window	instance	freeblockCreationItemType	i8@0:4
0x00c98538	Window	instance	setNeedsRemoved:	v12@0:4c8
0x00c986a0	Window	instance	initWithWorld:dynamicWorld:atPosition:cache:type:saveDict:placedByClient:	@40@0:4@8@12{?=ii}16@24i28@32@36
0x00c98944	Window	instance	initWithWorld:dynamicWorld:saveDict:cache:	@24@0:4@8@12@16@20
0x00c98b70	Window	instance	initWithWorld:dynamicWorld:cache:netData:	@24@0:4@8@12@16@20
0x00c98e80	Window	instance	getSaveDict	@8@0:4
0x00c99040	Window	instance	updateNetDataForClient:	@12@0:4@8
0x00c99094	Window	instance	creationNetDataForClient:	@12@0:4@8
0x00c994a4	Window	instance	dealloc	v8@0:4
0x00c99568	Window	instance	draw:projectionMatrix:modelViewMatrix:cameraMinXWorld:cameraMaxXWorld:cameraMinYWorld:cameraMaxYWorld:	v156@0:4f8(_GLKMatrix4={?=ffffffffffffffff}[16f])12(_GLKMatrix4={?=ffffffffffffffff}[16f])76i140i144i148i152
0x00c99790	Window	instance	occupiesBackgroundContents	c8@0:4
0x00c99a14	MJColorWell	instance	initWithFrame:cache:windowInfo:color:	@48@0:4{CGRect={CGPoint=ff}{CGSize=ff}}8@24^{WindowInfo=ffffffff}28{MJColor=ffff}32
0x00c99dc0	MJColorWell	instance	dealloc	v8@0:4
0x00c99e2c	MJColorWell	instance	renderFrame:projectionMatrix:	v76@0:4f8(_GLKMatrix4={?=ffffffffffffffff}[16f])12
0x00c9adb4	MJColorWell	instance	setSelected:	v12@0:4c8
0x00c9ae5c	PathCreator	instance	initWithWorld:	@12@0:4@8
0x00c9afd8	PathCreator	instance	dealloc	v8@0:4
0x00c9b270	PathCreator	instance	tileDerivedPropertiesAtWorldIndex:	^{DerivedTileProperties=iiiiiiic@}12@0:4i8
0x00c9deb0	PathCreator	instance	updatePath	v8@0:4
0x00ca3740	PathCreator	instance	calculatePath	v8@0:4
0x00ca4614	PathCreator	instance	calculateFallPath	@8@0:4
0x00ca5560	PathCreator	instance	createPathWithDict:	v12@0:4@8
0x00ca5c60	PathCreator	instance	abortPath	v8@0:4
0x00ca5cdc	PathCreator	instance	path	@8@0:4
0x00ca5d20	PathCreator	instance	inProgress	c8@0:4
0x00ca5d5c	PathCreator	instance	pathUser	@8@0:4
0x00ca5da0	PathCreator	instance	goalX	i8@0:4
0x00ca5ddc	PathCreator	instance	goalY	i8@0:4
0x00ca5e18	PathCreator	instance	goalInteraction	i8@0:4
0x00ca5e54	PathCreator	instance	pathType	i8@0:4
0x00ca5e90	PathCreator	instance	hasPath	c8@0:4
0x00ca5ecc	PathCreator	instance	setHasPath:	v12@0:4c8
0x00ca5f10	PathCreator	instance	extraData	@8@0:4
0x00ca5f54	PathCreator	instance	.cxx_destruct	v8@0:4
0x00ca5fd4	PathCreator	instance	.cxx_construct	@8@0:4
0x00ca8304	GlowBlock	instance	initSubDerivedItems	v8@0:4
0x00ca8318	GlowBlock	instance	objectType	i8@0:4
0x00ca8334	GlowBlock	instance	getLightRGB	{Vector=[4f]}8@0:4
0x00ca83d4	GlowBlock	instance	initWithWorld:dynamicWorld:atPosition:cache:tile:	@32@0:4@8@12{?=ii}16@24^{Tile=CCCCCCCCCCCCCSSSsCISSSSSQ[8S]}28
0x00ca8920	GlowBlock	instance	initWithWorld:dynamicWorld:saveDict:cache:	@24@0:4@8@12@16@20
0x00ca8c78	GlowBlock	instance	getSaveDict	@8@0:4
0x00ca8e64	GlowBlock	instance	dealloc	v8@0:4
0x00ca8f4c	GlowBlock	instance	removeFromMacroBlock	v8@0:4
0x00ca90bc	GlowBlock	instance	worldChanged:	v12@0:4^{vector<intpair, std::__1::allocator<intpair> >=^{?}^{?}{__compressed_pair<intpair *, std::__1::allocator<intpair> >=^{?}}}8
0x00ca93ac	GlowBlock	instance	setNeedsRemoved:	v12@0:4c8
0x00ca9500	GlowBlock	instance	lightGlowQuadCount	i8@0:4
0x00ca955c	GlowBlock	instance	lightPos	{Vector=[4f]}8@0:4
0x00ca960c	GlowBlock	instance	addArtificialLightContributionForPhysicalBlockLoadedAtXPos:yPos:	v16@0:4i8i12
0x00ca97ac	BHMatch	instance	localPlayerID	@8@0:4
0x00ca97dc	BHMatch	instance	localPlayerName	@8@0:4
0x00ca980c	BHMatch	instance	playerIDs	@8@0:4
0x00ca9828	BHMatch	instance	setDelegate:	v12@0:4@8
0x00ca986c	BHMatch	instance	disconnect	v8@0:4
0x00ca9880	BHMatch	instance	voiceChatWithName:	@12@0:4@8
0x00ca98a0	BHMatch	instance	expectedPlayerCount	I8@0:4
0x00ca98bc	BHMatch	instance	sendData:toPlayers:withDataMode:error:	c24@0:4@8@12i16^@20
0x00ca98f4	BHMatch	instance	loadInfoForPlayer:	@12@0:4@8
0x00ca9978	BHMatch	instance	clientPlayerInformationRecieved:fromPeer:	@16@0:4@8@12
0x00ca999c	BHMatch	instance	clientApprovedWithInfo:	v12@0:4@8
0x00ca99b4	BHMatch	instance	sendPlayerInformationToServer:password:	v16@0:4@8@12
0x00ca99d0	BHMatch	instance	updatedPlayerListRecievedFromServer:	v12@0:4@8
0x00ca9bd0	BHMatch	instance	persistentIDForNetID:	@12@0:4@8
0x00ca9bec	BHMatch	instance	audioChatSupported	c8@0:4
0x00ca9c08	BHMatch	instance	requiresPlayerAuthentication	c8@0:4
0x00ca9c24	BHMatch	instance	usesGameCenterPlayerInformation	c8@0:4
0x00ca9c40	BHMatch	instance	connectedPlayerIDs	@8@0:4
0x00ca9c5c	BHMatch	instance	removeClient:	v12@0:4@8
0x00ca9c74	BHMatch	instance	disconnectPlayer:	v12@0:4@8
0x00ca9c8c	BHMatch	instance	isCloudMatch	c8@0:4
0x00ca9ca8	BHMatch	instance	owned	c8@0:4
0x00ca9cc4	BHMatch	instance	ownerName	@8@0:4
0x00ca9ce0	BHMatch	instance	cloudSalt	@8@0:4
0x00ca9cfc	BHMatch	instance	host	@8@0:4
0x00ca9d40	BHMatch	instance	port	@8@0:4
0x00ca9d84	GameUIView	instance	loadResources	v8@0:4
0x00ca9dc8	GameUIView	instance	render:translation:pinchScale:	v24@0:4f8{Vector2=[2f]}12f20
0x00ca9fcc	GameUIView	instance	setDisplayed:	v12@0:4c8
0x00caa074	GameUIView	instance	displayed	c8@0:4
0x00caa0b0	GameUIView	instance	canDismiss	c8@0:4
0x00caa0cc	GameUIView	instance	stopBlockheadInteractingWhenDismissed	c8@0:4
0x00caa0e8	GameUIView	instance	dismissWhenBlockheadStopsInteracting	c8@0:4
0x00caa138	GameUIView	instance	hideDpadWhenVisible	c8@0:4
0x00caa154	GameUIView	instance	center:	{Vector2=[2f]}12@0:4f8
0x00caa198	GameUIView	instance	touchIsInUI:	c16@0:4{CGPoint=ff}8
0x00caa1bc	GameUIView	instance	touchIsInViewAtAll:	c16@0:4{CGPoint=ff}8
0x00caa1e0	GameUIView	instance	startTouch:tapCount:	c20@0:4{CGPoint=ff}8i16
0x00caa210	GameUIView	instance	moveTouch:	v16@0:4{CGPoint=ff}8
0x00caa22c	GameUIView	instance	endTouch:	v16@0:4{CGPoint=ff}8
0x00caa248	GameUIView	instance	windowInfoChanged:	v12@0:4^{WindowInfo=ffffffff}8
0x00caa2c4	InventoryFullUI	instance	loadResources	v8@0:4
0x00caaacc	InventoryFullUI	instance	initWithWorld:windowInfo:cache:	@20@0:4@8^{WindowInfo=ffffffff}12@16
0x00caabe4	InventoryFullUI	instance	dealloc	v8@0:4
0x00caad18	InventoryFullUI	instance	setBlockhead:pos:	v20@0:4@8{?=ii}12
0x00caae84	InventoryFullUI	instance	blockhead	@8@0:4
0x00caaec0	InventoryFullUI	instance	windowInfoChanged:	v12@0:4^{WindowInfo=ffffffff}8
0x00caafe4	InventoryFullUI	instance	render:translation:pinchScale:	v24@0:4f8{Vector2=[2f]}12f20
0x00cac4c4	InventoryFullUI	instance	touchIsInViewAtAll:	c16@0:4{CGPoint=ff}8
0x00cac640	InventoryFullUI	instance	touchIsInUI:	c16@0:4{CGPoint=ff}8
0x00cac728	InventoryFullUI	instance	startTouch:tapCount:	c20@0:4{CGPoint=ff}8i16
0x00cac824	InventoryFullUI	instance	moveTouch:	v16@0:4{CGPoint=ff}8
0x00cac904	InventoryFullUI	instance	endTouch:	v16@0:4{CGPoint=ff}8
0x00cac9e4	InventoryFullUI	instance	center:	{Vector2=[2f]}12@0:4f8
0x00cacaa8	InventoryFullUI	instance	.cxx_construct	@8@0:4
0x00cacc58	ElevatorShaft	instance	initSubDerivedItems	v8@0:4
0x00cacf38	ElevatorShaft	instance	objectType	i8@0:4
0x00cacf54	ElevatorShaft	instance	initWithWorld:dynamicWorld:atPosition:cache:type:saveDict:placedByClient:	@40@0:4@8@12{?=ii}16@24i28@32@36
0x00cad2cc	ElevatorShaft	instance	initWithWorld:dynamicWorld:saveDict:cache:	@24@0:4@8@12@16@20
0x00cad624	ElevatorShaft	instance	initWithWorld:dynamicWorld:cache:netData:	@24@0:4@8@12@16@20
0x00cad998	ElevatorShaft	instance	getSaveDict	@8@0:4
0x00cadd14	ElevatorShaft	instance	updateNetDataForClient:	@12@0:4@8
0x00cadd68	ElevatorShaft	instance	creationNetDataForClient:	@12@0:4@8
0x00cae218	ElevatorShaft	instance	remoteUpdate:	v12@0:4@8
0x00cae414	ElevatorShaft	instance	dealloc	v8@0:4
0x00cae4d8	ElevatorShaft	instance	draw:projectionMatrix:modelViewMatrix:cameraMinXWorld:cameraMaxXWorld:cameraMinYWorld:cameraMaxYWorld:	v156@0:4f8(_GLKMatrix4={?=ffffffffffffffff}[16f])12(_GLKMatrix4={?=ffffffffffffffff}[16f])76i140i144i148i152
0x00caf680	ElevatorShaft	instance	worldChanged:	v12@0:4^{vector<intpair, std::__1::allocator<intpair> >=^{?}^{?}{__compressed_pair<intpair *, std::__1::allocator<intpair> >=^{?}}}8
0x00cafb50	ElevatorShaft	instance	staticGeometryDrawQuadCountForMacroPos:	i16@0:4{?=ii}8
0x00cafbb8	ElevatorShaft	instance	addDrawQuadData:fromIndex:forMacroPos:	i24@0:4^f8i12{?=ii}16
0x00cb0394	ElevatorShaft	instance	staticGeometryDrawCubeCount	i8@0:4
0x00cb03f0	ElevatorShaft	instance	freeblockCreationItemType	i8@0:4
0x00cb042c	ElevatorShaft	instance	freeBlockCreationSaveDict	@8@0:4
0x00cb0478	ElevatorShaft	instance	freeBlockCreationDataA	S8@0:4
0x00cb0494	ElevatorShaft	instance	freeBlockCreationDataB	S8@0:4
0x00cb04b0	ElevatorShaft	instance	addDrawCubeData:fromIndex:	i16@0:4^f8i12
0x00cb1138	ElevatorShaft	instance	open	v8@0:4
0x00cb1178	ElevatorShaft	instance	removeFromMacroBlock	v8@0:4
0x00cb12f4	ElevatorShaft	instance	paint:	v12@0:4S8
0x00cb150c	ElevatorShaft	instance	isPaintable	c8@0:4
0x00cb1528	ElevatorShaft	instance	occupiesNormalContents	c8@0:4
0x00cb1544	ElevatorShaft	instance	lastKnownMotorPos	{?=ii}8@0:4
0x00cb15a4	ElevatorShaft	instance	.cxx_construct	@8@0:4
0x00cb1d64	SFHFKeychainUtils	class	getPasswordForUsername:andServiceName:error:	@20@0:4@8@12^@16
0x00cb2560	SFHFKeychainUtils	class	storeUsername:andPassword:forServiceName:updateExisting:error:	c28@0:4@8@12@16c20^@24
0x00cb2ec4	SFHFKeychainUtils	class	deleteItemForUsername:andServiceName:error:	c20@0:4@8@12^@16
0x00cb32e8	EvolutionAppDelegate	instance	startThirdPartySDKs:	v12@0:4i8
0x00cb36c4	EvolutionAppDelegate	instance	showGDPRPrompt	v8@0:4
0x00cb3830	EvolutionAppDelegate	instance	connection:didReceiveResponse:	v16@0:4@8@12
0x00cb38dc	EvolutionAppDelegate	instance	connection:didReceiveData:	v16@0:4@8@12
0x00cb398c	EvolutionAppDelegate	instance	connection:didFailWithError:	v16@0:4@8@12
0x00cb3bdc	EvolutionAppDelegate	instance	connectionDidFinishLoading:	v12@0:4@8
0x00cb3f5c	EvolutionAppDelegate	instance	sendEUCheck	v8@0:4
0x00cb4174	EvolutionAppDelegate	instance	checkGDPR	v8@0:4
0x00cb4294	EvolutionAppDelegate	instance	application:didFinishLaunchingWithOptions:	c16@0:4@8@12
0x00cb4514	EvolutionAppDelegate	instance	applicationWillResignActive:	v12@0:4@8
0x00cb458c	EvolutionAppDelegate	instance	applicationDidEnterBackground:	v12@0:4@8
0x00cb4604	EvolutionAppDelegate	instance	applicationWillEnterForeground:	v12@0:4@8
0x00cb467c	EvolutionAppDelegate	instance	applicationDidBecomeActive:	v12@0:4@8
0x00cb4830	EvolutionAppDelegate	instance	applicationWillTerminate:	v12@0:4@8
0x00cb48a8	EvolutionAppDelegate	instance	shouldDisplayInterstitial:	c12@0:4@8
0x00cb4984	EvolutionAppDelegate	instance	shouldRequestInterstitialsInFirstSession	c8@0:4
0x00cb49a0	EvolutionAppDelegate	instance	application:handleOpenURL:	c16@0:4@8@12
0x00cb4a24	EvolutionAppDelegate	instance	alertView:clickedButtonAtIndex:	v16@0:4@8i12
0x00cb4bc8	EvolutionAppDelegate	instance	dealloc	v8@0:4
0x00cb4cc8	EvolutionAppDelegate	instance	window	@8@0:4
0x00cb4d04	EvolutionAppDelegate	instance	setWindow:	v12@0:4@8
0x00cb4d50	EvolutionAppDelegate	instance	viewController	@8@0:4
0x00cb4d8c	EvolutionAppDelegate	instance	setViewController:	v12@0:4@8
0x00cb4dd8	EvolutionAppDelegate	instance	gdprAccepted	B8@0:4
0x00cb4e1c	EvolutionAppDelegate	instance	setGdprAccepted:	v12@0:4B8
0x00cb4ec4	Chest	instance	objectType	i8@0:4
0x00cb4ee0	Chest	instance	initSubDerivedItems	v8@0:4
0x00cb517c	Chest	instance	initWithWorld:dynamicWorld:atPosition:cache:item:flipped:saveDict:placedByClient:clientName:	@48@0:4@8@12{?=ii}16@24@28c32@36@40@44
0x00cb627c	Chest	instance	initWithWorld:dynamicWorld:saveDict:cache:	@24@0:4@8@12@16@20
0x00cb6e5c	Chest	instance	initWithWorld:dynamicWorld:cache:netData:	@24@0:4@8@12@16@20
0x00cb7ac8	Chest	instance	inventoryDataAllowingEmpty:	@12@0:4c8
0x00cb8140	Chest	instance	updateInventoryWithData:	v12@0:4@8
0x00cb88b4	Chest	instance	remoteInventoryDataRecieved:	v12@0:4@8
0x00cb8908	Chest	instance	updateNetDataForClient:	@12@0:4@8
0x00cb94ec	Chest	instance	dealloc	v8@0:4
0x00cb95b0	Chest	instance	getSaveDict	@8@0:4
0x00cb9638	Chest	instance	getSaveDictIncludingInventory:	@12@0:4c8
0x00cba410	Chest	instance	interactionObjectType	S8@0:4
0x00cba42c	Chest	instance	remoteUpdate:	v12@0:4@8
0x00cbb1d0	Chest	instance	draw:projectionMatrix:modelViewMatrix:cameraMinXWorld:cameraMaxXWorld:cameraMinYWorld:cameraMaxYWorld:	v156@0:4f8(_GLKMatrix4={?=ffffffffffffffff}[16f])12(_GLKMatrix4={?=ffffffffffffffff}[16f])76i140i144i148i152
0x00cbb3f8	Chest	instance	moveInventoryItemsFromArray:toIndex:count:assignedIndexes:	i24@0:4@8i12i16^{set<int, std::__1::less<int>, std::__1::allocator<int> >={__tree<int, std::__1::less<int>, std::__1::allocator<int> >=^{__tree_node<int, void *>}{__compressed_pair<std::__1::__tree_end_node<std::__1::__tree_node_base<void *> *>, std::__1::allocator<std::__1::__tree_node<int, void *> > >={__tree_end_node<std::__1::__tree_node_base<void *> *>=^{__tree_node_base<void *>}}}{__compressed_pair<unsigned long, std::__1::less<int> >=L}}}20
0x00cbc100	Chest	instance	moveInventoryItemsFromArray:toIndex:count:	i20@0:4@8i12i16
0x00cbc1d0	Chest	instance	contentsDidChange	v8@0:4
0x00cbc4f0	Chest	instance	update:accurateDT:isSimulation:	v20@0:4f8f12c16
0x00cbc704	Chest	instance	worldChanged:	v12@0:4^{vector<intpair, std::__1::allocator<intpair> >=^{?}^{?}{__compressed_pair<intpair *, std::__1::allocator<intpair> >=^{?}}}8
0x00cbd0ec	Chest	instance	worldContentsChanged:	v12@0:4^{vector<intpair, std::__1::allocator<intpair> >=^{?}^{?}{__compressed_pair<intpair *, std::__1::allocator<intpair> >=^{?}}}8
0x00cbd140	Chest	instance	freeblockCreationItemType	i8@0:4
0x00cbd228	Chest	instance	freeBlockCreationSaveDict	@8@0:4
0x00cbd274	Chest	instance	freeBlockCreationDataA	S8@0:4
0x00cbd290	Chest	instance	freeBlockCreationDataB	S8@0:4
0x00cbd2ac	Chest	instance	remove:	v12@0:4@8
0x00cbd524	Chest	instance	setNeedsRemoved:	v12@0:4c8
0x00cbd634	Chest	instance	destroyItemType	i8@0:4
0x00cbd67c	Chest	instance	title	@8@0:4
0x00cbd834	Chest	instance	actionTitle	@8@0:4
0x00cbd8e8	Chest	instance	requiresHumanInteraction	c8@0:4
0x00cbd904	Chest	instance	chestType	i8@0:4
0x00cbd940	Chest	instance	canBeUsedByBlockhead:	c12@0:4@8
0x00cbdb90	Chest	instance	updatePosition:	v16@0:4{?=ii}8
0x00cbdce4	Chest	instance	removeFromMacroBlock	v8@0:4
0x00cbe030	Chest	instance	staticGeometryDrawCubeCount	i8@0:4
0x00cbe330	Chest	instance	startInteractionWithBlockhead:	v12@0:4@8
0x00cbe5c0	Chest	instance	addDrawCubeData:fromIndex:	i16@0:4^f8i12
0x00cc19fc	Chest	instance	staticGeometryDrawQuadCountForMacroPos:	i16@0:4{?=ii}8
0x00cc1a64	Chest	instance	addDrawQuadData:fromIndex:forMacroPos:	i24@0:4^f8i12{?=ii}16
0x00cc1e78	Chest	instance	staticGeometryDrawItemQuadCount	i8@0:4
0x00cc21d4	Chest	instance	addDrawItemQuadData:fromIndex:	i16@0:4^f8i12
0x00cc3140	Chest	instance	staticGeometryDodoEggCount	i8@0:4
0x00cc3430	Chest	instance	addDodoEggDrawQuadData:fromIndex:	i16@0:4^f8i12
0x00cc39d0	Chest	instance	interactionRenderItemType	i8@0:4
0x00cc3a18	Chest	instance	paint:	v12@0:4S8
0x00cc3bbc	Chest	instance	isPaintable	c8@0:4
0x00cc3bd8	Chest	instance	loadInventoryItemsFromDiskIfNeeded	v8@0:4
0x00cc3d04	Chest	instance	inventoryItems	@8@0:4
0x00cc3e24	Chest	instance	occupiesNormalContents	c8@0:4
0x00cc3e40	Chest	instance	removeItemIfAvailable:	c12@0:4i8
0x00cc41bc	Chest	instance	inventoryChanged	c8@0:4
0x00cc5760	NewBlockheadUI	instance	randomizeForGender:allowNameChange:	v16@0:4i8c12
0x00cc6178	NewBlockheadUI	instance	updatePreviewView	v8@0:4
0x00cc6250	NewBlockheadUI	instance	randomizeAll	v8@0:4
0x00cc64d8	NewBlockheadUI	instance	loadResources	v8@0:4
0x00cd8a48	NewBlockheadUI	instance	initWithWorld:windowInfo:cache:	@20@0:4@8^{WindowInfo=ffffffff}12@16
0x00cd8d7c	NewBlockheadUI	instance	dealloc	v8@0:4
0x00cd9058	NewBlockheadUI	instance	setWorkbench:blockhead:craftableItemObject:	v20@0:4@8@12@16
0x00cd936c	NewBlockheadUI	instance	textField:shouldChangeCharactersInRange:replacementString:	c24@0:4@8{_NSRange=II}12@20
0x00cd9600	NewBlockheadUI	instance	alertView:didDismissWithButtonIndex:	v16@0:4@8i12
0x00cd9b60	NewBlockheadUI	instance	textFieldShouldReturn:	c12@0:4@8
0x00cd9be4	NewBlockheadUI	instance	windowInfoChanged:	v12@0:4^{WindowInfo=ffffffff}8
0x00cd9d08	NewBlockheadUI	instance	render:translation:pinchScale:	v24@0:4f8{Vector2=[2f]}12f20
0x00cdbaf4	NewBlockheadUI	instance	touchIsInViewAtAll:	c16@0:4{CGPoint=ff}8
0x00cdbcf0	NewBlockheadUI	instance	touchIsInUI:	c16@0:4{CGPoint=ff}8
0x00cdc0cc	NewBlockheadUI	instance	startTouch:tapCount:	c20@0:4{CGPoint=ff}8i16
0x00cdc4d8	NewBlockheadUI	instance	moveTouch:	v16@0:4{CGPoint=ff}8
0x00cdc770	NewBlockheadUI	instance	endTouch:	v16@0:4{CGPoint=ff}8
0x00cdca08	NewBlockheadUI	instance	craftButton:	v12@0:4@8
0x00cdcdf4	NewBlockheadUI	instance	maleFemaleControl:	v12@0:4@8
0x00cdcf94	NewBlockheadUI	instance	nameButton:	v12@0:4@8
0x00cdd358	NewBlockheadUI	instance	lookRandomButton:	v12@0:4@8
0x00cdd50c	NewBlockheadUI	instance	customizeButton:	v12@0:4@8
0x00cdd6d4	NewBlockheadUI	instance	customizationChanged:	v28@0:4{BlockheadSkinOptions=CCCC{MJColor8=CCCC}{MJColor8=CCCC}{MJColor8=CCCC}{MJColor8=CCCC}}8
0x00cdd70c	NewBlockheadUI	instance	customizationComplete:	v28@0:4{BlockheadSkinOptions=CCCC{MJColor8=CCCC}{MJColor8=CCCC}{MJColor8=CCCC}{MJColor8=CCCC}}8
0x00cdd864	NewBlockheadUI	instance	customizeBlockheadUIShouldHaveOKButton	c8@0:4
0x00cdd880	NewBlockheadUI	instance	center:	{Vector2=[2f]}12@0:4f8
0x00cdda1c	NewBlockheadUI	instance	workbench	@8@0:4
0x00cdda60	NewBlockheadUI	instance	.cxx_construct	@8@0:4
0x00cddc10	WorldUI	instance	initWithWorld:uiManager:windowInfo:cache:client:server:	@32@0:4@8@12^{WindowInfo=ffffffff}16@20@24@28
0x00ce1458	WorldUI	instance	setServer:	v12@0:4@8
0x00ce1584	WorldUI	instance	dealloc	v8@0:4
0x00ce1930	WorldUI	instance	blockheadCountChanged	v8@0:4
0x00ce1f94	WorldUI	instance	inventoryButtonsAreOnBottom	c8@0:4
0x00ce20e8	WorldUI	instance	windowInfoChanged:	v12@0:4^{WindowInfo=ffffffff}8
0x00ce3cd4	WorldUI	instance	uiShouldBeDisplayedForCurrentBlockhead	c8@0:4
0x00ce3e68	WorldUI	instance	render:translation:pinchScale:paused:	v28@0:4f8{Vector2=[2f]}12f20c24
0x00ce90f8	WorldUI	instance	renderBackgroundItems:paused:	v16@0:4f8c12
0x00ceb020	WorldUI	instance	renderCameraInstrcutionalView:	v12@0:4f8
0x00ceb5a0	WorldUI	instance	renderFrontItems:	v12@0:4f8
0x00cebb04	WorldUI	instance	selectToolAtIndex:	v12@0:4i8
0x00cebc7c	WorldUI	instance	activeBlockheadInventoryChanged:inventoryIndex:	v16@0:4@8i12
0x00cebf78	WorldUI	instance	updateActiveDragRectAtPos:	v16@0:4{CGPoint=ff}8
0x00cec248	WorldUI	instance	updateActiveDragTextAtPos:holdState:	v20@0:4{CGPoint=ff}8i16
0x00cf1468	WorldUI	instance	setChestFromDragItems:dragPos:holdState:	v24@0:4@8{CGPoint=ff}12i20
0x00cf1554	WorldUI	instance	updateJetPackButtonIfNeeded	v8@0:4
0x00cf1c38	WorldUI	instance	updateButtonAtIndex:withItem:	v16@0:4i8@12
0x00cf1d98	WorldUI	instance	updateButtonAtIndex:subIndex:withItem:	v20@0:4i8i12@16
0x00cf1e94	WorldUI	instance	updateDragFromButtonAndCount	v8@0:4
0x00cf2114	WorldUI	instance	startInventoryDragAtPos:	v16@0:4{CGPoint=ff}8
0x00cf2e2c	WorldUI	instance	canDragCurrentItemsToButtonAtIndex:subIndex:	c16@0:4i8i12
0x00cf3998	WorldUI	instance	endInventoryDragWasCancelled:	v12@0:4c8
0x00cf4d70	WorldUI	instance	touchIsInUI:	c16@0:4{CGPoint=ff}8
0x00cf5594	WorldUI	instance	closeAllButtons	c8@0:4
0x00cf5874	WorldUI	instance	tap:	c16@0:4{CGPoint=ff}8
0x00cf60bc	WorldUI	instance	startTouch:tapCount:index:	c24@0:4{CGPoint=ff}8i16i20
0x00cf6154	WorldUI	instance	moveTouch:index:	v20@0:4{CGPoint=ff}8i16
0x00cf61d8	WorldUI	instance	endTouch:wasCancelled:index:	v24@0:4{CGPoint=ff}8c16i20
0x00cf6270	WorldUI	instance	startTouch:tapCount:paused:index:	c28@0:4{CGPoint=ff}8i16c20i24
0x00cf6de8	WorldUI	instance	moveTouch:paused:index:	v24@0:4{CGPoint=ff}8c16i20
0x00cf8430	WorldUI	instance	updatePotentialDrag:fromDragSlot:dragItems:	v24@0:4{CGPoint=ff}8@16@20
0x00cf9258	WorldUI	instance	acceptDragItems:assignSlot:	@16@0:4@8c12
0x00cf9fd4	WorldUI	instance	cancelChestDrag	v8@0:4
0x00cfa448	WorldUI	instance	endTouch:paused:wasCancelled:index:	v28@0:4{CGPoint=ff}8c16c20i24
0x00cfb310	WorldUI	instance	chatButton:	v12@0:4@8
0x00cfb378	WorldUI	instance	selectInventoryButtonAtIndex:	v12@0:4i8
0x00cfb644	WorldUI	instance	button:	v12@0:4@8
0x00cfcc1c	WorldUI	instance	timeCrystalButton:	v12@0:4@8
0x00cfcc84	WorldUI	instance	pauseButton:	v12@0:4@8
0x00cfccec	WorldUI	instance	selectBlockheadButtonAtIndex:	v12@0:4i8
0x00cfcf34	WorldUI	instance	blockheadButton:	v12@0:4@8
0x00cfd298	WorldUI	instance	netPlayerButton:	v12@0:4@8
0x00cfd2b0	WorldUI	instance	textToggleButtonTappedForButton:	v12@0:4@8
0x00cfd310	WorldUI	instance	zoomButtonTappedForButton:	v12@0:4@8
0x00cfd3f8	WorldUI	instance	setActiveBlockhead:dontFollow:	v16@0:4@8c12
0x00cfd938	WorldUI	instance	crystalCountChanged:	v12@0:4c8
0x00cfe704	WorldUI	instance	setAlwaysDisplayAllSubItems:	v12@0:4c8
0x00cfe9d0	WorldUI	instance	flashInventoryAtIndex:subIndex:color:	v20@0:4i8i12i16
0x00cfec20	WorldUI	instance	displayCameraFlash	v8@0:4
0x00cfec68	WorldUI	instance	canZoomCameraToOtherPlayer	c8@0:4
0x00cfed38	WorldUI	instance	portalButton:	v12@0:4@8
0x00cff074	WorldUI	instance	blockheadMapButton:	v12@0:4@8
0x00cff30c	WorldUI	instance	netBlockheadMapButton:	v12@0:4@8
0x00cff698	WorldUI	instance	useButton:	v12@0:4@8
0x00cff700	WorldUI	instance	multiplayerButton:	v12@0:4@8
0x00cff78c	WorldUI	instance	resetAutoDissapearNetPlayerButtonsTimer	v8@0:4
0x00cff7d4	WorldUI	instance	selectedBlockheadNameWasChanged	v8@0:4
0x00cff838	WorldUI	instance	aBasketIsOpen	c8@0:4
0x00cffaf8	WorldUI	instance	chatNotificationsShouldBeSupressed	c8@0:4
0x00cffb60	WorldUI	instance	chestUI	@8@0:4
0x00cffba4	WorldUI	instance	setChestUI:	v12@0:4@8
0x00cffbe8	WorldUI	instance	tradingPostSellUI	@8@0:4
0x00cffc2c	WorldUI	instance	setTradingPostSellUI:	v12@0:4@8
0x00cffc70	WorldUI	instance	dragActive	c8@0:4
0x00cffcac	WorldUI	instance	dragTextShowsHoldInfo	c8@0:4
0x00cffce8	WorldUI	instance	playersChanged	c8@0:4
0x00cffd24	WorldUI	instance	setPlayersChanged:	v12@0:4c8
0x00cffd68	WorldUI	instance	.cxx_construct	@8@0:4
0x00cffee0	TradeMissionUI	instance	loadResources	v8@0:4
0x00d00778	TradeMissionUI	instance	initWithWorld:windowInfo:cache:	@20@0:4@8^{WindowInfo=ffffffff}12@16
0x00d00890	TradeMissionUI	instance	dealloc	v8@0:4
0x00d00a80	TradeMissionUI	instance	setTradePortal:blockhead:	v16@0:4@8@12
0x00d00df4	TradeMissionUI	instance	updateMissions	v8@0:4
0x00d014a8	TradeMissionUI	instance	tradeMissionManagerMissionsChanged	v8@0:4
0x00d01518	TradeMissionUI	instance	windowInfoChanged:	v12@0:4^{WindowInfo=ffffffff}8
0x00d0163c	TradeMissionUI	instance	blockheadInventoryChanged	v8@0:4
0x00d01688	TradeMissionUI	instance	render:translation:pinchScale:	v24@0:4f8{Vector2=[2f]}12f20
0x00d03cfc	TradeMissionUI	instance	touchIsInViewAtAll:	c16@0:4{CGPoint=ff}8
0x00d03e78	TradeMissionUI	instance	touchIsInUI:	c16@0:4{CGPoint=ff}8
0x00d03ed8	TradeMissionUI	instance	startTouch:tapCount:	c20@0:4{CGPoint=ff}8i16
0x00d0433c	TradeMissionUI	instance	moveTouch:	v16@0:4{CGPoint=ff}8
0x00d04a98	TradeMissionUI	instance	endTouch:	v16@0:4{CGPoint=ff}8
0x00d04dec	TradeMissionUI	instance	center:	{Vector2=[2f]}12@0:4f8
0x00d04ec8	TradeMissionUI	instance	dimensions	{Vector2=[2f]}8@0:4
0x00d04f14	TradeMissionUI	instance	stopBlockheadInteractingWhenDismissed	c8@0:4
0x00d04f30	TradeMissionUI	instance	tradePortal	@8@0:4
0x00d04f74	TradeMissionUI	instance	.cxx_construct	@8@0:4
0x00d050c0	MJImageView	instance	initWithFrame:cache:windowInfo:texture:	@36@0:4{CGRect={CGPoint=ff}{CGSize=ff}}8@24^{WindowInfo=ffffffff}28@32
0x00d053e4	MJImageView	instance	initWithFrame:cache:windowInfo:texture:minTexX:maxTexX:minTexY:maxTexY:	@52@0:4{CGRect={CGPoint=ff}{CGSize=ff}}8@24^{WindowInfo=ffffffff}28@32f36f40f44f48
0x00d0580c	MJImageView	instance	dealloc	v8@0:4
0x00d058d0	MJImageView	instance	renderFrame:projectionMatrix:	v76@0:4f8(_GLKMatrix4={?=ffffffffffffffff}[16f])12
0x00d068d0	MJImageView	instance	setTexture:minTexX:maxTexX:minTexY:maxTexY:	v28@0:4@8f12f16f20f24
0x00d06a80	ServerClient	instance	initWithClientID:server:lightBlockIndex:lightBlockDatabase:	@24@0:4@8@12i16@20
0x00d07870	ServerClient	instance	clientReconnected	v8@0:4
0x00d07f5c	ServerClient	instance	dealloc	v8@0:4
0x00d083ac	ServerClient	instance	requestForBlock:	v16@0:4{ClientMacroBlockRequest=iC[3C]}8
0x00d088d4	ServerClient	instance	blockIsWired:	c12@0:4i8
0x00d08944	ServerClient	instance	blockIsRequested:	c12@0:4i8
0x00d089b4	ServerClient	instance	removeBlockRequest:	v12@0:4i8
0x00d08a68	ServerClient	instance	createIfNotCreatedForBlockRequest:	c12@0:4i8
0x00d08ad8	ServerClient	instance	blockRemoved:	v12@0:4i8
0x00d08b44	ServerClient	instance	dynamicObjectIsWired:	c12@0:4I8
0x00d08bb4	ServerClient	instance	wireDynamicObject:	v12@0:4I8
0x00d08c20	ServerClient	instance	unwireDynamicObject:	v12@0:4I8
0x00d08c8c	ServerClient	instance	addCreationObjectDataToSend:ofType:objectID:	v24@0:4@8C12Q16
0x00d090f8	ServerClient	instance	addCreationDataUpdateObjectDataToSend:ofType:	v16@0:4@8C12
0x00d091fc	ServerClient	instance	addUpdateObjectDataToSend:ofType:reliable:	v20@0:4@8C12c16
0x00d093e4	ServerClient	instance	addRemovalObjectDataToSend:ofType:objectID:	v24@0:4@8C12Q16
0x00d09ec0	ServerClient	instance	sendAllObjectData	v8@0:4
0x00d0af10	ServerClient	instance	addFillRequest:	v12@0:4I8
0x00d0afd0	ServerClient	instance	getAndRemoveAllRecieptDataForMacroPos:world:	@20@0:4{?=ii}8@16
0x00d0b3bc	ServerClient	instance	saveLightBlockIndices	v8@0:4
0x00d0b654	ServerClient	instance	setConnected:	v12@0:4c8
0x00d0b704	ServerClient	instance	connected	c8@0:4
0x00d0b740	ServerClient	instance	requestedBlockIndices	@8@0:4
0x00d0b784	ServerClient	instance	paused	c8@0:4
0x00d0b7c0	ServerClient	instance	setPaused:	v12@0:4c8
0x00d0b804	ServerClient	instance	clientID	@8@0:4
0x00d0b848	ServerClient	instance	isAdmin	c8@0:4
0x00d0b884	ServerClient	instance	setIsAdmin:	v12@0:4c8
0x00d0b8c8	ServerClient	instance	wiredDynamicObjects	@8@0:4
0x00d0b90c	ServerClient	instance	requestsHeartBeat	c8@0:4
0x00d0b948	ServerClient	instance	setRequestsHeartBeat:	v12@0:4c8
0x00d0b98c	ServerClient	instance	hasEverRequestedHeartbeat	c8@0:4
0x00d0b9c8	ServerClient	instance	setHasEverRequestedHeartbeat:	v12@0:4c8
0x00d0ba0c	ServerClient	instance	timeSinceLastHeartbeatRequest	f8@0:4
0x00d0ba54	ServerClient	instance	setTimeSinceLastHeartbeatRequest:	v12@0:4f8
0x00d0baa0	ServerClient	instance	lightBlockIndex	i8@0:4
0x00d0badc	ServerClient	instance	worldIndicesContainingTamedAnimals	^{map<unsigned int, std::__1::set<unsigned int, std::__1::less<unsigned int>, std::__1::allocator<unsigned int> > *, std::__1::less<unsigned int>, std::__1::allocator<std::__1::pair<const unsigned int, std::__1::set<unsigned int, std::__1::less<unsigned int>, std::__1::allocator<unsigned int> > *> > >={__tree<std::__1::pair<unsigned int, std::__1::set<unsigned int, std::__1::less<unsigned int>, std::__1::allocator<unsigned int> > *>, std::__1::__map_value_compare<unsigned int, std::__1::set<unsigned int, std::__1::less<unsigned int>, std::__1::allocator<unsigned int> > *, std::__1::less<unsigned int>, true>, std::__1::allocator<std::__1::pair<unsigned int, std::__1::set<unsigned int, std::__1::less<unsigned int>, std::__1::allocator<unsigned int> > *> > >=^{__tree_node<std::__1::pair<unsigned int, std::__1::set<unsigned int, std::__1::less<unsigned int>, std::__1::allocator<unsigned int> > *>, void *>}{__compressed_pair<std::__1::__tree_end_node<std::__1::__tree_node_base<void *> *>, std::__1::allocator<std::__1::__tree_node<std::__1::pair<unsigned int, std::__1::set<unsigned int, std::__1::less<unsigned int>, std::__1::allocator<unsigned int> > *>, void *> > >={__tree_end_node<std::__1::__tree_node_base<void *> *>=^{__tree_node_base<void *>}}}{__compressed_pair<unsigned long, std::__1::__map_value_compare<unsigned int, std::__1::set<unsigned int, std::__1::less<unsigned int>, std::__1::allocator<unsigned int> > *, std::__1::less<unsigned int>, true> >=L}}}8@0:4
0x00d0bb20	ServerClient	instance	setWorldIndicesContainingTamedAnimals:	v12@0:4^{map<unsigned int, std::__1::set<unsigned int, std::__1::less<unsigned int>, std::__1::allocator<unsigned int> > *, std::__1::less<unsigned int>, std::__1::allocator<std::__1::pair<const unsigned int, std::__1::set<unsigned int, std::__1::less<unsigned int>, std::__1::allocator<unsigned int> > *> > >={__tree<std::__1::pair<unsigned int, std::__1::set<unsigned int, std::__1::less<unsigned int>, std::__1::allocator<unsigned int> > *>, std::__1::__map_value_compare<unsigned int, std::__1::set<unsigned int, std::__1::less<unsigned int>, std::__1::allocator<unsigned int> > *, std::__1::less<unsigned int>, true>, std::__1::allocator<std::__1::pair<unsigned int, std::__1::set<unsigned int, std::__1::less<unsigned int>, std::__1::allocator<unsigned int> > *> > >=^{__tree_node<std::__1::pair<unsigned int, std::__1::set<unsigned int, std::__1::less<unsigned int>, std::__1::allocator<unsigned int> > *>, void *>}{__compressed_pair<std::__1::__tree_end_node<std::__1::__tree_node_base<void *> *>, std::__1::allocator<std::__1::__tree_node<std::__1::pair<unsigned int, std::__1::set<unsigned int, std::__1::less<unsigned int>, std::__1::allocator<unsigned int> > *>, void *> > >={__tree_end_node<std::__1::__tree_node_base<void *> *>=^{__tree_node_base<void *>}}}{__compressed_pair<unsigned long, std::__1::__map_value_compare<unsigned int, std::__1::set<unsigned int, std::__1::less<unsigned int>, std::__1::allocator<unsigned int> > *, std::__1::less<unsigned int>, true> >=L}}}8
0x00d0bb64	ServerClient	instance	foundItemsList	@8@0:4
0x00d0bba8	ServerClient	instance	allLightBlockIndices	@8@0:4
0x00d0bbec	ServerClient	instance	.cxx_destruct	v8@0:4
0x00d0bc64	ServerClient	instance	.cxx_construct	@8@0:4
0x00d0d604	CherryTree	instance	objectType	i8@0:4
0x00d0d620	CherryTree	instance	fruitItemType	i8@0:4
0x00d0d63c	CherryTree	instance	fruitShouldFallInSeason:	c12@0:4i8
0x00d0d670	CherryTree	instance	initWithWorld:dynamicWorld:atPosition:cache:maxHeight:growthRate:treeDensityNoiseFunction:seasonOffsetNoiseFunction:adultTree:adultMaxAge:	@52@0:4@8@12{?=ii}16@24s28s32@36@40c44f48
0x00d0df2c	CherryTree	instance	initWithWorld:dynamicWorld:saveDict:cache:treeDensityNoiseFunction:seasonOffsetNoiseFunction:	@32@0:4@8@12@16@20@24@28
0x00d0e024	CherryTree	instance	getSaveDict	@8@0:4
0x00d0e0a0	CherryTree	instance	updateGrowth:	v12@0:4c8
0x00d0fd4c	CherryTree	instance	makeTileDead:	v12@0:4^{Tile=CCCCCCCCCCCCCSSSsCISSSSSQ[8S]}8
0x00d0fdb4	CherryTree	instance	update:accurateDT:isSimulation:	v20@0:4f8f12c16
0x00d1048c	CherryTree	instance	treeType	i8@0:4
0x00d104a8	CherryTree	instance	tileIsKindOfSelf:	c12@0:4^{Tile=CCCCCCCCCCCCCSSSsCISSSSSQ[8S]}8
0x00d10640	MJButton	instance	createTitleWithColor:	v24@0:4{MJColor=ffff}8
0x00d10a08	MJButton	instance	setTitleAlignment:	v12@0:4i8
0x00d10c30	MJButton	instance	setTitle:	v12@0:4@8
0x00d10f88	MJButton	instance	title	@8@0:4
0x00d10fc4	MJButton	instance	setEnabled:	v12@0:4c8
0x00d1138c	MJButton	instance	setColor:	v24@0:4{MJColor=ffff}8
0x00d11768	MJButton	instance	initWithFrame:cache:windowInfo:textureName:	@36@0:4{CGRect={CGPoint=ff}{CGSize=ff}}8@24^{WindowInfo=ffffffff}28@32
0x00d11d7c	MJButton	instance	initWithFrame:cache:windowInfo:title:	@36@0:4{CGRect={CGPoint=ff}{CGSize=ff}}8@24^{WindowInfo=ffffffff}28@32
0x00d1232c	MJButton	instance	dealloc	v8@0:4
0x00d1257c	MJButton	instance	setTextureName:	v12@0:4@8
0x00d12674	MJButton	instance	setHidden:	v12@0:4c8
0x00d12700	MJButton	instance	renderFrame:projectionMatrix:	v76@0:4f8(_GLKMatrix4={?=ffffffffffffffff}[16f])12
0x00d156fc	MJButton	instance	setSelected:	v12@0:4c8
0x00d15740	MJButton	instance	setHighlighted:	v12@0:4c8
0x00d15784	MJButton	instance	setGlyphTexture:minTexX:maxTexX:minTexY:maxTexY:	v28@0:4@8f12f16f20f24
0x00d15934	MJButton	instance	setGlyphTextureB:minTexX:maxTexX:minTexY:maxTexY:	v28@0:4@8f12f16f20f24
0x00d15ae4	MJButton	instance	setFrame:	v24@0:4{CGRect={CGPoint=ff}{CGSize=ff}}8
0x00d15f88	MJButton	instance	setTitleOffset:	v16@0:4{CGSize=ff}8
0x00d15fdc	MJButton	instance	titleViewActualDimensions	{CGSize=ff}8@0:4
0x00d1607c	MJButton	instance	titleViewBActualDimensions	{CGSize=ff}8@0:4
0x00d1611c	MJButton	instance	createTitleBWithColor:	v24@0:4{MJColor=ffff}8
0x00d16498	MJButton	instance	setTitleB:color:	v28@0:4@8{MJColor=ffff}12
0x00d1670c	MJButton	instance	titleB	@8@0:4
0x00d16748	MJButton	instance	setTitleAlignmentB:	v12@0:4i8
0x00d16890	MJButton	instance	setTitleOffsetB:	v16@0:4{CGSize=ff}8
0x00d168e4	MJButton	instance	backgroundTexture	@8@0:4
0x00d16920	MJButton	instance	setBackgroundTexture:	v12@0:4@8
0x00d1696c	MJButton	instance	backgroundSelectedTexture	@8@0:4
0x00d169a8	MJButton	instance	setBackgroundSelectedTexture:	v12@0:4@8
0x00d169f4	MJButton	instance	backgroundHighlightedTexture	@8@0:4
0x00d16a30	MJButton	instance	setBackgroundHighlightedTexture:	v12@0:4@8
0x00d16a7c	MJButton	instance	backgroundHighlightedSelectedTexture	@8@0:4
0x00d16ab8	MJButton	instance	setBackgroundHighlightedSelectedTexture:	v12@0:4@8
0x00d16b04	MJButton	instance	glyphTexture	@8@0:4
0x00d16b40	MJButton	instance	setGlyphTexture:	v12@0:4@8
0x00d16b8c	MJButton	instance	glyphTextureB	@8@0:4
0x00d16bc8	MJButton	instance	setGlyphTextureB:	v12@0:4@8
0x00d16c14	MJButton	instance	hoverSelectedDisabled	c8@0:4
0x00d16c50	MJButton	instance	setHoverSelectedDisabled:	v12@0:4c8
0x00d16c94	MJButton	instance	glyphFrame	{CGRect={CGPoint=ff}{CGSize=ff}}8@0:4
0x00d16cf4	MJButton	instance	setGlyphFrame:	v24@0:4{CGRect={CGPoint=ff}{CGSize=ff}}8
0x00d16d74	MJButton	instance	glyphFrameB	{CGRect={CGPoint=ff}{CGSize=ff}}8@0:4
0x00d16dd4	MJButton	instance	setGlyphFrameB:	v24@0:4{CGRect={CGPoint=ff}{CGSize=ff}}8
0x00d16e54	MJButton	instance	dontStretch	c8@0:4
0x00d16e90	MJButton	instance	setDontStretch:	v12@0:4c8
0x00d16ed4	MJButton	instance	glyphColor	{MJColor=ffff}8@0:4
0x00d16f34	MJButton	instance	setGlyphColor:	v24@0:4{MJColor=ffff}8
0x00d16fb4	MJButton	instance	tapAnimationDisabled	c8@0:4
0x00d16ff0	MJButton	instance	setTapAnimationDisabled:	v12@0:4c8
0x00d17034	MJButton	instance	.cxx_construct	@8@0:4
0x00d170b0	SteamTrain	instance	loadDerivedStuff	v8@0:4
0x00d17e7c	SteamTrain	instance	objectType	i8@0:4
0x00d17e98	SteamTrain	instance	initWithWorld:dynamicWorld:atPosition:cache:saveDict:placedByClient:	@36@0:4@8@12{?=ii}16@24@28@32
0x00d18834	SteamTrain	instance	initWithWorld:dynamicWorld:saveDict:cache:	@24@0:4@8@12@16@20
0x00d18b04	SteamTrain	instance	initWithWorld:dynamicWorld:cache:netData:	@24@0:4@8@12@16@20
0x00d18e84	SteamTrain	instance	getSaveDict	@8@0:4
0x00d19188	SteamTrain	instance	creationNetDataForClient:	@12@0:4@8
0x00d19898	SteamTrain	instance	dealloc	v8@0:4
0x00d19b84	SteamTrain	instance	remoteUpdate:	v12@0:4@8
0x00d1a510	SteamTrain	instance	updateSearchForStations	v8@0:4
0x00d1bab8	SteamTrain	instance	update:accurateDT:isSimulation:	v20@0:4f8f12c16
0x00d20d20	SteamTrain	instance	draw:projectionMatrix:modelViewMatrix:cameraMinXWorld:cameraMaxXWorld:cameraMinYWorld:cameraMaxYWorld:	v156@0:4f8(_GLKMatrix4={?=ffffffffffffffff}[16f])12(_GLKMatrix4={?=ffffffffffffffff}[16f])76i140i144i148i152
0x00d2e5b4	SteamTrain	instance	renderPos	{Vector2=[2f]}8@0:4
0x00d2ea38	SteamTrain	instance	cameraPosForBlockhead:	{Vector2=[2f]}12@0:4@8
0x00d2eac8	SteamTrain	instance	riderPosForBlockhead:	{Vector=[4f]}12@0:4@8
0x00d2efd0	SteamTrain	instance	riderBodyMatrixForBlockhead:cameraX:	(_GLKMatrix4={?=ffffffffffffffff}[16f])16@0:4@8f12
0x00d2f8ac	SteamTrain	instance	setTargetVelocity:	v16@0:4{Vector2=[2f]}8
0x00d2f8c8	SteamTrain	instance	itemType	i8@0:4
0x00d2f8e4	SteamTrain	instance	setWorkbenchChoiceUIOption:	v12@0:4i8
0x00d2fad8	SteamTrain	instance	actionTitle	@8@0:4
0x00d2fbc0	SteamTrain	instance	secondOptionTitle	@8@0:4
0x00d2fca8	SteamTrain	instance	title	@8@0:4
0x00d2fcd8	SteamTrain	instance	fuelCount	i8@0:4
0x00d2fda8	SteamTrain	instance	fuelItemCount	i8@0:4
0x00d2fdc4	SteamTrain	instance	fuelItems	^i8@0:4
0x00d2fdf4	SteamTrain	instance	updateHasFuel	v8@0:4
0x00d30030	SteamTrain	instance	addToFuelForItem:	v12@0:4i8
0x00d304cc	SteamTrain	instance	canDismissFuelUI	c8@0:4
0x00d304e8	SteamTrain	instance	requiresFuel	c8@0:4
0x00d30504	SteamTrain	instance	fuelUIPos	{Vector2=[2f]}8@0:4
0x00d30580	SteamTrain	instance	setNeedsRemoved:	v12@0:4c8
0x00d306d0	SteamTrain	instance	setPaused:	v12@0:4c8
0x00d307cc	SteamTrain	instance	tapIsWithinBodyRadius:	c16@0:4{Vector2=[2f]}8
0x00d3106c	SteamTrain	instance	isEngine	c8@0:4
0x00d31088	SteamTrain	instance	removeRider:	v12@0:4@8
0x00d311dc	SteamTrain	instance	maxNumberOfRiders	i8@0:4
0x00d311f8	SteamTrain	instance	railOrStationNameChanged	v8@0:4
0x00d312f8	SteamTrain	instance	needsToUpdateChoiceUI	c8@0:4
0x00d31334	SteamTrain	instance	setNeedsToUpdateChoiceUI:	v12@0:4c8
0x00d31378	SteamTrain	instance	.cxx_construct	@8@0:4
0x00d31a48	AddCreditUI	instance	initWithWorldName:worldID:creditTimeString:windowInfo:cache:delegate:	@32@0:4@8@12@16^{WindowInfo=ffffffff}20@24@28
0x00d33120	AddCreditUI	instance	updatePriceViewsForWorldCredit	v8@0:4
0x00d33974	AddCreditUI	instance	productsRequest:didReceiveResponse:	v16@0:4@8@12
0x00d33e68	AddCreditUI	instance	dismissAlertViews	v8@0:4
0x00d33f44	AddCreditUI	instance	dealloc	v8@0:4
0x00d342f8	AddCreditUI	instance	windowInfoChanged:	v12@0:4^{WindowInfo=ffffffff}8
0x00d3441c	AddCreditUI	instance	render:	v12@0:4f8
0x00d3533c	AddCreditUI	instance	touchIsInViewAtAll:	c16@0:4{CGPoint=ff}8
0x00d353bc	AddCreditUI	instance	touchIsInUI:	c16@0:4{CGPoint=ff}8
0x00d3543c	AddCreditUI	instance	startTouch:tapCount:	c20@0:4{CGPoint=ff}8i16
0x00d355f8	AddCreditUI	instance	moveTouch:	v16@0:4{CGPoint=ff}8
0x00d35774	AddCreditUI	instance	endTouch:	v16@0:4{CGPoint=ff}8
0x00d358f0	AddCreditUI	instance	cancelButton:	v12@0:4@8
0x00d35958	AddCreditUI	instance	verifyTopupWithReceipt:transactionID:	v16@0:4@8@12
0x00d35adc	AddCreditUI	instance	topupWorldWithReceiptData:transactionID:	v16@0:4@8@12
0x00d35c2c	AddCreditUI	instance	addCreditWithTimeSelectionIndex:	v12@0:4i8
0x00d35ee4	AddCreditUI	instance	add1WeekButton:	v12@0:4@8
0x00d35f74	AddCreditUI	instance	add1MonthButton:	v12@0:4@8
0x00d36004	AddCreditUI	instance	IAPForWorldTopupSucceeeded:transactionID:	v16@0:4@8@12
0x00d360c4	AddCreditUI	instance	cloudTopupVerificationSucceeded	v8@0:4
0x00d36498	AddCreditUI	instance	showErrorAlertView:	v12@0:4i8
0x00d36934	AddCreditUI	instance	cloudTopupVerificationFailed:	v12@0:4i8
0x00d369a8	AddCreditUI	instance	delayedVerifyTopupWithAppReceipt	v8@0:4
0x00d36a00	AddCreditUI	instance	cloudTopupVerificationReturnedUsedReceipt	v8@0:4
0x00d36b80	AddCreditUI	instance	cloudTopupSucceeded	v8@0:4
0x00d37200	AddCreditUI	instance	cloudTopupFailed:	v12@0:4i8
0x00d37274	AddCreditUI	instance	iapCancelled	v8@0:4
0x00d372b4	AddCreditUI	instance	.cxx_construct	@8@0:4
0x00d37598	TradePortal	instance	initSubDerivedItems	v8@0:4
0x00d377a8	TradePortal	instance	objectType	i8@0:4
0x00d377c4	TradePortal	instance	getLightRGB	{Vector=[4f]}8@0:4
0x00d37828	TradePortal	instance	updatePortalLight	v8@0:4
0x00d37a78	TradePortal	instance	loadPriceOffsets:	v12@0:4@8
0x00d37d8c	TradePortal	instance	initWithWorld:dynamicWorld:atPosition:cache:item:flipped:saveDict:placedByClient:clientName:	@48@0:4@8@12{?=ii}16@24@28c32@36@40@44
0x00d382fc	TradePortal	instance	initWithWorld:dynamicWorld:saveDict:cache:	@24@0:4@8@12@16@20
0x00d38760	TradePortal	instance	initWithWorld:dynamicWorld:cache:netData:	@24@0:4@8@12@16@20
0x00d38e20	TradePortal	instance	updateNetDataForClient:	@12@0:4@8
0x00d39340	TradePortal	instance	dealloc	v8@0:4
0x00d39460	TradePortal	instance	getSaveDict	@8@0:4
0x00d396d4	TradePortal	instance	interactionObjectType	S8@0:4
0x00d396f0	TradePortal	instance	remoteUpdate:	v12@0:4@8
0x00d3a198	TradePortal	instance	draw:projectionMatrix:modelViewMatrix:cameraMinXWorld:cameraMaxXWorld:cameraMinYWorld:cameraMaxYWorld:	v156@0:4f8(_GLKMatrix4={?=ffffffffffffffff}[16f])12(_GLKMatrix4={?=ffffffffffffffff}[16f])76i140i144i148i152
0x00d3a8f8	TradePortal	instance	worldChanged:	v12@0:4^{vector<intpair, std::__1::allocator<intpair> >=^{?}^{?}{__compressed_pair<intpair *, std::__1::allocator<intpair> >=^{?}}}8
0x00d3b230	TradePortal	instance	worldContentsChanged:	v12@0:4^{vector<intpair, std::__1::allocator<intpair> >=^{?}^{?}{__compressed_pair<intpair *, std::__1::allocator<intpair> >=^{?}}}8
0x00d3b248	TradePortal	instance	isDoubleHeight	c8@0:4
0x00d3b264	TradePortal	instance	setNeedsRemoved:	v12@0:4c8
0x00d3b3b8	TradePortal	instance	freeblockCreationItemType	i8@0:4
0x00d3b3d4	TradePortal	instance	freeBlockCreationSaveDict	@8@0:4
0x00d3b420	TradePortal	instance	freeBlockCreationDataA	S8@0:4
0x00d3b43c	TradePortal	instance	freeBlockCreationDataB	S8@0:4
0x00d3b458	TradePortal	instance	remove:	v12@0:4@8
0x00d3b860	TradePortal	instance	destroyItemType	i8@0:4
0x00d3b87c	TradePortal	instance	title	@8@0:4
0x00d3b910	TradePortal	instance	actionTitle	@8@0:4
0x00d3bbc4	TradePortal	instance	secondOptionTitle	@8@0:4
0x00d3c054	TradePortal	instance	thirdOptionTitle	@8@0:4
0x00d3c3cc	TradePortal	instance	setWorkbenchChoiceUIOption:	v12@0:4i8
0x00d3c608	TradePortal	instance	requiresHumanInteraction	c8@0:4
0x00d3c624	TradePortal	instance	currentBlockheadCash	i8@0:4
0x00d3c6d4	TradePortal	instance	currentBlockheadCountOfInventoryItemsOfType:	i12@0:4i8
0x00d3c818	TradePortal	instance	currentBlockheadUsageMultiplierForFirstItemOfType:	f12@0:4i8
0x00d3c8e4	TradePortal	instance	setPaused:	v12@0:4c8
0x00d3c9b8	TradePortal	instance	staticGeometryDrawCubeCount	i8@0:4
0x00d3c9d8	TradePortal	instance	addDrawQuadData:fromIndex:forMacroPos:	i24@0:4^f8i12{?=ii}16
0x00d3cdf4	TradePortal	instance	staticGeometryDrawQuadCountForMacroPos:	i16@0:4{?=ii}8
0x00d3ce18	TradePortal	instance	removeFromMacroBlock	v8@0:4
0x00d3cf20	TradePortal	instance	upgradeToNextLevel	v8@0:4
0x00d3d638	TradePortal	instance	sellItem:atTotalPrice:count:usageMultiplier:	v24@0:4i8i12i16f20
0x00d3dcf0	TradePortal	instance	buyItem:atTotalPrice:count:	v20@0:4i8i12i16
0x00d3e7dc	TradePortal	instance	upgradeCraftableItem	{CraftableItem=ii[8i][8i]iiiSSi[8i]}8@0:4
0x00d3eb54	TradePortal	instance	takeItemsFromBlockheadForUpgradeToNextLevel	c8@0:4
0x00d3f38c	TradePortal	instance	lightGlowQuadCount	i8@0:4
0x00d3f3a8	TradePortal	instance	lightPos	{Vector=[4f]}8@0:4
0x00d3f460	TradePortal	instance	randomizeLocalTradeOffsets	v8@0:4
0x00d3f7ac	TradePortal	instance	interactionRenderItemType	i8@0:4
0x00d3f7c8	TradePortal	instance	occupiesNormalContents	c8@0:4
0x00d3f7e4	TradePortal	instance	addArtificialLightContributionForPhysicalBlockLoadedAtXPos:yPos:	v16@0:4i8i12
0x00d3f858	TradePortal	instance	canBeUsedInExpertModeWhenNotOwned	c8@0:4
0x00d3f874	TradePortal	instance	localPriceOffsets	@8@0:4
0x00d3f8b8	TradePortal	instance	level	i8@0:4
0x00d3f8f4	TradePortal	instance	isSellInteraction	c8@0:4
0x00d3f930	TradePortal	instance	isMissionInteraction	c8@0:4
0x00d3fc38	Bed	instance	objectType	i8@0:4
0x00d3fc58	Bed	instance	initSubDerivedItems	v8@0:4
0x00d405a4	Bed	instance	initWithWorld:dynamicWorld:atPosition:cache:item:flipped:saveDict:placedByClient:clientName:	@48@0:4@8@12{?=ii}16@24@28c32@36@40@44
0x00d407ec	Bed	instance	initWithWorld:dynamicWorld:saveDict:cache:	@24@0:4@8@12@16@20
0x00d40a2c	Bed	instance	initWithWorld:dynamicWorld:cache:netData:	@24@0:4@8@12@16@20
0x00d40fcc	Bed	instance	dealloc	v8@0:4
0x00d410cc	Bed	instance	getSaveDict	@8@0:4
0x00d4128c	Bed	instance	updateNetDataForClient:	@12@0:4@8
0x00d41758	Bed	instance	creationNetDataForClient:	@12@0:4@8
0x00d417ac	Bed	instance	remoteUpdate:	v12@0:4@8
0x00d41a84	Bed	instance	interactionObjectType	S8@0:4
0x00d41aa0	Bed	instance	update:accurateDT:isSimulation:	v20@0:4f8f12c16
0x00d41b78	Bed	instance	draw:projectionMatrix:modelViewMatrix:cameraMinXWorld:cameraMaxXWorld:cameraMinYWorld:cameraMaxYWorld:	v156@0:4f8(_GLKMatrix4={?=ffffffffffffffff}[16f])12(_GLKMatrix4={?=ffffffffffffffff}[16f])76i140i144i148i152
0x00d49074	Bed	instance	worldChanged:	v12@0:4^{vector<intpair, std::__1::allocator<intpair> >=^{?}^{?}{__compressed_pair<intpair *, std::__1::allocator<intpair> >=^{?}}}8
0x00d4948c	Bed	instance	worldContentsChanged:	v12@0:4^{vector<intpair, std::__1::allocator<intpair> >=^{?}^{?}{__compressed_pair<intpair *, std::__1::allocator<intpair> >=^{?}}}8
0x00d494a4	Bed	instance	freeblockCreationItemType	i8@0:4
0x00d494e0	Bed	instance	freeBlockCreationSaveDict	@8@0:4
0x00d4952c	Bed	instance	freeBlockCreationDataA	S8@0:4
0x00d49548	Bed	instance	freeBlockCreationDataB	S8@0:4
0x00d49584	Bed	instance	remove:	v12@0:4@8
0x00d49a5c	Bed	instance	destroyItemType	i8@0:4
0x00d49a98	Bed	instance	twoBlocksWide	c8@0:4
0x00d49ab4	Bed	instance	title	@8@0:4
0x00d49b64	Bed	instance	actionTitle	@8@0:4
0x00d49c18	Bed	instance	interactionRenderItemType	i8@0:4
0x00d49c54	Bed	instance	paint:	v12@0:4S8
0x00d49d6c	Bed	instance	isPaintable	c8@0:4
0x00d49d88	Bed	instance	occupiesNormalContents	c8@0:4
0x00d49da4	Bed	instance	itemType	i8@0:4
0x00d4aad0	MangoTree	instance	objectType	i8@0:4
0x00d4aaec	MangoTree	instance	fruitItemType	i8@0:4
0x00d4ab08	MangoTree	instance	fruitShouldFallInSeason:	c12@0:4i8
0x00d4ab38	MangoTree	instance	initWithWorld:dynamicWorld:atPosition:cache:maxHeight:growthRate:treeDensityNoiseFunction:seasonOffsetNoiseFunction:adultTree:adultMaxAge:	@52@0:4@8@12{?=ii}16@24s28s32@36@40c44f48
0x00d4b4f4	MangoTree	instance	initWithWorld:dynamicWorld:saveDict:cache:treeDensityNoiseFunction:seasonOffsetNoiseFunction:	@32@0:4@8@12@16@20@24@28
0x00d4b5ec	MangoTree	instance	getSaveDict	@8@0:4
0x00d4b668	MangoTree	instance	updateGrowth:	v12@0:4c8
0x00d4d314	MangoTree	instance	update:accurateDT:isSimulation:	v20@0:4f8f12c16
0x00d4da38	MangoTree	instance	makeTileDead:	v12@0:4^{Tile=CCCCCCCCCCCCCSSSsCISSSSSQ[8S]}8
0x00d4daa0	MangoTree	instance	treeType	i8@0:4
0x00d4dabc	MangoTree	instance	tileIsKindOfSelf:	c12@0:4^{Tile=CCCCCCCCCCCCCSSSsCISSSSSQ[8S]}8
0x00d4dcb8	Egg	instance	initSubDerivedItems	v8@0:4
0x00d4dd60	Egg	instance	initWithWorld:dynamicWorld:atPosition:cache:saveDict:	@32@0:4@8@12{?=ii}16@24@28
0x00d4e230	Egg	instance	objectType	i8@0:4
0x00d4e24c	Egg	instance	freeblockCreationItemType	i8@0:4
0x00d4e268	Egg	instance	freeBlockCreationSaveDict	@8@0:4
0x00d4e2b4	Egg	instance	freeBlockCreationDataA	S8@0:4
0x00d4e2d0	Egg	instance	freeBlockCreationDataB	S8@0:4
0x00d4e30c	Egg	instance	initWithWorld:dynamicWorld:saveDict:cache:	@24@0:4@8@12@16@20
0x00d4e5d4	Egg	instance	initWithWorld:dynamicWorld:cache:netData:	@24@0:4@8@12@16@20
0x00d4e8d8	Egg	instance	getSaveDict	@8@0:4
0x00d4eb84	Egg	instance	breed	S8@0:4
0x00d4ebc0	Egg	instance	updateNetDataForClient:	@12@0:4@8
0x00d4ec14	Egg	instance	creationNetDataForClient:	@12@0:4@8
0x00d4edb8	Egg	instance	dealloc	v8@0:4
0x00d4ee7c	Egg	instance	hatch:	c12@0:4c8
0x00d4f0c0	Egg	instance	update:accurateDT:isSimulation:	v20@0:4f8f12c16
0x00d4f34c	Egg	instance	worldChanged:	v12@0:4^{vector<intpair, std::__1::allocator<intpair> >=^{?}^{?}{__compressed_pair<intpair *, std::__1::allocator<intpair> >=^{?}}}8
0x00d4f780	Egg	instance	staticGeometryDodoEggCount	i8@0:4
0x00d4f79c	Egg	instance	addDodoEggDrawQuadData:fromIndex:	i16@0:4^f8i12
0x00d4fb2c	Egg	instance	removeFromMacroBlock	v8@0:4
0x00d4fc34	Egg	instance	occupiesForegroundContents	c8@0:4
0x00d4fc50	Egg	instance	hatchTimer	f8@0:4
0x00d4fd94	ColorPickerControl	instance	initWithFrame:cache:windowInfo:oneBasedColor:colorBrightness:	@48@0:4{CGRect={CGPoint=ff}{CGSize=ff}}8@24^{WindowInfo=ffffffff}28(_GLKVector3={?=fff}{?=fff}{?=fff}[3f])32f44
0x00d5025c	ColorPickerControl	instance	dealloc	v8@0:4
0x00d502c8	ColorPickerControl	instance	renderFrame:projectionMatrix:	v76@0:4f8(_GLKMatrix4={?=ffffffffffffffff}[16f])12
0x00d51b68	ColorPickerControl	instance	setValueFromTouch:	v16@0:4{CGPoint=ff}8
0x00d51ecc	ColorPickerControl	instance	startTouch:	c16@0:4{CGPoint=ff}8
0x00d522f0	ColorPickerControl	instance	moveTouch:	v16@0:4{CGPoint=ff}8
0x00d52494	ColorPickerControl	instance	sendAction	v8@0:4
0x00d52534	ColorPickerControl	instance	endTouch:	v16@0:4{CGPoint=ff}8
0x00d5278c	ColorPickerControl	instance	oneBasedColor	(_GLKVector3={?=fff}{?=fff}{?=fff}[3f])8@0:4
0x00d527ec	ColorPickerControl	instance	setOneBasedColor:	v20@0:4(_GLKVector3={?=fff}{?=fff}{?=fff}[3f])8
0x00d52864	ColorPickerControl	instance	colorBrightness	f8@0:4
0x00d528ac	ColorPickerControl	instance	setColorBrightness:	v12@0:4f8
0x00d528f8	ColorPickerControl	instance	.cxx_construct	@8@0:4
0x00d52ae4	CaveTroll	instance	currentAnimationType	i8@0:4
0x00d52b20	CaveTroll	instance	maxAge	f8@0:4
0x00d52b54	CaveTroll	instance	diesOfOldAge	c8@0:4
0x00d52b70	CaveTroll	instance	diesOfLowFullness	c8@0:4
0x00d52b8c	CaveTroll	instance	speciesName	@8@0:4
0x00d52bbc	CaveTroll	instance	foodItemType	i8@0:4
0x00d52bd8	CaveTroll	instance	getNamesArray	^@8@0:4
0x00d52c08	CaveTroll	instance	getNamesArrayCount	i8@0:4
0x00d52c24	CaveTroll	instance	captureRequiredItemType	i8@0:4
0x00d52c40	CaveTroll	instance	initSubDerivedStuffStuff	v8@0:4
0x00d535dc	CaveTroll	instance	npcType	i8@0:4
0x00d535f8	CaveTroll	instance	initWithWorld:dynamicWorld:atPosition:cache:saveDict:isAdult:wasPlaced:placedByClient:	@44@0:4@8@12{?=ii}16@24@28c32c36@40
0x00d538cc	CaveTroll	instance	initWithWorld:dynamicWorld:saveDict:cache:	@24@0:4@8@12@16@20
0x00d53f2c	CaveTroll	instance	initWithWorld:dynamicWorld:cache:netData:	@24@0:4@8@12@16@20
0x00d54378	CaveTroll	instance	caveTrollUpdateDataForClient:	{CaveTrollUpdateData={NPCUpdateNetData={DynamicObjectNetData=QIIC[7C]}}IIIIIICCCCSCCCCC[5C]}12@0:4@8
0x00d54604	CaveTroll	instance	creationNetDataForClient:	@12@0:4@8
0x00d5481c	CaveTroll	instance	updateNetDataForClient:	@12@0:4@8
0x00d54908	CaveTroll	instance	creationDataStructSize	L8@0:4
0x00d54924	CaveTroll	instance	getSaveDict	@8@0:4
0x00d54e2c	CaveTroll	instance	dealloc	v8@0:4
0x00d55038	CaveTroll	instance	currentInteractionType	i8@0:4
0x00d55074	CaveTroll	instance	isHeadingForSquare:	c16@0:4{?=ii}8
0x00d552b8	CaveTroll	instance	currentTraverseToKeyFrame	i8@0:4
0x00d552f4	CaveTroll	instance	startInteractingWithTileAtIndex:tile:interactionType:	v20@0:4i8^{Tile=CCCCCCCCCCCCCSSSsCISSSSSQ[8S]}12i16
0x00d55518	CaveTroll	instance	stopInteracting	v8@0:4
0x00d55720	CaveTroll	instance	doRemoteUpdate:	v72@0:4{CaveTrollUpdateData={NPCUpdateNetData={DynamicObjectNetData=QIIC[7C]}}IIIIIICCCCSCCCCC[5C]}8
0x00d55bcc	CaveTroll	instance	remoteUpdate:	v12@0:4@8
0x00d55ef4	CaveTroll	instance	remoteCreationDataUpdate:	v12@0:4@8
0x00d560f8	CaveTroll	instance	updateGatherSpeedAndAnimationForCurrentInterationAndItem	v8@0:4
0x00d56160	CaveTroll	instance	tileIsLitForSelf:atPos:	c20@0:4^{Tile=CCCCCCCCCCCCCSSSsCISSSSSQ[8S]}8{?=ii}12
0x00d56190	CaveTroll	instance	die:	v12@0:4@8
0x00d56338	CaveTroll	instance	controlIsLocal	c8@0:4
0x00d56460	CaveTroll	instance	update:accurateDT:isSimulation:	v20@0:4f8f12c16
0x00d5f4b8	CaveTroll	instance	preDrawUpdate:cameraMinXWorld:cameraMaxXWorld:cameraMinYWorld:cameraMaxYWorld:	v28@0:4f8i12i16i20i24
0x00d7e358	CaveTroll	instance	draw:projectionMatrix:modelViewMatrix:cameraMinXWorld:cameraMaxXWorld:cameraMinYWorld:cameraMaxYWorld:	v156@0:4f8(_GLKMatrix4={?=ffffffffffffffff}[16f])12(_GLKMatrix4={?=ffffffffffffffff}[16f])76i140i144i148i152
0x00d82ccc	CaveTroll	instance	setPath:type:goalInteraction:extraData:	v24@0:4@8i12i16@20
0x00d832f0	CaveTroll	instance	worldChanged:	v12@0:4^{vector<intpair, std::__1::allocator<intpair> >=^{?}^{?}{__compressed_pair<intpair *, std::__1::allocator<intpair> >=^{?}}}8
0x00d83308	CaveTroll	instance	worldContentsChanged:	v12@0:4^{vector<intpair, std::__1::allocator<intpair> >=^{?}^{?}{__compressed_pair<intpair *, std::__1::allocator<intpair> >=^{?}}}8
0x00d83320	CaveTroll	instance	infoForPathRecalculation	@8@0:4
0x00d839f0	CaveTroll	instance	setWaitingForPathToPos:	v16@0:4{?=ii}8
0x00d83a64	CaveTroll	instance	setNoLongerWaitingForPath	v8@0:4
0x00d83aa4	CaveTroll	instance	waitingForPath	c8@0:4
0x00d83ae0	CaveTroll	instance	crouching	c8@0:4
0x00d83b68	CaveTroll	instance	falling	c8@0:4
0x00d83c24	CaveTroll	instance	maxHealth	S8@0:4
0x00d83c40	CaveTroll	instance	tapIsWithinBodyRadius:	c16@0:4{Vector2=[2f]}8
0x00d84080	CaveTroll	instance	canCrawl	c8@0:4
0x00d8409c	CaveTroll	instance	renderPos	{Vector2=[2f]}8@0:4
0x00d84118	CaveTroll	instance	reactToBeingHit	v8@0:4
0x00d842ac	CaveTroll	instance	hitWithForce:blockhead:	v16@0:4i8@12
0x00d846a8	CaveTroll	instance	blockheadUnloaded:	v12@0:4@8
0x00d8487c	CaveTroll	instance	canFly	c8@0:4
0x00d84898	CaveTroll	instance	canBeCapturedByBlockhead:withItemType:	c16@0:4@8i12
0x00d848bc	CaveTroll	instance	cantBeCapturedTipStringForBlockhead:withItemType:	@16@0:4@8i12
0x00d849a0	CaveTroll	instance	namePos	{Vector2=[2f]}8@0:4
0x00d84a4c	CaveTroll	instance	reactToBeingFed	v8@0:4
0x00d84c6c	CaveTroll	instance	riderPosForBlockhead:	{Vector=[4f]}12@0:4@8
0x00d84ccc	CaveTroll	instance	cameraPosForBlockhead:	{Vector2=[2f]}12@0:4@8
0x00d84d58	CaveTroll	instance	riderBodyYRotationForBlockhead:	f12@0:4@8
0x00d84d9c	CaveTroll	instance	setTargetVelocity:	v16@0:4{Vector2=[2f]}8
0x00d84df0	CaveTroll	instance	rideDirection	i8@0:4
0x00d84ee8	CaveTroll	instance	addRider:	v12@0:4@8
0x00d84fe8	CaveTroll	instance	removeRider:	v12@0:4@8
0x00d850f4	CaveTroll	instance	blockheadCanRide:usingItem:	c16@0:4@8i12
0x00d851dc	CaveTroll	instance	jumpsOnSwipe	c8@0:4
0x00d851f8	CaveTroll	instance	riderRidesWithArmsDown	c8@0:4
0x00d85214	CaveTroll	instance	riderDPadShouldAllowUpDown	c8@0:4
0x00d85230	CaveTroll	instance	suffersDamageAtHighTemperatures	c8@0:4
0x00d8524c	CaveTroll	instance	riderDPadShouldGiveDiscreteValues	c8@0:4
0x00d85268	CaveTroll	instance	nextPos	{?=ii}8@0:4
0x00d852c8	CaveTroll	instance	pathNeedsRecalculated	c8@0:4
0x00d85304	CaveTroll	instance	setPathNeedsRecalculated:	v12@0:4c8
0x00d85348	CaveTroll	instance	selectedToolIndex	i8@0:4
0x00d85380	CaveTroll	instance	setSelectedToolIndex:	v12@0:4i8
0x00d853c0	CaveTroll	instance	.cxx_construct	@8@0:4
0x00d85a94	TradePortalBuySellButton	instance	initWithFrame:cache:windowInfo:title:listedPrice:listedCount:itemType:usageMultiplier:	@52@0:4{CGRect={CGPoint=ff}{CGSize=ff}}8@24^{WindowInfo=ffffffff}28@32i36i40i44f48
0x00d85c54	TradePortalBuySellButton	instance	listedPrice	i8@0:4
0x00d85c90	TradePortalBuySellButton	instance	setListedPrice:	v12@0:4i8
0x00d85cd4	TradePortalBuySellButton	instance	itemType	i8@0:4
0x00d85d10	TradePortalBuySellButton	instance	setItemType:	v12@0:4i8
0x00d85d54	TradePortalBuySellButton	instance	listedCount	i8@0:4
0x00d85d90	TradePortalBuySellButton	instance	setListedCount:	v12@0:4i8
0x00d85dd4	TradePortalBuySellButton	instance	usageMultiplier	f8@0:4
0x00d85e1c	TradePortalBuySellButton	instance	setUsageMultiplier:	v12@0:4f8
0x00d85ecc	ParticleEmitter	class	instance	@8@0:4
0x00d85f98	ParticleEmitter	instance	init	@8@0:4
0x00d86dec	ParticleEmitter	instance	setWorld:	v12@0:4@8
0x00d86e30	ParticleEmitter	instance	reset	v8@0:4
0x00d87034	ParticleEmitter	instance	addParticleAtPos:velocity:color:gravityType:life:scale:	v68@0:4{Vector=[4f]}8{Vector=[4f]}24{Vector=[4f]}40i56f60f64
0x00d87268	ParticleEmitter	instance	addParticleAtPos:velocity:color:gravityType:life:scale:center:	v84@0:4{Vector=[4f]}8{Vector=[4f]}24{Vector=[4f]}40i56f60f64{Vector=[4f]}68
0x00d8753c	ParticleEmitter	instance	addElectricityParticleWithPath:size:	v24@0:4{vector<ElectrictyParticlePathIndex, std::__1::allocator<ElectrictyParticlePathIndex> >=^{ElectrictyParticlePathIndex}^{ElectrictyParticlePathIndex}{__compressed_pair<ElectrictyParticlePathIndex *, std::__1::allocator<ElectrictyParticlePathIndex> >=^{ElectrictyParticlePathIndex}}}8f20
0x00d876b0	ParticleEmitter	instance	doAddElectricityParticleWithPath:size:	v24@0:4{vector<ElectrictyParticlePathIndex, std::__1::allocator<ElectrictyParticlePathIndex> >=^{ElectrictyParticlePathIndex}^{ElectrictyParticlePathIndex}{__compressed_pair<ElectrictyParticlePathIndex *, std::__1::allocator<ElectrictyParticlePathIndex> >=^{ElectrictyParticlePathIndex}}}8f20
0x00d87b8c	ParticleEmitter	instance	addParticleAtPos:velocity:color:gravityType:life:scale:center:connectionGoal:	v100@0:4{Vector=[4f]}8{Vector=[4f]}24{Vector=[4f]}40i56f60f64{Vector=[4f]}68{Vector=[4f]}84
0x00d88284	ParticleEmitter	instance	addBonusParticleAtPos:color:bonusMultiplier:	v44@0:4{Vector=[4f]}8{Vector=[4f]}24i40
0x00d88670	ParticleEmitter	instance	renderAndUpdate:pinchScale:projectionMatrix:modelViewMatrix:cameraMinXWorld:cameraMaxXWorld:cameraMinYWorld:cameraMaxYWorld:windMovement:	v164@0:4f8f12(_GLKMatrix4={?=ffffffffffffffff}[16f])16(_GLKMatrix4={?=ffffffffffffffff}[16f])80i144i148i152i156f160
0x00d8cc3c	ParticleEmitter	instance	stopAllParticles	c8@0:4
0x00d8cc78	ParticleEmitter	instance	setStopAllParticles:	v12@0:4c8
0x00d8ccbc	ParticleEmitter	instance	worldWidthMacro	i8@0:4
0x00d8ccf8	ParticleEmitter	instance	setWorldWidthMacro:	v12@0:4i8
0x00d8d4b8	SnowSurfaceBlock	instance	initSubDerivedItems	v8@0:4
0x00d8d5c4	SnowSurfaceBlock	instance	objectType	i8@0:4
0x00d8d5e0	SnowSurfaceBlock	instance	initWithWorld:dynamicWorld:atPosition:cache:	@28@0:4@8@12{?=ii}16@24
0x00d8d89c	SnowSurfaceBlock	instance	initWithWorld:dynamicWorld:saveDict:cache:	@24@0:4@8@12@16@20
0x00d8d9b8	SnowSurfaceBlock	instance	dealloc	v8@0:4
0x00d8da7c	SnowSurfaceBlock	instance	getSaveDict	@8@0:4
0x00d8dab8	SnowSurfaceBlock	instance	removeFromMacroBlock	v8@0:4
0x00d8db28	SnowSurfaceBlock	instance	updateInTimeSinceSaved	v8@0:4
0x00d8e530	SnowSurfaceBlock	instance	update:accurateDT:isSimulation:	v20@0:4f8f12c16
0x00d8fb80	SnowSurfaceBlock	instance	updateRain:dt:	v16@0:4f8f12
0x00d903b8	SnowSurfaceBlock	instance	spreadGrass:tile:	v16@0:4^{Tile=CCCCCCCCCCCCCSSSsCISSSSSQ[8S]}8^{Tile=CCCCCCCCCCCCCSSSsCISSSSSQ[8S]}12
0x00d90a4c	SnowSurfaceBlock	instance	updateGroundFrozen:tile:	v16@0:4^{Tile=CCCCCCCCCCCCCSSSsCISSSSSQ[8S]}8^{Tile=CCCCCCCCCCCCCSSSsCISSSSSQ[8S]}12
0x00d90e84	SnowSurfaceBlock	instance	updateSnowContent:tile:	v16@0:4c8^{Tile=CCCCCCCCCCCCCSSSsCISSSSSQ[8S]}12
0x00d911d8	SnowSurfaceBlock	instance	removeAllSnow	v8@0:4
0x00d913d4	SnowSurfaceBlock	instance	removeIfFloating	c8@0:4
0x00d91588	SnowSurfaceBlock	instance	worldChanged:	v12@0:4^{vector<intpair, std::__1::allocator<intpair> >=^{?}^{?}{__compressed_pair<intpair *, std::__1::allocator<intpair> >=^{?}}}8
0x00d918d8	SnowSurfaceBlock	instance	setNeedsRemoved:	v12@0:4c8
0x00d919a0	SnowSurfaceBlock	instance	partialContent	f8@0:4
0x00d919e8	SnowSurfaceBlock	instance	setPartialContent:	v12@0:4f8
0x00d98d78	DrawCube	instance	initWithWidth:height:depth:topMinS:topMaxS:topMinT:topMaxT:sideMinS:sideMaxS:sideMinT:sideMaxT:calculateNormals:	@56@0:4f8f12f16f20f24f28f32f36f40f44f48c52
0x00d98f18	DrawCube	instance	initWithWidth:height:depth:centerX:centerY:centerZ:topMinS:topMaxS:topMinT:topMaxT:sideMinS:sideMaxS:sideMinT:sideMaxT:calculateNormals:	@68@0:4f8f12f16f20f24f28f32f36f40f44f48f52f56f60c64
0x00d9abf0	DrawCube	instance	dealloc	v8@0:4
0x00d9acfc	DrawCube	instance	initWithWidth:height:depth:imageIndex:calculateNormals:	@28@0:4f8f12f16i20c24
0x00d9ae38	DrawCube	instance	initWithWidth:height:depth:calculateNormals:	@24@0:4f8f12f16c20
0x00d9af30	DrawCube	instance	initWithWidth:height:depth:centerX:centerY:centerZ:calculateNormals:	@36@0:4f8f12f16f20f24f28c32
0x00d9caa0	DrawCube	instance	initPyramidWithWidth:height:depth:centerX:centerY:centerZ:topMinS:topMaxS:topMinT:topMaxT:sideMinS:sideMaxS:sideMinT:sideMaxT:calculateNormals:topScale:rightScale:	@76@0:4f8f12f16f20f24f28f32f36f40f44f48f52f56f60c64f68f72
0x00d9e9c8	DrawCube	instance	initMultiTextureWithWidth:height:depth:centerX:centerY:centerZ:topTexCoords:sideTexCoords:topTexCoordsB:sideTexCoordsB:calculateNormals:useBoxTexCoordsForB:	@104@0:4f8f12f16f20f24f28{CGRect={CGPoint=ff}{CGSize=ff}}32{CGRect={CGPoint=ff}{CGSize=ff}}48{CGRect={CGPoint=ff}{CGSize=ff}}64{CGRect={CGPoint=ff}{CGSize=ff}}80c96c100
0x00da1778	DrawCube	instance	draw	v8@0:4
0x00da192c	DrawCube	instance	cubeDebugDescription	@8@0:4
0x00da1ab4	DrawCube	class	fillBuffer:fromIndex:matrix:width:height:depth:centerX:centerY:centerZ:topMinS:topMaxS:topMinT:topMaxT:sideMinS:sideMaxS:sideMinT:sideMaxT:macroWorldX:macroWorldY:	v144@0:4^f8i12(_GLKMatrix4={?=ffffffffffffffff}[16f])16f80f84f88f92f96f100f104f108f112f116f120f124f128f132i136i140
0x00da1f38	DrawCube	class	fillBuffer:fromIndex:matrix:width:height:depth:centerX:centerY:centerZ:topMinS:topMaxS:topMinT:topMaxT:sideMinS:sideMaxS:sideMinT:sideMaxT:macroWorldX:macroWorldY:paintColor:	v160@0:4^f8i12(_GLKMatrix4={?=ffffffffffffffff}[16f])16f80f84f88f92f96f100f104f108f112f116f120f124f128f132i136i140{Vector=[4f]}144
0x00da6608	DrawCube	class	fillCylinderBuffer:fromIndex:matrix:radius:height:centerX:centerY:centerZ:topMinS:topMaxS:topMinT:topMaxT:sideMinS:sideMaxS:sideMinT:sideMaxT:macroWorldX:macroWorldY:paintColor:	v156@0:4^f8i12(_GLKMatrix4={?=ffffffffffffffff}[16f])16f80f84f88f92f96f100f104f108f112f116f120f124f128i132i136{Vector=[4f]}140
0x00dabaac	DrawCube	instance	luminous	c8@0:4
0x00dabae8	DrawCube	instance	setLuminous:	v12@0:4c8
0x00dac4a4	GKImagePicker	instance	initWithSourceType:	@12@0:4i8
0x00dac730	GKImagePicker	instance	dealloc	v8@0:4
0x00dac850	GKImagePicker	instance	_hideController	v8@0:4
0x00daca34	GKImagePicker	instance	imagePickerControllerDidCancel:	v12@0:4@8
0x00dacb5c	GKImagePicker	instance	navigationController:willShowViewController:animated:	v20@0:4@8@12c16
0x00dacbfc	GKImagePicker	instance	imagePickerController:didFinishPickingMediaWithInfo:	v16@0:4@8@12
0x00dacdac	GKImagePicker	instance	imageCropController:didFinishWithCroppedImage:	v16@0:4@8@12
0x00dacf20	GKImagePicker	instance	cropSize	{CGSize=ff}8@0:4
0x00dacf68	GKImagePicker	instance	setCropSize:	v16@0:4{CGSize=ff}8
0x00dacfbc	GKImagePicker	instance	delegate	@8@0:4
0x00dacff8	GKImagePicker	instance	setDelegate:	v12@0:4@8
0x00dad03c	GKImagePicker	instance	resizeableCropArea	c8@0:4
0x00dad078	GKImagePicker	instance	setResizeableCropArea:	v12@0:4c8
0x00dad0bc	GKImagePicker	instance	imagePickerController	@8@0:4
0x00dad0f8	GKImagePicker	instance	setImagePickerController:	v12@0:4@8
0x00dad1a8	FreeOfferUI	instance	reloadUI	v8@0:4
0x00dae598	FreeOfferUI	instance	initWithTCUIDelegate:tcUI:windowInfo:cache:	@24@0:4@8@12^{WindowInfo=ffffffff}16@20
0x00daee54	FreeOfferUI	instance	dealloc	v8@0:4
0x00daf09c	FreeOfferUI	instance	windowInfoChanged:	v12@0:4^{WindowInfo=ffffffff}8
0x00daf1c0	FreeOfferUI	instance	render:	v12@0:4f8
0x00daff70	FreeOfferUI	instance	touchIsInViewAtAll:	c16@0:4{CGPoint=ff}8
0x00dafff0	FreeOfferUI	instance	touchIsInUI:	c16@0:4{CGPoint=ff}8
0x00db0070	FreeOfferUI	instance	startTouch:tapCount:	c20@0:4{CGPoint=ff}8i16
0x00db0220	FreeOfferUI	instance	moveTouch:	v16@0:4{CGPoint=ff}8
0x00db0384	FreeOfferUI	instance	endTouch:	v16@0:4{CGPoint=ff}8
0x00db04e8	FreeOfferUI	instance	buyButton:	v12@0:4@8
0x00db0500	FreeOfferUI	instance	exitButton:	v12@0:4@8
0x00db0568	FreeOfferUI	instance	likeButton:	v12@0:4@8
0x00db083c	FreeOfferUI	instance	watchButton:	v12@0:4@8
0x00db094c	FreeOfferUI	instance	incentivizedVideoViewComplete:	v12@0:4c8
0x00db09d4	FreeOfferUI	instance	.cxx_construct	@8@0:4
0x00db0b18	CPCache	instance	init	@8@0:4
0x00db0c94	CPCache	instance	dealloc	v8@0:4
0x00db0d94	CPCache	instance	textureNamed:withAlpha:	@16@0:4@8@12
0x00db10a8	CPCache	instance	textureNamed:	@12@0:4@8
0x00db1364	CPCache	instance	textureNamed:mipmap:	@16@0:4@8c12
0x00db1624	CPCache	instance	shaderNamed:attributes:uniforms:	@20@0:4@8@12@16
0x00db1a20	CPCache	instance	purge	v8@0:4
0x00db1ac0	CPCache	instance	changeHDTextures:	v12@0:4c8
0x00db1e90	WirePathCreator	instance	initWithWorld:	@12@0:4@8
0x00db1f84	WirePathCreator	instance	dealloc	v8@0:4
0x00db20b4	WirePathCreator	instance	tileDerivedPropertiesAtWorldIndex:	^{WirePathTileProperties=iii}12@0:4i8
0x00db2690	WirePathCreator	instance	findAndSubtractAllPowerUpTo:forUser:	i16@0:4S8@12
0x00db5454	WirePathCreator	instance	.cxx_destruct	v8@0:4
0x00db549c	WirePathCreator	instance	.cxx_construct	@8@0:4
0x00db5668	MapleTree	instance	objectType	i8@0:4
0x00db5684	MapleTree	instance	fruitItemType	i8@0:4
0x00db56a0	MapleTree	instance	fruitShouldFallInSeason:	c12@0:4i8
0x00db56d0	MapleTree	instance	initWithWorld:dynamicWorld:atPosition:cache:maxHeight:growthRate:treeDensityNoiseFunction:seasonOffsetNoiseFunction:adultTree:adultMaxAge:	@52@0:4@8@12{?=ii}16@24s28s32@36@40c44f48
0x00db5fb4	MapleTree	instance	initWithWorld:dynamicWorld:saveDict:cache:treeDensityNoiseFunction:seasonOffsetNoiseFunction:	@32@0:4@8@12@16@20@24@28
0x00db60ac	MapleTree	instance	getSaveDict	@8@0:4
0x00db6128	MapleTree	instance	updateGrowth:	v12@0:4c8
0x00db8010	MapleTree	instance	makeTileDead:	v12@0:4^{Tile=CCCCCCCCCCCCCSSSsCISSSSSQ[8S]}8
0x00db8078	MapleTree	instance	update:accurateDT:isSimulation:	v20@0:4f8f12c16
0x00db879c	MapleTree	instance	treeType	i8@0:4
0x00db87b8	MapleTree	instance	tileIsKindOfSelf:	c12@0:4^{Tile=CCCCCCCCCCCCCSSSsCISSSSSQ[8S]}8
